symbol,n,censor_rate,omega_n,alpha_n,beta_n,ll_n,ok_n,omega_c,alpha_c,beta_c,ll_c,ok_c,omega_l,alpha_l,beta_l,ll_l,ok_l,alpha_gap,alpha_gap_partial,at_boundary,error
786,1736,0.05069124423963134,8.317723985629516e-06,0.14348255996548318,0.8565174400343529,3459.213656831206,True,1.2546910135139727e-05,0.16334348075409566,0.8366565192456115,3134.4642812330485,True,1.1109551086110906e-05,0.15954605782210918,0.8404539421777903,3124.0529546054026,True,0.016063497856626002,0.019860920788612485,True,
AABS,2024,0.02865612648221344,2.42315392655171e-05,0.12113205703059485,0.8424970815119819,4755.023241813947,True,2.323325639808897e-05,0.14379887903887284,0.8346588478119483,4503.809268612323,True,2.6369217766786826e-05,0.1318998195515177,0.8322278684286093,4505.077653324206,True,0.010767762520922847,0.022666822008277993,False,
AATM,663,0.12368024132730016,0.0006628441614141486,0.3019966698067953,0.4288748307912026,1109.2628136165927,True,0.000749550315560699,0.6572033916906737,0.34279660830923886,859.1657915817425,True,0.0008102224854374038,0.5490971210144193,0.29968823249093457,890.7156691711673,True,0.24710045120762403,0.35520672188387836,False,
ABL,2417,0.005378568473314025,3.271934735149627e-05,0.12728386350038123,0.7607663771982802,6574.645920806083,True,3.4207297368887225e-05,0.13841103700146679,0.749069048600802,6508.972626497546,True,3.456292268617314e-05,0.1347175773641448,0.749398966704917,6508.608048562802,True,0.007433713863763569,0.011127173501085552,False,
ABOT,2412,0.010364842454394693,4.890033963162827e-05,0.13603758125212198,0.7391797396085593,6185.632362745437,True,5.022814315247945e-05,0.14919464998348925,0.730379402737261,6061.763466884767,True,5.307585955305661e-05,0.14476262119343541,0.7236427305319912,6061.1296908075665,True,0.008725039941313434,0.013157068731367266,False,
ACPL,2453,0.025275173257236036,3.691218829102103e-05,0.1451533612046813,0.7897551171354131,5931.33102150384,True,3.782563843516809e-05,0.17873312161059615,0.7724834110058023,5656.195864488367,True,4.2809932779842085e-05,0.16698935531692938,0.7644596360165277,5656.207656370323,True,0.02183599411224807,0.033579760405914844,False,
ADAMS,2074,0.0703953712632594,0.00025364767030501675,0.16111844841122375,0.5884214647348971,4258.640015761105,True,0.0002716127923570568,0.2331985380318915,0.5682688317935001,3657.161920523662,True,0.000260642100139442,0.18373977938304206,0.5969436182690588,3661.806832775448,True,0.022621330971818315,0.07208008962066775,False,
ADMM,1964,0.060590631364562116,7.069276079020265e-05,0.152379834659777,0.7634759813501859,4329.7490437643855,True,6.942912754511222e-05,0.21389749989562679,0.7476501608805587,3830.5131169057295,True,8.853459936872116e-05,0.1892567449220206,0.7238722196707008,3834.198735132355,True,0.0368769102622436,0.06151766523584978,False,
ADOS,918,0.19934640522875818,0.00025248352300017926,0.21284187060147375,0.6248437023289148,1697.164838106064,True,0.00048039914149181843,0.5753267085070257,0.42467329149294697,1030.7387551910638,True,0.00059945474095567,0.41784745015548835,0.36487869872798484,1042.301692686858,True,0.2050055795540146,0.36248483790555197,False,
AGHA,1459,0.013022618231665525,7.604241385944773e-05,0.1303108431495082,0.771836084310338,3260.3059594632045,True,9.020019300112333e-05,0.1597029037850013,0.7345083026869323,3176.582053334189,True,0.00011227926777425373,0.16473511261202461,0.6955081562610772,3177.225899263596,True,0.03442426946251642,0.0293920606354931,False,
AGIC,2080,0.019230769230769232,6.838556906551096e-05,0.14263765871458106,0.7518631088589429,4812.727827380058,True,7.066462056927626e-05,0.16811427562928133,0.7368040545524963,4634.264119415555,True,7.254320284443851e-05,0.15313201909323482,0.7407982831349024,4633.091805704076,True,0.010494360378653755,0.025476616914700267,False,
AGIL,2168,0.03413284132841329,0.00014323211808229034,0.14178255458673378,0.657934165753282,4850.064398801496,True,0.0001833926214301093,0.18956664945976856,0.5865501040152329,4519.014919561766,True,0.00020221120992435927,0.17872532633897065,0.5604339595284835,4520.1880410026415,True,0.03694277175223687,0.04778409487303478,False,
AGL,2475,0.030303030303030304,0.00011154134208640905,0.13004658517393547,0.8119721206222728,4556.807907157434,True,0.00011295078191256899,0.15308180876154717,0.8048933272490835,4248.102869693789,True,0.00012807792084040424,0.14014698606450032,0.7981971258113432,4243.544368932986,True,0.010100400890564853,0.023035223587611703,False,
AGP,2111,0.02700142112742776,6.391791109510135e-05,0.12183983449063832,0.7639175495844162,5006.565352679441,True,6.823231750508596e-05,0.14547578223946256,0.7488324172367009,4738.842040284205,True,7.100350803498229e-05,0.13265161094457173,0.748560473791992,4739.624359564357,True,0.010811776453933414,0.023635947748824243,False,
AGSML,1964,0.0274949083503055,0.0001777558683909581,0.17198545187000874,0.7681844657342152,3296.422685019111,True,0.00020805395191665434,0.210126261368184,0.7387882139147566,3084.7365116757364,True,0.0002571409601351406,0.19726996282288078,0.7173823246714577,3080.1497624331178,True,0.02528451095287204,0.03814080949817525,False,
AGTL,2441,0.021712412945514133,3.041796472384694e-05,0.13594976053653224,0.7945958407988163,6230.584830212749,True,3.203742336654079e-05,0.16581472022968047,0.7767258408109866,5979.784106107793,True,3.712760587074301e-05,0.15614061355447956,0.764892987298914,5978.940531786958,True,0.02019085301794732,0.02986495969314823,False,
AHCL,2312,0.022923875432525952,5.123483367414184e-05,0.12140144136647713,0.7930564617001983,5419.250907966069,True,5.337247240601749e-05,0.1436589268753331,0.7801064472345051,5183.726234967311,True,5.9958791274945575e-05,0.13882500331200207,0.7674174613234269,5185.665910514972,True,0.01742356194552494,0.02225748550885598,False,
AHL,2447,0.0469963220269718,9.276901781409396e-05,0.159982591773456,0.6982362141754712,5628.474964887718,True,9.514360473368086e-05,0.21720274620151542,0.6783752999006674,5132.607254624645,True,0.00010726389522799654,0.1982433768280283,0.6602855775669527,5141.084904626704,True,0.03826078505457231,0.05722015442805942,False,
AICL,2442,0.014742014742014743,8.006787601029888e-05,0.17014317537035867,0.676328568931272,5914.220830529499,True,8.246145108161055e-05,0.19484503360014055,0.6616359223317128,5746.279783037816,True,8.546644069632446e-05,0.18505669414590498,0.658865975212885,5743.868523833965,True,0.014913518775546308,0.02470185822978188,False,
AIRLINK,1239,0.03066989507667474,0.00012733439632903084,0.20355122475857884,0.6572496009148356,2687.325805794327,True,0.00012184539724656231,0.2586430546678957,0.6455895854720691,2529.2860864421145,True,0.00013281825415160914,0.2341806853561596,0.6384933446669943,2529.333179695313,True,0.03062946059758076,0.05509182990931688,False,
AKBL,2467,0.011755168220510741,3.1694174325494746e-05,0.12457409922595472,0.8030908360422271,6248.200780891401,True,3.2646993754499885e-05,0.13129356047300084,0.7995611444737256,6099.917681697852,True,3.3194500380818324e-05,0.12657359239714197,0.7998623458806311,6097.202631177332,True,0.00199949317118725,0.006719461247046116,False,
AKDHL,1110,0.055855855855855854,0.00011194342810962919,0.13127447257999603,0.7656955839148997,2262.3371753489037,True,0.00013471606114632387,0.2033158168493187,0.7165771454348071,2012.4349618719632,True,0.0002554207179346282,0.2385796268895217,0.566156934513015,2019.4299549483746,True,0.10730515430952567,0.07204134426932268,False,
AKDSL,1669,0.05632115038945476,2.8736353449234172e-05,0.09831467671484628,0.8897543944316766,2902.167642329141,True,3.0697633051411145e-05,0.11826619256909143,0.8817338074307373,2543.5163138540147,True,3.131487259729698e-05,0.09972548421031244,0.8893397367616456,2542.46344098013,True,0.0014108074954661542,0.01995151585424515,False,
AKGL,948,0.12974683544303797,9.114860064027553e-05,0.1012299080316802,0.8568656481378867,1597.6397092295797,True,0.00010066825416553987,0.1581119376004954,0.8418880623994924,1168.2833295175883,True,0.0001474826863374498,0.1510492906810999,0.8008878761354181,1177.6556923269845,True,0.04981938264941971,0.05688202956881522,False,
ALAC,1540,0.03961038961038961,7.571350960610784e-05,0.10512651540676432,0.8639430710866487,2610.4037350957424,True,8.610929035070055e-05,0.13528060465863162,0.8443794333996911,2382.384348761869,True,0.00011340986312239364,0.13143949364216462,0.8265959413644215,2385.796640884577,True,0.026312978235400297,0.0301540892518673,False,
ALIFE,989,0.030333670374115267,0.00010569151513435378,0.13066133782511666,0.7842229291561267,1948.3716322794985,True,0.00010142737192211118,0.1539919502384905,0.7804204210936321,1827.6960527586634,True,0.00012442235145931652,0.15037395207249846,0.7569571901318165,1828.0009363949052,True,0.0197126142473818,0.023330612413373836,False,
ALNRS,1473,0.10454854039375425,2.1046926637879595e-05,0.05576108262459581,0.9291959789433943,2795.8223063007827,True,2.3545624330479143e-05,0.08180689877263467,0.9181931012273556,2212.676456862733,True,2.2483142851429268e-05,0.06135888625642184,0.9260021028053306,2219.5499590657,True,0.005597803631826034,0.02604581614803886,False,
ALTN,1986,0.04934541792547835,8.804959877593263e-05,0.1581254844767661,0.7285060135563084,4415.42436148592,True,8.611645786551474e-05,0.2050593296663934,0.7203832988306351,3998.6287068666034,True,9.997144743713557e-05,0.18637974033326715,0.7026152459864341,4005.6469398797553,True,0.028254255856501043,0.04693384518962729,False,
AMBL,1271,0.06923682140047208,8.622544846297941e-05,0.13156369431428092,0.8401369703553279,2044.2239077563518,True,0.00019571633940740346,0.23704665303878097,0.7391497779717864,1728.6051585313253,True,0.00022334996232024556,0.19868395050464155,0.7362688626386347,1728.1266136711172,True,0.06712025619036063,0.10548295872450006,False,
AMTEX,1425,0.005614035087719298,0.00021157022680419604,0.29221875436723566,0.7077812452988109,2290.533974154806,True,0.0002171032303880144,0.29618577235900867,0.7038142276399677,2271.527109674132,True,0.00023165491362167937,0.29823350890049644,0.6942523716022959,2263.7861248649856,True,0.00601475453326078,0.003967017991773014,True,
ANL,2476,0.029079159935379646,0.00010474552157782629,0.15749963486801424,0.7448635831104701,5127.17758218426,True,0.00010135871624540932,0.18906093679873753,0.7380906748842201,4825.910155729343,True,0.00010673243192085347,0.1717047520378609,0.7383861036136836,4825.495326117307,True,0.014205117169846654,0.03156130193072329,False,
ANSM,1029,0.13022351797862003,0.0002747822468126173,0.20598354924901932,0.6534587612283794,1809.8429298728981,True,0.0003972858574332964,0.4142766833531787,0.543060643153522,1330.8893632005982,True,0.00046500224324712617,0.36286877851876986,0.49008956222079164,1349.8569239407868,True,0.15688522926975054,0.20829313410415937,False,
ANTM,718,0.12395543175487465,0.000641692529401075,0.18794068533240954,0.5702111085005801,1130.506024085713,True,0.0007984121850080941,0.38395301642455093,0.487590109359093,820.7065463487626,True,0.001058622539418485,0.3312149842686317,0.38781761240286783,826.6470250418656,True,0.14327429893622218,0.1960123310921414,False,
APL,2468,0.007293354943273906,3.476193947963701e-05,0.16535075862704568,0.7253525307626534,6659.305363506202,True,3.660471241880605e-05,0.1826827526431108,0.7094092596284416,6572.689099676544,True,3.804855701954151e-05,0.17865844405648346,0.7051129515077806,6572.232009938898,True,0.013307685429437777,0.01733199401606511,False,
ARCTM,1292,0.12616099071207432,6.70829025479786e-05,0.21922093751783805,0.780779062481046,2050.5340820999204,True,0.0001209061736024116,0.25619760338138753,0.7438023966184699,1517.7639285732857,True,9.041214657811293e-05,0.2445558585653817,0.755444141434392,1526.7738369968704,True,0.025334921047543646,0.036976665863549474,True,
ARPL,2374,0.011794439764111205,2.4065241483009778e-05,0.09445896529328358,0.8380607385466623,6212.135166231644,True,2.3806909567947546e-05,0.10316786809353795,0.8355580019846656,6073.534782168093,True,2.5436035918664485e-05,0.09990185021422326,0.8312217649664941,6073.002853710459,True,0.005442884920939681,0.008708902800254367,False,
ARUJ,1204,0.16196013289036545,0.00011492292900309537,0.17520785534773398,0.7791878889150559,2037.1919761513325,True,0.00022317886575947082,0.3070756880397316,0.6929243119601669,1351.8717839403205,True,0.00022526444709623772,0.2577974601469808,0.6862105064019102,1359.4069483879912,True,0.08258960479924682,0.13186783269199764,False,
ASC,2473,0.034775576223210675,0.0001567052288245576,0.2149653256845051,0.6181024008488836,5306.159338003364,True,0.00016715473564353256,0.26876772766055623,0.5923345825442606,4944.350234845624,True,0.00019040968000702015,0.25435850956155004,0.5637745963149117,4944.8638200993755,True,0.039393183877044935,0.05380240197605113,False,
ASHT,1140,0.1631578947368421,0.00023801856105040036,0.1772591748815307,0.7559551193014766,1678.5886573555963,True,0.0005024229182802435,0.3974443574958568,0.6025556425036822,1077.6873628654187,True,0.00046359846115439366,0.28811482879073,0.633421480039259,1081.2286113732282,True,0.11085565390919933,0.22018518261432612,False,
ASL,2476,0.023021001615508886,7.175572612605628e-05,0.09695231076407135,0.8173568978469011,5336.675602160046,True,6.307087525026407e-05,0.10603611321662124,0.8279665758245942,5087.300340944845,True,6.9647052405775e-05,0.10048214156427973,0.8210370627062165,5087.773781991875,True,0.0035298308002083834,0.009083802452549888,False,
ASTL,2471,0.04734925131525698,9.466636125087248e-05,0.1584325207056692,0.7225101018790006,5460.866868235092,True,0.00010275437517519633,0.21863370670573978,0.6907519096663839,4959.245869166044,True,0.00011904954430863426,0.19362041739063623,0.6749156707904641,4960.3267198683325,True,0.035187896684967024,0.06020118600007057,False,
ASTM,2016,0.10615079365079365,0.0002238045237371376,0.1478628163407724,0.7741096467412334,3147.861721263386,True,0.00019716332632152734,0.24110827767280552,0.7588917223262732,2430.8979650635692,True,0.00032396295675111915,0.22357905059070032,0.6977888477442982,2455.1176513789883,True,0.07571623424992793,0.09324546133203312,False,
ATBA,2402,0.06411323896752706,9.323967374190837e-05,0.14155454389647182,0.723675749186939,5455.088912704585,True,0.00010327528336304188,0.20733149846416055,0.695604083282237,4783.480072292441,True,0.00011892461304363277,0.18707174370877955,0.6712582987876644,4796.39034274176,True,0.04551719981230773,0.06577695456768873,False,
ATIL,1961,0.01631820499745028,2.5756807224830547e-05,0.1649302729510434,0.7859246647029781,4989.940386755887,True,2.8616966161876013e-05,0.20136465618752356,0.7584178783582003,4846.198787572313,True,3.159488948593868e-05,0.1909472383114709,0.7531022918594189,4848.255096369713,True,0.026016965360427496,0.036434383236480156,False,
ATLH,2167,0.014766958929395477,0.00010813078490524518,0.20855359015741634,0.5757455843335568,5313.218740353423,True,0.00011829517283948527,0.23724891279272717,0.5444322478685809,5159.999539146835,True,0.00012321991177814277,0.22706280907078377,0.536413776195422,5157.454941134569,True,0.01850921891336743,0.028695322635310827,False,
ATRL,2471,0.04330230675839741,4.1287000828535726e-05,0.12463037324076438,0.8293312393414902,5403.06039107228,True,4.180152591670026e-05,0.15887447972950325,0.8153232238053199,4950.266014928486,True,4.8070124630006773e-05,0.13891768638669982,0.8135836164296096,4951.590585990931,True,0.01428731314593544,0.034244106488738865,False,
AVN,2465,0.05354969574036511,5.196959835326738e-05,0.13388098202325033,0.8026797426446883,5454.413625267647,True,5.9015708778553986e-05,0.19551276393737388,0.7666064600391771,4896.547312752479,True,6.810769837974567e-05,0.16671942641198773,0.7623029720863551,4895.616706282711,True,0.0328384443887374,0.06163178191412355,False,
BAFL,2469,0.008910490076954233,3.823909629922937e-05,0.13920581556881773,0.7598955824425385,6401.776870389576,True,4.031559103293342e-05,0.15530979362700964,0.7453023315972156,6293.588249454686,True,4.1351853966416994e-05,0.14994140429772398,0.7444522219667222,6292.334473208279,True,0.010735588728906259,0.016103978058191915,False,
BAHL,2469,0.0064803564196030785,2.048773952453762e-05,0.09593462752569464,0.8414420169406757,6571.193482962708,True,2.140080236856956e-05,0.10149397461593787,0.8356886987317367,6488.536681560906,True,2.189291689180612e-05,0.0994772164729715,0.8347303365534154,6488.849341832273,True,0.0035425889472768674,0.005559347090243236,False,
BAPL,1985,0.1269521410579345,9.740975455393296e-05,0.10698332402935154,0.8571872781254035,3165.0037228941205,True,0.00011061773423992323,0.15797925109422542,0.842020748905761,2283.1639419876124,True,0.00030495130604708825,0.200365570758892,0.7186057442450069,2296.7274646111687,True,0.09338224672954046,0.05099592706487388,False,
BATA,2014,0.022840119165839126,3.013851303566859e-05,0.16075440452777,0.788059185735765,4960.462453815617,True,3.2180748168721956e-05,0.19137911641554478,0.7702652780544224,4758.06402895953,True,3.1415627608522535e-05,0.17223367727966798,0.7795194983816554,4757.29257226317,True,0.011479272751897973,0.03062471188777477,False,
BBFL,533,0.020637898686679174,6.29248946994233e-05,0.13195237003835905,0.7929818946306756,1167.900316852474,True,0.00012503147563229305,0.2346751746071451,0.6458387008219564,1118.849113942286,True,0.00012834799646931788,0.21803547028658216,0.6467325029686402,1118.5937074596238,True,0.0860831002482231,0.10272280456878605,False,
BCL,2351,0.09017439387494683,0.00018419429429140097,0.1870286183819277,0.6546066083920734,4712.073506345603,True,0.00020048889894270578,0.2938484486459757,0.6194805217816,3872.1861060450256,True,0.0002395731865489894,0.24348090881503848,0.5937359368794028,3883.9108291965363,True,0.056452290433110786,0.10681983026404801,False,
BECO,1246,0.0521669341894061,9.862933756051961e-05,0.14292889381083335,0.7877057570482021,2425.213616810086,True,8.396683639692068e-05,0.2010854364634782,0.7788367091427489,2183.988311886067,True,0.00013218421326665,0.19015358848668149,0.7339501027776714,2192.953237062917,True,0.04722469467584814,0.05815654265264486,False,
BELA,752,0.14095744680851063,0.0010406175788615574,0.2752557918437156,0.3634272073721168,1178.6058759461007,True,0.001240076660213588,0.7567896781324284,0.23576931714418528,847.961296790254,True,0.0012409773407743652,0.5586827961478245,0.2323202947675057,879.5118302014541,True,0.28342700430410883,0.48153388628871274,False,
BERG,2278,0.0504828797190518,9.86893374217546e-05,0.17032185205635178,0.7038294839072554,5058.35959297754,True,0.00012040126968311506,0.2576838243388463,0.6401763073860449,4573.77181906478,True,0.00013716052750646504,0.22919719859078108,0.621918726748443,4580.833076230328,True,0.0588753465344293,0.08736197228249451,False,
BGL,2476,0.04240710823909531,0.00015284406105443366,0.15298816269024673,0.7419446867131692,4772.289767960782,True,0.00015401999249238532,0.18973310521181314,0.7341578546379315,4345.961233989244,True,0.00019355996056708572,0.18059391517711887,0.7004725711570412,4346.005647031094,True,0.027605752486872137,0.036744942521566404,False,
BHAT,1003,0.12163509471585245,7.352639702626137e-05,0.13223090914165483,0.8180388613886724,1928.0564357546218,True,9.352057423245297e-05,0.22356084198011283,0.7764391580197618,1467.2558291762969,True,7.347334814445186e-05,0.14870525675648638,0.8165290151809346,1470.3944034549093,True,0.016474347614831547,0.091329932838458,False,
BIFO,2402,0.028726061615320566,3.3133742305133996e-05,0.11929480856863597,0.8263443493746987,5697.041153222722,True,3.249986027147481e-05,0.14063566450420717,0.8202391482030045,5384.470811345318,True,3.589660373454796e-05,0.12845182991752552,0.817758443521794,5385.892248028115,True,0.009157021348889544,0.021340855935571196,False,
BILF,2089,0.04930588798468167,0.0008542104518592297,0.18578707350218046,0.636746568416027,2763.4845935996764,True,0.001239289790277285,0.26966313476663245,0.5240494583123658,2428.6066408742026,True,0.001420850401494669,0.2679589773961581,0.47291134614254243,2436.828976684148,True,0.08217190389397763,0.08387606126445199,False,
BIPL,2405,0.014553014553014554,0.00013758670435986913,0.1486007078256339,0.6442045046514189,5490.293659405027,True,0.00014362508082184158,0.16732474449787846,0.630385717964813,5324.375288606908,True,0.00015042515765380758,0.16086589064244225,0.6213614003276482,5323.679290414519,True,0.012265182816808357,0.018724036672244565,False,
BML,2473,0.003639304488475536,0.0004955443251731357,0.2765313976207346,0.46499592884267693,4518.351249070737,True,0.0004938509379952546,0.2850003542049008,0.4644263803728593,4481.568733248539,True,0.0004906965113868951,0.2813657496839905,0.4677957857072499,4482.021342669828,True,0.004834352063255887,0.008468956584166187,False,
BNL,1451,0.07236388697450034,4.0240746156936945e-05,0.09020821433741252,0.8661984285027369,3029.447987011399,True,2.9355963519141574e-05,0.12635931314167692,0.8666008620523011,2637.2394249098375,True,7.620802637503678e-05,0.1613596179838148,0.7758681674579249,2658.1348316129925,True,0.07115140364640227,0.0361510988042644,False,
BNWM,2039,0.05492888670917116,6.103774767361674e-05,0.1542168498793644,0.7867057693505815,4304.059238735128,True,6.671503928558114e-05,0.21595914929506374,0.7557633860612895,3853.4192936463382,True,8.100183688108272e-05,0.1885957113132144,0.7450197008980286,3857.5590446155056,True,0.034378861433849994,0.06174229941569934,False,
BOK,2193,0.015503875968992248,0.00013844092617678,0.2557669427042687,0.5775882532560606,4897.6772402352035,True,0.0001473395979418702,0.29143275745830954,0.5521351259461738,4753.301773615429,True,0.00016027876906619476,0.28381010973310006,0.5326801663367247,4753.52603889304,True,0.02804316702883136,0.03566581475404085,False,
BOP,2474,0.014955537590945837,5.4551280384993936e-05,0.16273639509613433,0.7681874362944507,5675.688474060216,True,5.362046024601237e-05,0.18314120666441108,0.7617905904845941,5515.472990897199,True,5.66863219132013e-05,0.1738571532433738,0.7593389274898827,5513.518827662181,True,0.011120758147239479,0.020404811568276754,False,
BPL,1945,0.08277634961439588,0.00012684372300512893,0.1798558470086336,0.7022230867660036,4001.1940362462205,True,0.00015193598257548773,0.28960387091873097,0.6461453533481778,3355.53669926751,True,0.00019584766382197235,0.24258185897556805,0.6107576472375906,3360.985851279806,True,0.06272601196693445,0.10974802391009736,False,
BRRG,726,0.01652892561983471,0.0003040132353198846,0.19260722359945992,0.5457623116547382,1449.3912333454693,True,0.00032430307679244986,0.22036800089324327,0.5200881255165992,1398.8557126174373,True,0.0003309716479480092,0.21120429678483799,0.5165483012290231,1398.9403465626174,True,0.018597073185378066,0.027760777293783345,False,
BTL,1396,0.10816618911174786,9.239635564396866e-05,0.13767557513482848,0.7994489061809267,2658.268757193829,True,0.00011445511078670101,0.24574702071913265,0.7488390003674177,2095.779485488935,True,0.0001233467448702334,0.18236400718725512,0.7554378318758745,2101.414213586274,True,0.044688432052426647,0.10807144558430418,False,
BUXL,1988,0.1493963782696177,0.00010635918621640592,0.17805269186532635,0.7489688780141058,3828.8796431776336,True,0.00014381163776374252,0.32093537419534446,0.6790646258045916,2755.154172681821,True,0.00013825361284854705,0.2551925955873642,0.6920330578445246,2795.5496821365664,True,0.07713990372203783,0.1428826823300181,False,
BWCL,2462,0.013403736799350122,3.378412712767029e-05,0.11602099891609823,0.794103027945263,6345.459575588129,True,3.425470323632169e-05,0.12673230061798488,0.7890651567852551,6183.957782590891,True,3.46781312223476e-05,0.12063249403188153,0.7905025701465179,6184.881818302264,True,0.004611495115783307,0.010711301701886652,False,
BWHL,1825,0.1178082191780822,2.7143783701303127e-05,0.10589939392358114,0.8772828074662309,3503.68011684059,True,7.692475260604416e-05,0.22800890386809858,0.7719910961318912,2700.667894574599,True,4.470792550314346e-05,0.14391944766529097,0.8367420855837389,2707.918818395061,True,0.03802005374170983,0.12210950994451744,False,
CASH,500,0.106,0.000422660991016221,0.12140353976057978,0.6995154198953675,810.4014317105,True,0.0004351431912673957,0.17940064107894926,0.7058019894925702,616.0774874608783,True,0.00039148814244402067,0.1436639371977478,0.7266714693438184,619.774090033268,True,0.022260397437168025,0.05799710131836948,False,
CCM,1036,0.12065637065637065,0.00027879208012694104,0.14318729569900462,0.6897691640302874,1876.616740493222,True,0.00044844347247360096,0.27084786007634054,0.5800960218538387,1404.7292439190846,True,0.0004515451229935268,0.21427885133696079,0.582049033555198,1411.2725164182996,True,0.07109155563795616,0.12766056437733592,False,
CENI,1542,0.04345006485084306,3.4598567110989215e-05,0.12011640572259857,0.8447063416835969,3317.9405214181506,True,4.315623916459757e-05,0.17369396734789616,0.8049928157957236,3040.1109585698423,True,3.285935379515984e-05,0.11846688961353338,0.8519356371014616,3037.7889755434226,True,-0.001649516109065191,0.05357756162529759,False,
CEPB,2457,0.035002035002035005,7.941360538969854e-05,0.11980342605686287,0.7591532906313112,5607.032129287954,True,8.60755691555324e-05,0.14948963501326967,0.7402299573826849,5220.394520123938,True,9.248907707417827e-05,0.13605916659183676,0.7341266003766517,5220.837925114918,True,0.01625574053497389,0.029686208956406807,False,
CFL,737,0.17096336499321574,0.0001767264887370178,0.25053518632356836,0.6559046730586555,1367.7580569570146,True,0.00023287254013430872,0.3988343323977717,0.6011656676021947,924.8413660307634,True,0.0001980639365246989,0.30783022230660373,0.6363954055451981,932.7357852373154,True,0.05729503598303537,0.14829914607420336,False,
CHAS,1885,0.07214854111405836,5.7759585020923605e-05,0.0865458278046079,0.8649881109846915,3743.396597429814,True,0.00019067417422657674,0.16976175723771006,0.7118424022364375,3183.302266247149,True,0.00029693778630588774,0.1706266746237572,0.6117291965778322,3184.853898727899,True,0.08408084681914929,0.08321592943310216,False,
CHBL,886,0.03837471783295711,0.0003649750678559262,0.2188133096061429,0.6296508428771994,1507.0339520783205,True,0.0003420388401852029,0.2990907187886136,0.6154459332213622,1386.497855561185,True,0.0004289874182673756,0.26637819174705724,0.578943250435527,1387.3677702860987,True,0.04756488214091434,0.0802774091824707,False,
CHCC,2469,0.040097205346294046,5.772606135691987e-05,0.1283806001649952,0.7887150606619224,5613.6995847168255,True,5.903577291317524e-05,0.1655773045608895,0.7733709904571358,5187.308958722141,True,6.130965768806463e-05,0.14463713708846382,0.7774371880838988,5192.269658546423,True,0.016256536923468623,0.037196704395894314,False,
CJPL,816,0.05759803921568627,0.0014933999526921796,0.20150654493280834,0.3436643955251062,1201.2599835190986,True,0.00158279665935599,0.2982516779996188,0.31995820693479243,1036.0743418612713,True,0.0016079143590650088,0.2778201713393509,0.3097618836490387,1041.5882787190355,True,0.07631362640654255,0.09674513306681048,False,
CLOV,2454,0.1071719641401793,0.00015834925025799392,0.25110234704577,0.5953230829225178,5167.984276485912,True,0.00019759030050117043,0.5265344507269221,0.47346554927272466,4149.218948163021,True,0.00022752647531067166,0.40429694541915806,0.46013213280068743,4179.391224783773,True,0.15319459837338806,0.27543210368115206,False,
CLVL,1201,0.06910907577019151,0.00040184509714567964,0.26769680420931063,0.5160918873285252,2161.852738057835,True,0.00036037717928204564,0.4473915923321635,0.488581268825942,1876.919237318872,True,0.000432904140482996,0.4075059229961822,0.44197646868882895,1898.6680261152212,True,0.13980911878687158,0.1796947881228529,False,
CNERGY,2476,0.012520193861066236,9.106173905916218e-05,0.14328739342949262,0.7691332346124832,5240.883342263505,True,9.803094819322165e-05,0.15977640315980957,0.754041031533188,5105.300012199543,True,0.00010096791006330564,0.1516982825122346,0.7537933735408693,5101.741207766064,True,0.008410889082741985,0.016489009730316945,False,
COLG,2043,0.033284385707293196,9.022323399834032e-06,0.138803342241696,0.8547643499608586,5166.885800066686,True,1.0332543544980874e-05,0.1610848185455661,0.8389151814455418,4880.512788485986,True,9.914134873540247e-06,0.14994768228669492,0.8450469131819827,4876.377939245508,True,0.011144340044998924,0.022281476303870118,False,
CPHL,1287,0.024087024087024088,8.470647699219815e-05,0.15408088685262245,0.7264115776869859,2922.5518144651705,True,9.277823746600156e-05,0.1867388744520167,0.7014601997393749,2779.2804110421116,True,0.00010231246095824062,0.17750993674707902,0.6880655254771937,2777.162656067676,True,0.02342904989445657,0.032657987599394256,False,
CPPL,2441,0.03850880786562884,9.346236557320424e-05,0.18167071197891782,0.6666896431040261,5723.586857696966,True,0.00011573768825045826,0.2597705635329359,0.5963373578464684,5311.913606730356,True,0.00013264695624139492,0.24646580716478167,0.5642196478952377,5315.877510658376,True,0.06479509518586385,0.07809985155401811,False,
CRTM,2429,0.062165500205846026,0.00012653942502874378,0.1990687904658312,0.6403137405600594,5361.993565402138,True,0.00011843047028692923,0.2890744740420623,0.6277058724557387,4750.6706045853625,True,0.00013390304341503087,0.25474677379440813,0.6111064991519539,4776.947527713155,True,0.05567798332857693,0.09000568357623112,False,
CSAP,2462,0.053208773354995936,6.0613246429645906e-05,0.1434088869956405,0.7917839892618468,5294.926239382902,True,6.36836377056919e-05,0.1978810647157464,0.7673886329404874,4743.895335075882,True,8.267802387806662e-05,0.17380998621250565,0.7493216574614876,4739.986336121371,True,0.03040109921686515,0.0544721777201059,False,
CSIL,2472,0.007281553398058253,0.00013309099812622852,0.1712353293141362,0.775553060805573,4409.377417777172,True,0.0001350439405911596,0.1862562000495262,0.7666733856363546,4347.298541382961,True,0.00015024858857816642,0.18777614131070114,0.7541029598242175,4348.905897828547,True,0.01654081199656493,0.01502087073538999,False,
CTM,2433,0.006165228113440197,0.00048208325413230007,0.1296731868965237,0.5953847193896196,4339.943515894016,True,0.0005301480843522238,0.14237069519999979,0.5617496830064539,4273.67378563499,True,0.0005579233618893567,0.14305210935377488,0.5437543823453936,4274.536989996528,True,0.013378922457251169,0.012697508303476074,False,
CYAN,2213,0.05377315860822413,8.307197193814048e-05,0.15640662910399,0.7478836472294288,4824.077404083937,True,8.491711048026285e-05,0.21049892101531759,0.7298832476096748,4317.399632067514,True,0.00010149535610223038,0.180832575513668,0.7174558386574397,4318.152871721755,True,0.02442594640967799,0.054092291911327584,False,
DAAG,1837,0.18780620577027762,0.000160720068523369,0.1894291125732501,0.7451907499890047,3028.25818996837,True,0.00032191618463654737,0.38136419289027057,0.6186358071097005,1870.5666460625514,True,0.0002996298757173912,0.3226445262463201,0.6169488349995684,1918.320001136059,True,0.13321541367307002,0.19193508031702047,False,
DADX,1332,0.13063063063063063,0.0001582947704241949,0.19473648513196554,0.7051978786423005,2490.479160614318,True,0.00020119056052856767,0.3662983137700323,0.6337016862298543,1851.176566442673,True,0.0002664325984354374,0.29127377331374077,0.5928010851129069,1858.654781618311,True,0.09653728818177523,0.17156182863806677,False,
DBCI,662,0.04833836858006042,0.0002193297144534353,0.14436138264075726,0.7705418042286012,1114.4712218496802,True,0.00023484121332167837,0.19943597917976716,0.7492293187312595,1000.0888624927868,True,0.0002881487086494539,0.19646794065671608,0.7131695733872891,1005.8895992220602,True,0.052106558015958815,0.055074596539009896,False,
DCL,2476,0.045234248788368334,9.458667712251002e-05,0.12574581938563617,0.8018583263218071,4894.024765675051,True,0.00010709030620986123,0.16493533233073127,0.7776391146975479,4437.929377251197,True,0.00012881060487838155,0.15005573522148816,0.7610280133721287,4435.860326115442,True,0.024309915835851986,0.039189512945095095,False,
DCR,2472,0.0,1.4856539141450032e-05,0.27033039911847834,0.642825139434269,7905.813058722413,True,1.4856539141450032e-05,0.27033039911847834,0.642825139434269,7905.813058722413,True,1.4856532367585862e-05,0.2703302610825489,0.6428252965957865,7905.813058722425,True,-1.3803592946448617e-07,0.0,False,
DEL,2086,0.038350910834132314,0.00013022214016122734,0.12399232466843069,0.8402580981773486,3149.6011225830166,True,0.00018095406132883347,0.16285726864459452,0.8038447990844747,2851.637349730463,True,0.00020156946297677331,0.15099940959998387,0.797736084687912,2847.803559525663,True,0.027007084931553182,0.03886494397616383,False,
DFML,2476,0.09531502423263329,0.00014047458462244022,0.14524116759225686,0.7720810036115832,4573.797715266795,True,0.00019123637226545437,0.26082381404222715,0.702380428161546,3680.4589414232764,True,0.00023335736450763958,0.20938061760253973,0.6839858912004918,3686.5203388217415,True,0.06413945001028287,0.1155826464499703,False,
DFSM,2466,0.017842660178426603,0.00021663932918579003,0.15064512075143166,0.7741858360749452,4007.851299829783,True,0.00021362704749908578,0.18077239566005873,0.7609277166725601,3857.6982078676883,True,0.0002722277226418543,0.18804821435311417,0.725926498022191,3866.810848778092,True,0.03740309360168251,0.030127274908627072,False,
DGKC,2472,0.032766990291262135,4.247260347808418e-05,0.09694544550053111,0.8399329580023223,5633.029955921341,True,4.115319755035182e-05,0.1174484317353887,0.8346599622102326,5277.919600626407,True,4.230365262877336e-05,0.10317079590317978,0.839226481459053,5279.65616364021,True,0.006225350402648669,0.020502986234857593,False,
DIIL,599,0.17696160267111852,0.0005001875918131083,0.2628246008759691,0.5048444272078632,1025.9158838466428,True,0.0006855196055792751,0.595993481104113,0.40400651889499695,658.3263080958749,True,0.0006094804477730508,0.41518833550998835,0.4383844322653597,669.3197094672735,True,0.15236373463401925,0.3331688802281439,False,
DINT,982,0.11710794297352342,9.429244375780676e-05,0.12291926306542997,0.8225360232683537,1811.3167975624426,True,0.00011781145261565169,0.21881382108003639,0.781186178915801,1381.6571854919437,True,0.00011715635488260647,0.15387013740644057,0.7979522995014741,1387.951714557608,True,0.030950874341010598,0.09589455801460642,False,
DLL,1699,0.02177751618599176,0.00010356558870556437,0.11031189580419846,0.7521371276967782,3749.5358053741584,True,0.00011272331254616672,0.12553696048952878,0.7370136238332,3580.5568776248224,True,0.0001219337494284036,0.11887562503062862,0.7262898045470464,3579.6548161525384,True,0.008563729226430158,0.015225064685330317,False,
DMTM,543,0.13996316758747698,0.0002760798760083749,0.18333693571926246,0.791935198154015,606.1297310874588,True,0.0003284848546172735,0.19631165742119133,0.8036883425787651,386.57010199767575,True,0.0005038816971625127,0.2049821325887183,0.7475099095256577,376.0988516834578,True,0.021645196869455846,0.01297472170192887,False,
DNCC,1881,0.0707070707070707,7.40981805230104e-05,0.11962884427269813,0.8439875271929498,3290.368880821201,True,7.455505552465208e-05,0.1740215725984999,0.821420993531025,2802.7252118116767,True,9.464551011478639e-05,0.14022872115466511,0.8207499597065997,2800.701854595736,True,0.02059987688196699,0.054392728325801776,False,
DOL,2466,0.061232765612327655,4.745317004425635e-05,0.13956976366012136,0.8037951339357552,5474.010190531567,True,4.340800842266007e-05,0.19573034883251827,0.7906675500010425,4829.968232761192,True,4.990035617139432e-05,0.15386688316441316,0.7973586112980439,4826.939716867376,True,0.0142971195042918,0.056160585172396915,False,
DSIL,2467,0.015403323875152006,0.00041384995285083734,0.21803589136590357,0.599917601839469,4220.999267141385,True,0.00042057714422785145,0.2522082925767074,0.5838820362049362,4079.642728266915,True,0.00044227016273696543,0.2435301896044484,0.5742480382863577,4083.223183008447,True,0.02549429823854482,0.03417240121080384,False,
DSL,2475,0.011313131313131313,0.00011778390028383269,0.1332936354959267,0.779630428680822,4877.4214201379555,True,0.00012169393653946499,0.1470676647590031,0.7703495483858502,4758.65743822914,True,0.00012688823975252645,0.14053362774868322,0.7684388380128302,4756.695115458663,True,0.007239992252756511,0.013774029263076387,False,
DWAE,662,0.12386706948640483,0.0003947640453426857,0.357298372956369,0.42819108474891965,1233.1812210228893,True,0.0004468237790618871,0.6454429564190023,0.3545570435809767,974.3118606420983,True,0.0004720369862952766,0.5694354728987291,0.32724885970676665,1004.58382238856,True,0.21213709994236007,0.2881445834626333,False,
DWSM,2260,0.011504424778761062,0.0001209124978079498,0.1361870643034523,0.8420100140665596,3333.3011069166723,True,0.00012817391654372528,0.14382829818856724,0.8369121381132525,3231.023919414871,True,0.0001335393755278921,0.1412277108856524,0.8350967675580563,3229.1579207873297,True,0.005040646582200103,0.007641233885114951,False,
DWTM,1204,0.061461794019933555,4.2396378064869957e-05,0.08995789342242277,0.9079255743848722,1313.265114173064,True,7.401405567913914e-05,0.10636074392280784,0.8936392560767836,1072.791241964919,True,4.982518953625464e-05,0.0914270500506075,0.9060132271843515,1074.4476439427963,True,0.0014691566281847257,0.016402850500385063,False,
DYNO,2290,0.05895196506550218,0.00012123102724268805,0.15721120109387493,0.6780087881079662,5107.25003224313,True,0.00011387724937328916,0.22561995757143016,0.6720228511313517,4533.1997169096885,True,0.00013107903796129988,0.19503702997909964,0.6548290644181299,4540.649717269485,True,0.037825828885224705,0.06840875647755523,False,
ECOP,2334,0.0715509854327335,0.00013006426084156893,0.14168148325030816,0.7438234028376675,4696.313529531864,True,0.0001577052838783323,0.22309939570466,0.6931843709892886,4018.2690530921577,True,0.00019686909916465258,0.19246209393857655,0.6632145781395832,4023.7137820544162,True,0.05078061068826839,0.08141791245435184,False,
EFERT,2471,0.0028328611898017,4.094471592623366e-05,0.13001265582110205,0.7137367426214187,6816.46326181451,True,3.9215795143693926e-05,0.13004256166781425,0.7225662208906624,6779.480844884143,True,3.990371384363873e-05,0.12954633670768978,0.719573199197781,6779.075936250818,True,-0.0004663191134122724,2.9905846712197093e-05,False,
EFUG,1966,0.015768056968463885,2.4854460620414433e-05,0.10711557115026464,0.8486033143898963,4732.999415538332,True,2.2994946643531443e-05,0.11267530308445166,0.8522172612672834,4594.608492054696,True,2.3705372129251578e-05,0.10703622314545866,0.852736920185247,4595.740776275895,True,-7.934800480598192e-05,0.005559731934187018,False,
EFUL,1891,0.022739291380222106,4.294853441720447e-05,0.15720206754086352,0.7519105744341115,4717.7637464165,True,3.922152793327782e-05,0.1719244937251865,0.7600075916638422,4522.611339681213,True,3.9968988082953044e-05,0.15835452649786874,0.7632134703438607,4524.98651114366,True,0.0011524589570052202,0.014722426184322984,False,
ELCM,750,0.13733333333333334,0.00016364113790278727,0.16055858721188576,0.7628602924599451,1314.2951098678711,True,0.00024300069528971504,0.3152608806497006,0.6847391193502426,953.2519825070841,True,0.00026401210002324456,0.2452964590540176,0.6727674328102888,959.2502249212833,True,0.08473787184213183,0.15470229343781483,False,
ELSM,1132,0.08303886925795052,6.400852169099992e-05,0.08853155125290599,0.8749714991766777,2043.8034306766065,True,0.00041686368506575256,0.3075326665826089,0.5423974299249296,1688.3635691088637,True,0.00047732287772529237,0.27783847616463275,0.5005461910453463,1690.3219640379143,True,0.18930692491172676,0.21900111532970293,False,
EMCO,1840,0.1516304347826087,0.0004441284923428348,0.20662105732201627,0.5122335343135398,3372.31944324912,True,0.000549781033337884,0.4547114128428066,0.43127048849236505,2347.768716225388,True,0.0005042043182711713,0.3115163757029504,0.47921438659212645,2369.278582126463,True,0.1048953183809341,0.2480903555207903,False,
ENGRO,2046,0.004398826979472141,2.1321579623107e-05,0.14096871268948255,0.7829461685987051,5658.4941059527355,True,2.0625697983890988e-05,0.14458187544115847,0.7849885885946033,5614.240079615729,True,2.1160383692028945e-05,0.14262616700702074,0.7832759817704236,5613.447746773952,True,0.0016574543175381928,0.003613162751675919,False,
ENGROH,2451,0.019175846593227255,3.800158122299824e-05,0.13862642254078078,0.7756061688219031,6175.7205542667725,True,4.0313848470520234e-05,0.16613737833850345,0.7569019421013125,5951.988317078468,True,4.1467605822902994e-05,0.15404000133394685,0.7590447448971102,5952.2439423045125,True,0.015413578793166072,0.02751095579772267,False,
EPCL,2468,0.03565640194489465,3.826821250953431e-05,0.11070027772065451,0.8242345240083444,5818.613170022812,True,3.7325684304208736e-05,0.131938920870736,0.8205383604255643,5424.982646845395,True,3.965049800992698e-05,0.11993142639309019,0.8193203691714259,5430.076643276157,True,0.009231148672435685,0.02123864315008149,False,
EPQL,2459,0.010166734444896299,2.6243296506006623e-05,0.12352120690029336,0.7962370789817741,6653.305593831971,True,2.6671343993613287e-05,0.13402083881912996,0.7912345315988799,6520.029359221847,True,2.7170929105556372e-05,0.12877467836375478,0.7913858486196016,6518.267138208788,True,0.005253471463461418,0.0104996319188366,False,
ESBL,2405,0.09771309771309772,0.000659224608125044,0.21452325487169932,0.44146065522064665,4202.542052552412,True,0.0007471055388534252,0.38237905196439115,0.38758469788301675,3356.207594669256,True,0.0007921412797217533,0.36665062090061457,0.34606068609793805,3391.543501891077,True,0.15212736602891525,0.16785579709269183,False,
EXIDE,2388,0.06490787269681741,7.146514064957014e-05,0.17147469115947853,0.734328432370356,5404.58996579562,True,7.538934420036708e-05,0.25740429702430384,0.7018839925671405,4752.53888761536,True,8.621022920749588e-05,0.21346326999257662,0.6956054794730453,4756.819030308088,True,0.04198857883309809,0.08592960586482531,False,
FABL,2468,0.02188006482982172,0.00011694996784155064,0.18531021803456116,0.5923526578394029,5958.569806428687,True,0.00013190453869739893,0.22641936338532148,0.5493567277220097,5702.420394317249,True,0.0001348086166536676,0.20929599484187733,0.5498147413721161,5702.792052467763,True,0.023985776807316173,0.04110914535076032,False,
FASM,1362,0.07782672540381791,7.071322696859308e-05,0.10173106046264638,0.8426618759564833,2670.1672109125557,True,7.263981406992228e-05,0.13663780384645252,0.8348328831975731,2251.715272664952,True,7.480131362131379e-05,0.1093999871457606,0.8410871831313489,2253.228386735381,True,0.007668926683114224,0.034906743383806144,False,
FATIMA,2467,0.007701661937576003,4.524614838866212e-05,0.11796627529328221,0.7602676625593301,6354.163159853355,True,4.629482808106936e-05,0.12402557777240984,0.7557837495288613,6257.044739899457,True,4.644298739850455e-05,0.12043877772329273,0.7570065819890357,6256.050571551742,True,0.0024725024300105147,0.006059302479127629,False,
FCCL,2471,0.02387697288547147,5.677923899537184e-05,0.12535932382875803,0.7799628699993396,5793.45226504882,True,6.446102077106316e-05,0.15794549094669724,0.7502680982725884,5526.872103586549,True,7.404515136970564e-05,0.1514604341951009,0.7329876621324349,5526.179053671059,True,0.026101110366342883,0.03258616711793921,False,
FCEL,637,0.07849293563579278,4.403132808991018e-05,0.13648897281460315,0.8635110271811988,1031.8610206224967,True,7.122145192018547e-05,0.15390816417961667,0.8460918358182807,858.9452133643332,True,7.96165431549449e-05,0.1550541731156264,0.8374375628213566,863.3793795478764,True,0.018565200301023238,0.01741919136501352,True,
FCEPL,2473,0.033966841892438336,6.359007498564181e-05,0.11510389622376441,0.7830576271970837,5724.903964482576,True,6.438469234174544e-05,0.14129317728386423,0.7744469983169431,5343.337317429877,True,6.904165969042473e-05,0.126832576478159,0.7717369017888508,5343.139392358046,True,0.01172868025439458,0.026189281060099823,False,
FCIBL,1318,0.1282245827010622,0.00027575230246367996,0.18825980119144292,0.7735573001948127,1635.0723512025188,True,0.00047280169729454883,0.3048582007893473,0.6951417992092522,1120.2540745207825,True,0.0006341211137631917,0.2866130290633593,0.6483852022150391,1117.402030983216,True,0.09835322787191636,0.11659839959790436,False,
FCL,568,0.01232394366197183,9.803069094980527e-05,0.08741344427501796,0.7197546539296928,1361.0269766424726,True,9.748371198735616e-05,0.08504534147920043,0.7291581538460916,1323.2310530365235,True,0.00010118993754799801,0.0828620226206718,0.72228913905652,1322.8440661981144,True,-0.0045514216543461605,-0.002368102795817534,False,
FCSC,2462,0.005280259951259139,0.00042721547690586175,0.20667831065139103,0.6477176535158373,3960.879340002982,True,0.0004265220409050977,0.21905809659114317,0.6428495696579832,3914.211487593159,True,0.0004530252538655552,0.22048111062080478,0.6290589360906482,3914.869305297256,True,0.013802799969413748,0.012379785939752141,False,
FDPL,2467,0.006890960680989056,0.000610882697435697,0.19603404167866628,0.5726242708734712,4003.1747380638817,True,0.0006266291436652098,0.21451191547363602,0.5588922036303778,3942.897594205562,True,0.0006407780686612634,0.20976852858030554,0.5537224923980661,3943.076751909856,True,0.013734486901639253,0.018477873794969735,False,
FECTC,2259,0.06285967242142541,7.912437952369946e-05,0.1590256527029154,0.7711246803632742,4660.392266435062,True,9.315699164314142e-05,0.23797091145059163,0.7270514023874904,4084.4391658366785,True,0.00010488009717205671,0.19473338014612612,0.7280910064025703,4082.917326341518,True,0.03570772744321071,0.07894525874767622,False,
FEROZ,2467,0.05918119173084718,4.128406594208288e-05,0.13785755042956338,0.8084760990982542,5597.482629391097,True,3.768746158222456e-05,0.19389789887175515,0.7936568143727417,4981.663006222393,True,4.70301532964401e-05,0.1619968451071208,0.7881695910240794,4984.716093390734,True,0.024139294677557432,0.05604034844219177,False,
FFBL,2038,0.03729146221786065,9.8980943394253e-06,0.05951770154503948,0.9259306162956553,4773.090533513032,True,9.450188020513727e-06,0.07042546751850684,0.9227920827731488,4424.186283474759,True,1.0931711668579811e-05,0.061649560566135866,0.9235802257881465,4422.038168637053,True,0.0021318590210963884,0.010907765973467362,False,
FFC,2474,0.006063055780113177,6.583172148890193e-06,0.09513025946766729,0.8831341276222422,7005.318108289639,True,6.409412656121949e-06,0.09782800713560635,0.8833018383284332,6927.2278405413535,True,6.751376826871073e-06,0.09711753484968053,0.8812505953096665,6925.345292811155,True,0.001987275382013237,0.0026977476679390655,False,
FFL,2474,0.06022635408245756,9.326708932433505e-05,0.1502161355906343,0.7486000181746119,5302.391589303875,True,0.00010368642421600794,0.23928024524255997,0.7013749774294343,4689.847780666031,True,0.00012476142831726445,0.20281733113430037,0.6853963049245294,4695.477544221656,True,0.052601195543666074,0.08906410965192568,False,
FLYNG,2418,0.055417700578990904,0.00018031395549270867,0.24825104591432068,0.6011095193268376,4940.557629326123,True,0.0001849137335556596,0.3806999804529255,0.5511564779845092,4418.584043792799,True,0.00022417812958137076,0.32938008419912324,0.5229261923027917,4424.162305274199,True,0.08112903828480256,0.13244893453860485,False,
FML,2153,0.03808639108221087,5.33714352533755e-05,0.16110767208243432,0.7670735811638694,4903.162270752044,True,5.967926231625941e-05,0.2083346647600905,0.7381482184535983,4550.003806239797,True,6.891761501622999e-05,0.19376023210590337,0.7240234936746881,4549.091373731202,True,0.03265256002346906,0.04722699267765618,False,
FNEL,2412,0.061774461028192375,5.7768696929054634e-05,0.10443723440445343,0.8722699649159471,4243.223099143266,True,6.330264586656853e-05,0.15189913527826354,0.8481008647215935,3709.89902992808,True,7.77986281166538e-05,0.1344471438639779,0.8405877448492451,3720.9083952328892,True,0.030009909459524475,0.04746190087381011,False,
FRCL,1591,0.147705845380264,0.0002545444744095316,0.17574969267420265,0.7134522998294031,2647.9000295063224,True,0.0002903713721603463,0.3315438619994362,0.6684561379996237,1827.0329513399681,True,0.00041655661833231927,0.26818642653583447,0.612053740980341,1843.9562339329896,True,0.09243673386163181,0.15579416932523354,False,
FRSM,1833,0.05782869612656847,0.00012500055344102635,0.17843778782223868,0.6934115673681903,3863.48433595217,True,0.00014033000072190206,0.2613839777752804,0.6488390120830279,3426.379161875704,True,0.0001895738349708531,0.23390232124388927,0.5984064108153222,3427.2935277328834,True,0.055464533421650586,0.0829461899530417,False,
FZCM,1700,0.08,0.00014101507709792278,0.150334569857016,0.7459064592402933,3281.782365436809,True,0.00020953506202894628,0.2475752138206435,0.6619590176352482,2749.3749487624145,True,0.0002788750368416085,0.22174044493586462,0.607189565380553,2750.733243863243,True,0.07140587507884863,0.09724064396362753,False,
GADT,2112,0.03787878787878788,9.797202338313244e-05,0.14035104433140608,0.7298309005153785,4690.109817469696,True,0.00010840105770158285,0.1741123239246758,0.707734807417232,4335.370388953094,True,0.00011720965337357579,0.15927862458488634,0.6989870985099053,4335.890050337559,True,0.018927580253480264,0.033761279593269716,False,
GAIL,1235,0.017813765182186234,0.00027726023302136705,0.138127721598452,0.6763659861423498,2323.254058489839,True,0.000298503198698873,0.14906288784705118,0.6631220258678078,2228.704435705721,True,0.00030799813178376215,0.14365057400512143,0.6572782147156764,2227.7420623174794,True,0.005522852406669443,0.010935166248599193,False,
GAL,2468,0.08954619124797407,5.4529968381734514e-05,0.13077619846320876,0.8231187748586182,5025.823667714944,True,5.661774717019468e-05,0.2073486183026954,0.792651381696173,4149.5799409986885,True,7.975065107890157e-05,0.16803918714723914,0.779027002905865,4152.81124877122,True,0.037262988684030385,0.07657241983948665,False,
GAMON,1918,0.14129301355578727,3.8360458499214376e-05,0.11198779534807275,0.8746541188796831,3183.6625103235624,True,0.00011984261663981256,0.19897076367367295,0.8010292363260461,2218.967475964962,True,0.00012526032219946728,0.16804416826909357,0.7961450770622684,2218.4576757742784,True,0.05605637292102082,0.0869829683256002,False,
GATI,1666,0.10624249699879952,4.561841246776095e-05,0.18258042476854652,0.787501687897491,3336.4697040442916,True,5.570233773632803e-05,0.24239355875232155,0.7576064412471091,2677.701811692483,True,5.203214287482567e-05,0.20915315662164796,0.7685790366275675,2683.741582253287,True,0.02657273185310144,0.059813133983775024,False,
GATM,2469,0.022681247468610773,0.00010000130356335935,0.14578258716365877,0.6814524779576734,5792.462143987597,True,0.00010649470445271076,0.1734138532221367,0.6613379643399042,5538.86408831689,True,0.00011024797517821063,0.1616672784654376,0.658500912596316,5539.115578871219,True,0.01588469130177883,0.027631266058477932,False,
GCIL,954,0.029350104821802937,0.00013012956207853168,0.17131200583077108,0.7024094101634637,1987.9290822795085,True,0.00013693887429792155,0.21638665869419094,0.6775648457625194,1869.9792441842635,True,0.0001445520536112336,0.1990258362166257,0.6739523014108428,1869.9128374760746,True,0.02771383038585462,0.045074652863419856,False,
GFIL,1997,0.02954431647471207,5.088185112719847e-05,0.08889412415895015,0.9002360706616492,2950.0601502833033,True,6.002133565908321e-05,0.10859017193665055,0.8864958401208944,2728.3000853048597,True,6.366197442166709e-05,0.09298324699055377,0.8933103374696791,2719.5495945066446,True,0.00408912283160362,0.0196960477777004,False,
GGGL,2468,0.034440842787682335,9.54417843105874e-05,0.16081548497558726,0.7528501564298735,5120.91693018816,True,0.00010262616199774362,0.1986627679123881,0.7326536590914848,4760.298354489001,True,0.00010700521891376897,0.17434330427276115,0.7374516576158792,4756.379696836327,True,0.013527819297173893,0.03784728293680084,False,
GGL,2472,0.05177993527508091,5.4414038876255606e-05,0.1267526825083966,0.8217737882587005,5178.028030498952,True,5.580068181933776e-05,0.1722566507207919,0.8025646570435628,4649.770949512889,True,7.699145608530858e-05,0.15961436434520054,0.7775698881854606,4653.145003891595,True,0.032861681836803935,0.0455039682123953,False,
GHGL,2462,0.017059301380991064,2.7860250643645075e-05,0.12443183982532381,0.813084393936478,6238.232301708846,True,3.4462911549269406e-05,0.15469769446491566,0.7784608557780266,6040.529653793748,True,4.1732692659535685e-05,0.15697611751986598,0.7536524011053204,6040.162308965687,True,0.03254427769454217,0.030265854639591847,False,
GHNI,2469,0.07816929931146213,6.673637234054885e-05,0.1263876811757957,0.8098248752088681,5123.110725839691,True,7.214978538872192e-05,0.18949290868714502,0.7839794735573751,4334.641714546244,True,9.349172002149868e-05,0.15859752231392588,0.7680935965976241,4338.888954512869,True,0.03220984113813016,0.06310522751134931,False,
GLAXO,2472,0.023867313915857606,2.9742328581766153e-05,0.1645388243392137,0.7792357832205843,6231.098424700935,True,3.0312702177967122e-05,0.19814854744701832,0.7638362701690351,5956.0115955248375,True,3.0782618943165496e-05,0.17391779437056276,0.773789145290108,5953.068709257725,True,0.009378970031349049,0.03360972310780461,False,
GLPL,1539,0.06952566601689408,0.0001233092498329241,0.21715423454473845,0.6681712532635196,3237.7583708831353,True,0.0001795506608451077,0.404815991749243,0.5365480413844335,2826.271823084996,True,0.00026489163383654863,0.3809718641635221,0.4305693005256581,2839.871456755691,True,0.16381762961878363,0.18766175720450454,False,
GOC,1192,0.10234899328859061,0.0001582629067384345,0.15290014414076358,0.7521510790888959,2181.0614503910515,True,0.00019500096104029901,0.23311826196511273,0.7173889200293306,1719.0826372516472,True,0.0002547741493194001,0.19639888149407217,0.6810580512580395,1719.4834276922584,True,0.043498737353308586,0.08021811782434915,False,
GRR,898,0.005567928730512249,8.380229306759667e-06,0.1600298938346966,0.8399701061648523,2309.042582742308,True,8.811774535689313e-06,0.16415067727557453,0.8358493227238046,2286.196232984357,True,8.791433103227357e-06,0.16447259469060754,0.8355274053091171,2285.148060757469,True,0.004442700855910947,0.004120783440877934,True,
GRYL,1570,0.07834394904458598,0.00011962922153501126,0.1137382070496652,0.8696311571603745,1874.9160826547402,True,0.00021241733588036075,0.194003606269742,0.8059963937302208,1522.2564846149096,True,0.0002873680073520202,0.193979166472797,0.7755814360477822,1525.354392538432,True,0.08024095942313181,0.0802653992200768,False,
GSKCH,1427,0.056762438682550806,7.999093693835039e-05,0.17296217172781708,0.6894505260761012,3356.939006967682,True,7.801764616973178e-05,0.24767155528810836,0.6698749009608158,3015.383238085802,True,9.631789718296904e-05,0.2351501696954535,0.6298959399188738,3028.7006049312104,True,0.06218799796763641,0.07470938356029128,False,
GSPM,658,0.022796352583586626,0.0006976947772093712,0.10584854107132743,0.7254984494141192,913.342850417049,True,0.0007608980021867723,0.13284090131287157,0.7031680125173103,858.876343184457,True,0.0007609096536376962,0.1219678559644062,0.7055816827672168,858.4125143799133,True,0.01611931489307876,0.02699236024154414,False,
GTYR,2466,0.0494728304947283,8.559378606519692e-05,0.14187512014274678,0.7391762676070632,5545.8867572092495,True,9.272016147348491e-05,0.19830222502885136,0.7100221189008626,5019.807373597794,True,0.0001119204767396,0.18828062336759951,0.6787436357808841,5032.407922512091,True,0.046405503224852734,0.056427104886104584,False,
GUSM,635,0.08031496062992126,0.0005230887936495067,0.11280222342492163,0.7456135895718912,914.370542834895,True,0.0006616937486183907,0.21604759248574912,0.6820010913292642,746.0942397020941,True,0.0007461906162173253,0.1960361088802247,0.6483020975872311,748.8212371249243,True,0.08323388545530308,0.10324536906082749,False,
GVGL,2310,0.047619047619047616,7.673768519655347e-05,0.17038940457020502,0.7216586962164419,5260.845429237714,True,8.196027862552242e-05,0.2474691386061545,0.6823957785198215,4795.173514613231,True,9.302610967035579e-05,0.21151564849861665,0.676037354837796,4793.959137276766,True,0.04112624392841163,0.07707973403594948,False,
GWLC,2447,0.044544340008173276,8.805013634428387e-05,0.13023925294565486,0.7774918586949735,5155.900921693171,True,0.00013432318422026388,0.20442333841369914,0.6896531057191666,4691.807197695411,True,0.00014526812697926043,0.17996074188557631,0.6848194321185426,4688.644899073964,True,0.049721488939921454,0.07418408546804428,False,
HABSM,2257,0.021267168808152416,2.1049991657932332e-05,0.13079019819655002,0.8196524503617768,5798.099580240021,True,2.1536396368256656e-05,0.15643616748599265,0.8055402862705008,5575.054960725584,True,2.2711449002674024e-05,0.1408449825947249,0.809449884820405,5573.768990533066,True,0.010054784398174865,0.025645969289442627,False,
HAEL,1722,0.09117305458768873,0.00015187782438514185,0.138595006096889,0.8195286082632671,2547.8665765919786,True,0.0002247016245600765,0.2577473484377131,0.742252651561527,2018.5931597865385,True,0.00038249702004056,0.2333657281166333,0.6841889091175444,2018.2161384464848,True,0.09477072201974432,0.11915234234082409,False,
HAFL,549,0.08196721311475409,0.0003229942004350527,0.22721338598252683,0.5079498398590907,1104.9943721466316,True,0.00036507838092550806,0.36196035599323656,0.47113762137738385,929.2679218660884,True,0.0003878800661552021,0.3266620380816201,0.4418740893211614,934.990104682134,True,0.09944865209909326,0.13474697001070973,False,
HAL,533,0.18761726078799248,3.0913369591364424e-05,0.13129402516444333,0.8416708665281852,1103.3017732934409,True,0.00010363690796159164,0.30414306752569037,0.6958569324743094,720.144632524675,True,0.00010541592904623855,0.275884780466113,0.671157832764814,727.3419169307169,True,0.14459075530166965,0.17284904236124704,False,
HALEON,895,0.01675977653631285,7.795955435418857e-06,0.05553794448052208,0.9324955043139471,2086.7482126926016,True,7.935489966674973e-06,0.060708579686786154,0.9298025433921167,2013.8947062563225,True,8.018983247193815e-06,0.05632914582867303,0.931959390081226,2013.4974175840473,True,0.0007912013481509508,0.005170635206264075,False,
HASCOL,2470,0.07004048582995952,0.00010887123605311303,0.2119914565204558,0.710005981978884,5060.996587882884,True,0.00012380601307473998,0.3571682297160097,0.642831770283969,4405.879892373747,True,0.0001613769329367261,0.3198755337898089,0.6031734770385735,4423.885802707134,True,0.10788407726935306,0.1451767731955539,False,
HBL,2473,0.015770319450060657,5.31852675582549e-05,0.1835861491341072,0.6874333512332957,6349.438678625229,True,6.288181505634968e-05,0.23349865576304035,0.6338115041072667,6168.402395143325,True,6.936087526224797e-05,0.22896604442438712,0.614075510916464,6168.136369950271,True,0.045379895290279915,0.04991250662893315,False,
HCAR,2472,0.05946601941747573,2.33143494316576e-05,0.10860374711104559,0.8634313166835513,5556.745375005843,True,2.077601361427556e-05,0.1489580576816859,0.8510419423178988,4951.374808854616,True,3.627945606529027e-05,0.14516888185760593,0.8188306825041044,4960.758798722016,True,0.03656513474656034,0.04035431057064032,False,
HICL,1780,0.016853932584269662,2.754550892374472e-05,0.10208330457492086,0.8819350602805164,3510.535950849132,True,2.960772878354999e-05,0.1131270958892309,0.8746942099335991,3385.294364686987,True,3.272807084880664e-05,0.1091800200244181,0.8723930327606706,3385.0963000934626,True,0.0070967154494972345,0.011043791314310034,False,
HINO,2195,0.0510250569476082,4.116320165174906e-05,0.1269794202626897,0.823368362297616,4845.223476212648,True,4.524261204546726e-05,0.1741920365831202,0.7977808871802524,4374.699006377948,True,6.535762999203788e-05,0.16382813203439833,0.7668092468456273,4377.328868354787,True,0.03684871177170862,0.0472126163204305,False,
HINOON,2455,0.018329938900203666,3.417839946940849e-05,0.19943300956165239,0.7159113431336577,6507.676081607606,True,3.222979814896158e-05,0.22514412338186873,0.7146199074685429,6297.883596252126,True,3.4540082620461665e-05,0.2117644507950508,0.7107012781877895,6299.697572641709,True,0.01233144123339841,0.025711113820216347,False,
HIRAT,2412,0.012023217247097845,0.00010455683494091047,0.19400725606879904,0.7936242180029103,4053.120357486451,True,0.00011045288109182792,0.2195568302586027,0.7784484541726879,3948.429723943618,True,0.0001290468312038087,0.20793409540857435,0.7718696805146861,3936.6659620841097,True,0.013926839339775315,0.025549574189803664,False,
HMB,2433,0.004932182490752158,3.0410361606282564e-05,0.11422270244986595,0.7968961767445828,6397.818691342024,True,3.111332009684809e-05,0.11878226423187904,0.792841179182677,6335.151298037618,True,3.133594949565209e-05,0.11638142225642997,0.7932956125899778,6334.411740035446,True,0.0021587198065640273,0.004559561782013097,False,
HPL,2026,0.07107601184600197,9.002879508032319e-05,0.21340952667226837,0.6927650324923285,4375.926962056174,True,0.00012114549945187522,0.3565551468660725,0.6006065208384324,3807.5842275046625,True,0.0001806918896413529,0.33398505651677424,0.5134852174163145,3807.6916698850796,True,0.12057552984450587,0.1431456201938041,False,
HRPL,1155,0.013852813852813853,0.00016705557061459533,0.17397094031329968,0.6313435063512121,2492.302353367463,True,0.00015993633111045905,0.18341292395453182,0.6422812677347693,2420.4111433169383,True,0.0001568014679162912,0.17331297193022585,0.6508332898017438,2420.7147215772166,True,-0.0006579683830738314,0.009441983641232138,False,
HSPI,1035,0.18937198067632852,0.0005254287829061499,0.21165079606824377,0.4593712649359657,1884.6493530162186,True,0.0008181440674108907,0.5797661341939657,0.2824644084719745,1173.6414550886443,True,0.000976814451759658,0.47121510673809186,0.18532921958200593,1190.6482891680732,True,0.2595643106698481,0.36811533812572195,False,
HTL,2471,0.05544314042897612,8.649442270397338e-05,0.1494197869316222,0.7479953307616356,5380.368032297754,True,9.796973534027285e-05,0.22326508443657866,0.7052402430437003,4808.737126736325,True,0.00011275853107507947,0.19630834696330557,0.6915331350383591,4815.754736729396,True,0.046888560031683374,0.07384529750495647,False,
HUBC,2472,0.010113268608414239,6.28824657978655e-05,0.16274007942862798,0.66953505921219,6384.567049301671,True,6.014707058894675e-05,0.16946975173976334,0.6786500352465865,6260.7671618111035,True,6.0877727804777024e-05,0.1646168143482339,0.6781809577058275,6261.739674004661,True,0.0018767349196059102,0.00672967231113536,False,
HUMNL,2472,0.015372168284789644,6.196851301148228e-05,0.16389639634749337,0.7827824855054859,5256.901974103513,True,5.900257967873531e-05,0.1771095243230747,0.782937214637131,5101.3407393013795,True,6.626230371526622e-05,0.17388499102513177,0.7726479832827908,5102.532497647359,True,0.009988594677638407,0.013213127975581329,False,
HUSI,864,0.14930555555555555,4.483700017654797e-05,0.14627280477751375,0.8468066136272514,1427.944707085983,True,8.653326224494888e-05,0.19646068002825262,0.8035393199717471,993.0080726191183,True,7.392926709391376e-05,0.18980558710930712,0.8000089964448751,1009.294368506007,True,0.04353278233179336,0.05018787525073887,False,
HWQS,1650,0.06424242424242424,0.0002802174695856923,0.1490353440031149,0.741377793773984,2698.3734082129295,True,0.00034081272347177046,0.23403594238051184,0.6874540901612101,2325.4044571451354,True,0.00047011550108567416,0.2125693280875746,0.6310376384222703,2330.2133196110804,True,0.06353398408445968,0.08500059837739693,False,
IBFL,1579,0.050031665611146296,4.2875199980804694e-05,0.16881028013151284,0.7877351310917173,3545.289737577674,True,4.992821318315639e-05,0.2393284639468898,0.7498360773262175,3218.696046291344,True,4.959156184841667e-05,0.19444248659885333,0.7651015652087575,3219.0669634592837,True,0.02563220646734049,0.07051818381537697,False,
IBLHL,2433,0.055487053020961775,5.611875791687445e-05,0.14989651074127508,0.7790652044843716,5455.635078809044,True,6.056120754436691e-05,0.22164270756718396,0.7439066513195274,4892.316537693618,True,6.905241780068266e-05,0.19106447809782362,0.7384688616656832,4904.225569591506,True,0.04116796735654854,0.07174619682590888,False,
ICCI,575,0.09739130434782609,0.00021251739324380786,0.14448006082838788,0.7649714364697806,904.4258369456466,True,0.000250060956240013,0.27309022862028737,0.7019141359687238,716.5321475971384,True,0.0011840110910786017,0.388820200443106,0.2789179365765774,719.4478979971399,True,0.24434013961471812,0.1286101677918995,False,
ICIBL,2471,0.00971266693646297,0.000625642904073227,0.3248910746031811,0.5309816253863284,3857.979207754439,True,0.0006039625799321442,0.3609343064997363,0.527789626827246,3777.925170022663,True,0.000644100047152482,0.34159837493290224,0.5183230606588489,3776.928708840365,True,0.01670730032972112,0.03604323189655517,False,
ICL,2437,0.03487894952810833,5.355790895123488e-05,0.11872384257959825,0.797035178621585,5638.434473482184,True,6.365238784066215e-05,0.154225796355692,0.7653655941708448,5250.017401638014,True,6.623354283646172e-05,0.1364537624547102,0.7680943939004177,5250.358678106281,True,0.017729919875111938,0.03550195377609375,False,
IDEAL,959,0.1908237747653806,0.0005031667074413552,0.23527673471122207,0.6142683436705081,1434.2157223570257,True,0.0007440982034823595,0.47184912302121684,0.5281508769787453,829.4069321343586,True,0.0007945051251156361,0.3431626320957193,0.5200654839852524,839.3596346197478,True,0.10788589738449722,0.23657238830999477,False,
IDRT,1036,0.15926640926640925,0.00033050393720718903,0.19982932216732113,0.6473581992395212,1752.1896649862683,True,0.00039888442853854554,0.4046359813273288,0.5898418341345029,1169.3249665097244,True,0.0004827226143027479,0.2879670244693775,0.5664256957251255,1175.1543108627352,True,0.08813770230205636,0.20480665916000768,False,
IDYM,1851,0.06699081577525662,5.597587508932627e-05,0.16091072446202825,0.782032752064918,3976.0357857381605,True,6.073307295413767e-05,0.23294451395328486,0.7521948484926597,3486.1653381473625,True,6.735445866339187e-05,0.19494291027360994,0.7508780041661804,3492.6148413357587,True,0.03403218581158168,0.0720337894912566,False,
IGIHL,2354,0.027612574341546302,4.737201976062469e-05,0.13145823669154233,0.7947818449425827,5490.058827759511,True,4.565976080437266e-05,0.15184515148920297,0.7923083745806685,5200.090291225405,True,4.927529859635376e-05,0.14221761392664606,0.7876738040116387,5200.829116057699,True,0.010759377235103729,0.020386914797660638,False,
IGIL,1790,0.08659217877094973,4.31243467275378e-05,0.07355328305724261,0.8968730111545229,3365.0296294689156,True,0.00010427271337281393,0.1480613906425775,0.8153786176260663,2760.406988164551,True,0.0002792154945768844,0.1809970086815449,0.6618586035484793,2768.410437838039,True,0.10744372562430228,0.0745081075853349,False,
ILP,1843,0.01410743353228432,7.155033525736807e-05,0.21648214367454077,0.6567372475576094,4500.39340870982,True,7.469664583756555e-05,0.2503770001057469,0.6358788247528504,4381.8878707051435,True,7.780789479056992e-05,0.23540631631395384,0.6347070188382332,4380.2737560812475,True,0.018924172639413067,0.033894856431206155,False,
IMAGE,1346,0.03789004457652303,0.00022584808952943086,0.1892422089822161,0.5714698883223214,2842.7581930739834,True,0.0002564970310171183,0.25399562308917445,0.5227506426627224,2618.722919836548,True,0.00027733200516183855,0.23178088528153146,0.5048980079369167,2618.683049207307,True,0.04253867629931535,0.06475341410695834,False,
IML,1059,0.08026440037771483,0.0007088731279276189,0.14490799188905568,0.48893376088334606,1818.9904330397167,True,0.0010217491932697216,0.24846129459793642,0.3427706298269374,1494.3119258274978,True,0.0012258545497741574,0.2143615382329716,0.2526001347260881,1495.1470659666757,True,0.06945354634391593,0.10355330270888075,False,
IMS,1731,0.14500288850375506,0.0002105140227503252,0.16048530930468907,0.7268929251376256,3042.637796650572,True,0.00021551224143550576,0.309685008144327,0.6903149918554186,2141.384759532528,True,0.0003186441486914603,0.2546694034091973,0.6336380702449527,2159.2878788048974,True,0.09418409410450823,0.1491996988396379,False,
IMSL,879,0.1945392491467577,3.0079927594201375e-05,0.07896195813802195,0.9013530462136117,1631.9996205381622,True,0.0007457920521116042,0.6948450625319869,0.24993135268702898,1006.3100610393755,True,0.0009383335171465065,0.5293332931658095,0.14454638737701317,1019.3360687706238,True,0.4503713350277875,0.6158831043939649,False,
INDU,2473,0.009704811969268095,2.7150395903382264e-05,0.11476637340569754,0.7854956413420027,6787.864477053007,True,2.6434811410539776e-05,0.1222191666401045,0.7864688259074297,6668.1479515707715,True,2.731157503530908e-05,0.1191600442999819,0.7834985481153072,6668.944304540712,True,0.004393670894284357,0.007452793234406965,False,
INIL,2471,0.03925536220153784,7.096628039460535e-05,0.10330485041627692,0.7973402126733704,5519.332465701754,True,7.551469255760206e-05,0.13584578187075008,0.7786615496154483,5095.899186769053,True,8.604295916986052e-05,0.12586221633607586,0.7649390509610556,5100.143029736081,True,0.02255736591979894,0.03254093145447316,False,
INKL,1067,0.12277413308341144,0.0002177038672710208,0.16755049415724133,0.7303359909091354,1822.4518872304843,True,0.00024215365588433024,0.28608867602649535,0.6965349406431283,1349.0071521544678,True,0.00031760612286972113,0.22992422511891308,0.6625333213238269,1354.176474987649,True,0.06237373096167176,0.11853818186925402,False,
IPAK,573,0.0034904013961605585,0.00022524940431178762,0.4342971034488391,0.16009775350337557,1430.3770562322752,True,0.0002279134532975694,0.45101933651139886,0.1514433723175465,1419.4598619383614,True,0.00022820937600044166,0.44987343551460945,0.15088999855495613,1419.4117352409892,True,0.01557633206577036,0.016722233062559766,False,
ISIL,1126,0.08614564831261101,6.757016311067024e-17,0.040853826198977136,0.9585465632580241,2354.4405817678994,True,8.376766652160917e-06,0.11266305183457348,0.8873369481654216,1983.5521822471226,True,6.047090828630611e-16,0.04687925030927756,0.9531207496907119,1995.0610638337334,True,0.006025424110300423,0.07180922563559634,True,
ISL,2470,0.04331983805668016,8.336047194544251e-05,0.13092180971423925,0.7571141786541369,5494.644337413809,True,8.896113769617077e-05,0.18208182184347455,0.7288269687807972,5040.661237419219,True,0.00010263205570066857,0.16833262841697147,0.7104988061668565,5048.823629395456,True,0.03741081870273222,0.051160012129235294,False,
ITTEFAQ,2282,0.02848378615249781,0.00020328293622469352,0.2055007912857738,0.6154754453077109,4677.773658845143,True,0.00021474122783932744,0.2590269761389194,0.5867707775787228,4408.577459942331,True,0.00022554488842372157,0.24052257386104847,0.5803645328848523,4408.976672490724,True,0.03502178257527466,0.053526184853145586,False,
JATM,1841,0.07658881042911461,9.850938586889133e-05,0.12048631784807469,0.8575162230561835,2603.85440421936,True,0.00016590104282205242,0.2003088800660852,0.7996911199334429,2125.964114758593,True,0.00018332103831690912,0.16573673465013694,0.8011398854036742,2122.6272042447763,True,0.04525041680206225,0.0798225622180105,False,
JDMT,1550,0.12064516129032259,0.00011147832534601828,0.12608920027088838,0.8150027103507484,2727.072644380599,True,0.00014195652581867378,0.21800938378718673,0.7725868636036828,2043.375323291368,True,0.0002852422982635949,0.20788375497715084,0.6766769125743164,2046.1531429369766,True,0.08179455470626246,0.09192018351629835,False,
JDWS,1608,0.05783582089552239,1.2863608526601502e-05,0.1337920732530054,0.8579769206929876,3616.209979880921,True,1.819753190558635e-05,0.17175857061667388,0.8282414293832834,3238.92196109114,True,1.9215565027186512e-05,0.16516574648270904,0.82519301804277,3238.4255757659007,True,0.031373673229703636,0.03796649736366847,False,
JGICL,1762,0.022701475595913734,9.464179911095736e-05,0.199819967063808,0.6827959464612796,3940.9275961134767,True,0.00010248049382858033,0.2377996906136138,0.6565250196629547,3770.317626569845,True,0.0001151411761236364,0.22999008983275954,0.6368287313273712,3772.1970760625154,True,0.030170122768951535,0.037979723549805805,False,
JKSM,1208,0.13493377483443708,0.0001066711419722423,0.13258357024418274,0.8218114430854899,2025.1665886009891,True,0.00014814010178034105,0.21855088592317912,0.7814491140767973,1443.6593113332272,True,0.0001583880160322475,0.1609964947538896,0.7893191598722957,1446.1180024604068,True,0.028412924509706866,0.08596731567899638,False,
JLICL,2081,0.0312349831811629,0.00012433789770632816,0.1875397438591038,0.6461809879138671,4663.821276204245,True,0.00013016061323376375,0.24847505660414038,0.613835145369237,4390.671923681987,True,0.0001430839885415113,0.2284813066478869,0.599807631202755,4395.311173488673,True,0.04094156278878311,0.06093531274503658,False,
JOPP,1105,0.21447963800904976,9.936827621896882e-19,0.16624114799128503,0.823176020607385,2095.9026024347772,True,8.117200127582318e-19,0.23375976731461837,0.766240232685236,1206.4547808259651,True,7.136204101605626e-19,0.2445460263157735,0.7554539736841794,1253.1066063376043,True,0.07830487832448846,0.06751861932333333,True,
JSBL,2397,0.005840634125990822,8.975022929703804e-05,0.1181717729238243,0.7976175851505471,4945.7524184952335,True,9.410062778904052e-05,0.1267050221431793,0.7883731420271243,4884.46827575635,True,9.525041130785961e-05,0.1234409923959944,0.7887136299267311,4884.2750148154155,True,0.0052692194721701,0.008533249219355,False,
JSCL,2475,0.04323232323232323,7.780097882868767e-05,0.1317570146046051,0.7912817413792348,5168.730325603532,True,8.938253513221777e-05,0.1765909119880958,0.761110189593867,4719.3303745173835,True,0.00010341343510168651,0.1604976575985522,0.7487082263425018,4720.1736542682165,True,0.028740642993947102,0.044833897383490695,False,
JSGCL,1550,0.11290322580645161,0.00040015213535836685,0.226750194475899,0.4897260707068988,2947.71204929728,True,0.00042010969349670375,0.38464902193596384,0.47389834322825697,2289.9650959672945,True,0.00044412738017052136,0.3265663038908849,0.45124187611553956,2308.1068118048697,True,0.09981610941498592,0.15789882746006484,False,
JSIL,1650,0.04787878787878788,6.158807431210303e-05,0.15392177630219717,0.8135493073998388,3110.1578028735103,True,5.645596154360673e-05,0.20187597702103138,0.7972951701993363,2813.230139374356,True,9.650096387295584e-05,0.18752473795983232,0.764656598800756,2805.6885705309,True,0.033602961657635155,0.04795420071883422,False,
JSML,2045,0.0958435207823961,0.0002564720528021354,0.18282670231722065,0.6308054854687324,3906.911266572798,True,0.00029910060916333306,0.31509910181691264,0.5718018626819009,3154.508624155926,True,0.0003964072393664565,0.27965621722628436,0.49857472067192743,3167.7146237334605,True,0.09682951490906372,0.132272399499692,False,
JUBS,1858,0.07642626480086114,0.00011816401819657812,0.06965163094624628,0.9027654011631949,2541.3135971132474,True,0.000918849386943518,0.30125452375579276,0.5680143237658075,2079.973657528552,True,0.0011766179308697628,0.31091452844530587,0.48081481217842315,2106.8762865535928,True,0.2412628974990596,0.2316028928095465,False,
JVDC,2116,0.048676748582230624,8.969016086468425e-05,0.1572877640187922,0.7305557946668783,4658.415842066659,True,9.520389055704838e-05,0.2089937135827889,0.707724918520062,4213.741672433454,True,0.00010538975320703359,0.18128822197591615,0.7027755104488512,4212.5979729475575,True,0.024000457957123966,0.05170594956399671,False,
KAPCO,2459,0.011793411956079707,3.505765835364449e-05,0.20925632487014093,0.7019244527798538,6590.135389985698,True,3.738928410293432e-05,0.24163780218660683,0.6790548745219784,6452.946416857818,True,3.844153839551287e-05,0.22886264804207349,0.6797477903797342,6450.75838402624,True,0.01960632317193256,0.0323814773164659,False,
KEL,2476,0.0004038772213247173,4.720357851587986e-05,0.13309699558521026,0.8239710945170401,5375.328939733294,True,4.676195886275962e-05,0.13317420525683088,0.8246547657809218,5370.4588694642,True,4.6999710501085715e-05,0.13322228342630382,0.8242472700883352,5370.307220977629,True,0.00012528784109355762,7.720967162061498e-05,False,
KHTC,2284,0.09369527145359019,0.00021739108073382224,0.2685969043332791,0.5071982337770248,4842.468632334474,True,0.0002485972290466674,0.49527629283057595,0.4211832798213399,3999.7114524303943,True,0.00030398663433586705,0.4141772955559076,0.3661693551788088,4019.8870337324925,True,0.1455803912226285,0.22667938849729685,False,
KML,1713,0.1039112667834209,0.00020340990927756285,0.18541939254749962,0.6692724563893974,3279.210130343266,True,0.00034297569245481156,0.364582249686542,0.5193097086008289,2593.553739472828,True,0.00036874756315324284,0.2865199206537119,0.514140199161437,2599.434637080753,True,0.10110052810621228,0.1791628571390424,False,
KOHC,2468,0.033630470016207455,8.680345512034361e-05,0.18285917646221533,0.6835068090112877,5726.885822656304,True,8.594823025757036e-05,0.2341761343713265,0.6671946538716163,5372.11090486004,True,9.491861024328154e-05,0.21387938533409068,0.6567675534627471,5377.324446678918,True,0.031020208871875343,0.05131695790911117,False,
KOHE,2241,0.01606425702811245,4.389232108866234e-05,0.26192228403054585,0.669791182483221,5759.605137741499,True,4.532337733692394e-05,0.30230974942334204,0.6516556783050675,5594.346184371014,True,4.659631725667422e-05,0.2750593779220438,0.6576571532467491,5587.385343815888,True,0.013137093891497975,0.040387465392796196,False,
KOHP,2167,0.044300876788186436,0.00024370208328262637,0.16859573611251377,0.7769432414524764,3104.7496191496666,True,0.00033005705489271757,0.2521749315461691,0.7114792369883185,2785.5298795237136,True,0.00047868139011646323,0.2565646472167319,0.6521880557137008,2796.5336635358935,True,0.08796891110421812,0.08357919543365533,False,
KOHTM,1227,0.1687041564792176,0.00012434188667963394,0.16942486839875764,0.7744659548353205,2100.70305949419,True,0.00023416160549428328,0.3301234736859613,0.6698765263138315,1391.1613168931435,True,0.00028309796237968544,0.28989318326385716,0.6318257183119376,1408.0139899257927,True,0.12046831486509951,0.16069860528720364,False,
KOIL,2366,0.03761622992392223,0.0003995008489622011,0.2451282975123853,0.5470116044879496,4234.627190757838,True,0.0003871252512537592,0.33307277518731726,0.5271091856347054,3923.111048652351,True,0.0004362752819895126,0.3136416010149431,0.4970194048143722,3941.534813349451,True,0.0685133035025578,0.08794447767493196,False,
KOSM,2473,0.005661140315406389,0.00017531445963793848,0.194436166811006,0.7401385314260274,4308.163865914537,True,0.00017302861481000237,0.20276373401819597,0.7382652665783129,4254.552326060748,True,0.00017836028430108066,0.1998761863439649,0.7357649405726759,4252.915505023905,True,0.00544001953295889,0.008327567207189968,False,
KPUS,1076,0.258364312267658,6.323273674470318e-05,0.24172561849587385,0.7494348177681015,1814.6697039810977,True,0.00017947541669565385,0.3620169928499827,0.6379830071499997,911.3024977882802,True,0.0001552038881050613,0.3819548728671589,0.6084954536559819,973.7098266032448,True,0.14022925437128506,0.12029137435410883,False,
KSBP,2087,0.06660277910876856,0.00010238608173599822,0.1613960056976077,0.7372972395819359,4366.190973142018,True,0.00011364417086116561,0.24966926849047044,0.693903469280103,3803.958196390974,True,0.00015923092727005252,0.22289605810135635,0.64618310913226,3809.5206574571234,True,0.061500052403748645,0.08827326279286274,False,
KSTM,1021,0.09598432908912831,4.815878378140872e-05,0.0830356046498231,0.911778801003759,1187.7968486802536,True,0.00011412156196936645,0.11434629808612165,0.8856537019138166,878.5572149020919,True,0.00012306725054947378,0.10348419991727004,0.881696559418883,868.053604299201,True,0.02044859526744694,0.03131069343629855,False,
KTML,2358,0.02883799830364716,2.7612830142505524e-05,0.07426694809857481,0.891805570500277,5138.88682996694,True,2.763609346190074e-05,0.08646989160520308,0.8868297490557688,4844.852367985533,True,3.453798666981891e-05,0.08297054559160473,0.8771850942706091,4845.783161289321,True,0.008703597493029916,0.012202943506628261,False,
LCI,2440,0.012704918032786885,4.379910685809249e-05,0.13306148307344007,0.7395900515240883,6404.4741681252035,True,4.096733709180505e-05,0.1392639022229748,0.7494728344344666,6251.627914615149,True,4.2609606583931235e-05,0.13412126110224895,0.7458243507777426,6250.114684672168,True,0.0010597780288088832,0.0062024191495347325,False,
LEUL,2041,0.1464968152866242,6.82121641675085e-05,0.1148204237141677,0.8567921023060727,3403.812541908983,True,0.00016181367910454556,0.2284725731981787,0.7715274268017396,2340.628106405367,True,0.00026812692042422874,0.20056758092254623,0.7164388804705595,2344.033787807767,True,0.08574715720837853,0.113652149484011,False,
LIVEN,1375,0.184,3.735529836219896e-05,0.13855068768456213,0.8555706853235658,2059.7195184286493,True,8.976882235235651e-05,0.1919221081232295,0.8080778918767693,1242.931740895965,True,5.47937297861054e-05,0.17790369941239706,0.8194365772719265,1275.2118887319236,True,0.039353011727834925,0.053371420438667355,False,
LOADS,2447,0.046587658357172046,9.221321464045548e-05,0.14596650606596945,0.7534305261184098,5247.1025769269945,True,9.568783379435778e-05,0.18815652219879062,0.7382289059189246,4756.636795913867,True,0.00012130338238742564,0.17435409785118566,0.7080329249364747,4758.537731763227,True,0.028387591785216215,0.04219001613282117,False,
LOTCHEM,2471,0.017806556050182113,6.257774854395082e-05,0.13657645174256716,0.7714600695338485,5683.266332626749,True,8.45653909618894e-05,0.18792240687854422,0.7045276108728127,5485.994014250813,True,9.953675911671014e-05,0.18636669479418821,0.6763969940381571,5484.609945700948,True,0.04979024305162105,0.05134595513597706,False,
LPGL,1454,0.21182943603851445,7.550956118151185e-05,0.19587174425718665,0.7756099024898316,2503.7201656686393,True,0.00024471010579706846,0.37015610837344726,0.6298438916265414,1447.0927734627132,True,0.00018558169391782355,0.32187592234221285,0.6428192031923556,1476.1517896038044,True,0.1260041780850262,0.1742843641162606,False,
LPL,2435,0.01971252566735113,6.113681263942464e-05,0.15844645634557952,0.7434815644791304,5750.002851861458,True,7.572876645522655e-05,0.21004247207745042,0.6889779529239113,5535.630365496576,True,7.955874694896918e-05,0.19476963491016583,0.6869382179298095,5534.265486423195,True,0.036323178564586306,0.05159601573187089,False,
LSECL,577,0.01386481802426343,0.0006981867073690439,0.2893945990843922,0.3328840404539541,1034.578257654407,True,0.0007335244845911095,0.35472866933705083,0.28681693881645687,1004.6694328145411,True,0.000766638399388741,0.3405919843956268,0.26999092335652,1005.8651403236555,True,0.05119738531123463,0.06533407025265864,False,
LSEFSL,569,0.10896309314586995,0.00030780006141468296,0.0981315561156191,0.809394870172769,826.6708450899058,True,0.002019545065937653,0.6454838755944101,0.09088230100172051,626.5875276019942,True,0.002086909827945383,0.5203404312424005,0.08098329673841262,633.4822686979549,True,0.4222088751267814,0.547352319478791,False,
LSEVL,783,0.022988505747126436,0.0005407803311731697,0.17956034653501793,0.49076824629551496,1420.8936250548968,True,0.0005623928021562478,0.21805184557948523,0.4696386473655732,1348.529127359699,True,0.0005713956173190324,0.20139025030064225,0.46966102406483257,1349.7242019797072,True,0.021829903765624326,0.0384914990444673,False,
LUCK,2467,0.012971220105391163,3.6899335031068115e-05,0.13438484411004634,0.7848216235111747,6167.056283811986,True,3.730042797294037e-05,0.1492800515506606,0.777258178806925,6017.840323434149,True,4.0063978066178936e-05,0.14629185182005505,0.7699792595845976,6017.360013508472,True,0.011907007710008716,0.014895207440614261,False,
MACFL,2283,0.09899255365746824,3.041110284262115e-05,0.09573674576789795,0.8793465664790716,4595.934940755946,True,5.167092655589162e-05,0.18557770371373808,0.8144222962861245,3718.051976215143,True,6.236586379343972e-05,0.15513582027057332,0.8078635373810141,3736.304468922459,True,0.05939907450267537,0.08984095794584013,False,
MACTER,1457,0.10844200411805079,3.5171420444304866e-05,0.09944870392220839,0.8760513713939453,2832.032210931551,True,4.81809117040523e-05,0.16101065888486826,0.8389893411147706,2233.3927617007243,True,5.6455839543346044e-05,0.14125500550505266,0.8303695127694586,2239.653218935119,True,0.04180630158284426,0.06156195496265987,False,
MARI,2471,0.016187778227438283,3.1867723662172394e-05,0.20055502807842251,0.7206901816340704,6577.41571940751,True,3.263828455647274e-05,0.22860956339377148,0.7074582373191851,6391.85908114951,True,3.590483331222035e-05,0.2190910109819973,0.6971450559091501,6387.50891608367,True,0.018535982903574777,0.02805453531534896,False,
MCB,2474,0.004042037186742118,2.692090961714623e-05,0.11745790279957163,0.7858423263367558,6783.068278648632,True,2.753050409344623e-05,0.12447170311733183,0.7795788175245746,6732.245498285087,True,2.7688769061972647e-05,0.12170246449837795,0.7803540595351075,6731.646566736702,True,0.004244561698806312,0.007013800317760194,False,
MCBIM,1869,0.042803638309256285,7.152054171186511e-05,0.18085895953511594,0.7427545699405005,4043.4265786542464,True,7.270327237606438e-05,0.2265188114449596,0.7263523409562953,3713.231437180706,True,7.205046820135891e-05,0.19099668470252182,0.7417566984842558,3714.4620040942386,True,0.010137725167405881,0.045659851909843674,False,
MDTL,2473,0.005256773150020219,0.0002843872553763601,0.17883040369495323,0.7366806326679574,3938.6313166374553,True,0.0002925812237064703,0.18883547098743392,0.7289215788372219,3887.199477445132,True,0.0003018849511771328,0.1870181316629388,0.725252534227401,3886.8063579449868,True,0.008187727967985559,0.010005067292480685,False,
MEBL,2450,0.007755102040816327,3.2335373266040616e-05,0.11823640432836457,0.7927827262917413,6381.388744015729,True,3.272540296933819e-05,0.12803008188473947,0.7868506468021867,6288.44716875094,True,3.3992176779602894e-05,0.12429855554722599,0.7844281515755219,6286.996940688101,True,0.006062151218861417,0.009793677556374891,False,
MEHT,1094,0.07952468007312614,3.365738835211874e-05,0.14574899976441824,0.8389844144764014,2143.272331049391,True,5.717113548157375e-05,0.22170212726454097,0.7782978727353949,1824.4906119549346,True,5.663017382618991e-05,0.19508045159702697,0.7841871445622921,1827.944442163953,True,0.04933145183260873,0.07595312750012273,False,
MERIT,2437,0.03857201477226098,0.00019576561791073303,0.1797803530012283,0.579167672227191,5310.213836030509,True,0.00020971504007665778,0.228254815477426,0.5551952547025092,4902.242750749862,True,0.00021678622559082196,0.20601070570800956,0.5523675917511264,4906.240534047842,True,0.026230352706781257,0.04847446247619769,False,
MFFL,2109,0.07728781412991939,5.664084401478318e-05,0.16451157594434426,0.7823977505223094,4453.684534998398,True,6.944763993510191e-05,0.2817746527971456,0.7182253471905669,3808.0629754057995,True,8.195982947079808e-05,0.22344224493045386,0.7194130027105035,3813.3081197909482,True,0.0589306689861096,0.11726307685280132,False,
MFL,2104,0.03897338403041825,6.29855703703824e-05,0.07391835173238465,0.8534187099920443,4481.867493545498,True,9.028063720879843e-05,0.09997423132475439,0.810865110335272,4120.001091804622,True,0.00011565087885971926,0.10057820451529163,0.7761486561446016,4118.858755833824,True,0.026659852782906987,0.02605587959236974,False,
MIRKS,1767,0.05319750990379174,0.00011105091495321774,0.1555086052543815,0.7186894673307167,3797.579384550384,True,0.00014164950936613373,0.21634401686322946,0.6654074020291243,3392.7355416293653,True,0.00014246278264969992,0.18442039092133056,0.6741794131495742,3395.184660622632,True,0.028911785666949047,0.06083541160884795,False,
MLCF,2470,0.039271255060728746,2.4244523646595622e-05,0.08182973212433173,0.8848372146612087,5558.285321879523,True,2.1829612902212663e-05,0.10263172162105516,0.8793964248400595,5146.92874988121,True,2.7042294996608483e-05,0.09276354933053349,0.8738680538257784,5149.123170420428,True,0.010933817206201762,0.020801989496723433,False,
MQTM,1011,0.13550939663699307,7.486198259775833e-05,0.13764535936683825,0.8259648603838698,1800.8279881527635,True,0.0001516872394630642,0.25195366427251664,0.7480463357273957,1290.2353910586216,True,0.00021351588231214777,0.19402263304806064,0.7229800450005308,1287.2622679656777,True,0.05637727368122239,0.11430830490567839,False,
MRNS,2078,0.03609239653512993,0.00017446251870026927,0.14970805181033844,0.5995634396495697,4663.191929204902,True,0.00019916786726579148,0.20290611380970444,0.5493960316742882,4333.86440605033,True,0.00020395544809409175,0.18510604428683353,0.5472999242940746,4338.819692804381,True,0.03539799247649508,0.053198061999366,False,
MSCL,1401,0.1270521056388294,3.5010527566128486e-06,0.1340344035933167,0.865965596406596,2501.6124312749,True,3.953168958404616e-06,0.13403440357680663,0.8659655962264285,1846.6642419119182,True,3.532654572193011e-06,0.1340344036786314,0.8659655956448782,1863.2455321091045,True,8.531469974926154e-11,-1.6510071088049472e-11,True,
MSOT,1678,0.12455303933253874,7.844419217797192e-05,0.09469677255138323,0.8620807980795611,2990.0730719103667,True,0.00010343905648268844,0.1512801330129144,0.8368974806999383,2206.9046225429015,True,7.736455638871742e-05,0.09127055751297689,0.8761618386241807,2210.371984676933,True,-0.003426215038406344,0.056583360461531174,False,
MTIL,972,0.07716049382716049,5.513138612011899e-05,0.04874565797034443,0.9422973529287688,1151.5743029507885,True,0.00014824072133347836,0.07686086864089489,0.9117432827735804,907.3979322492291,True,0.00017583796572992445,0.06755884737264946,0.90700828330355,904.3338693407425,True,0.01881318940230503,0.028115210670550464,False,
MTL,2465,0.015010141987829614,5.615129652779296e-05,0.2420137992110374,0.6013519913853268,6604.718196224818,True,5.687347937169491e-05,0.2805130784210399,0.585490136274071,6427.836147030988,True,5.9363803273538025e-05,0.2674372953326667,0.5799891944997387,6426.288431425993,True,0.02542349612162928,0.038499279210002485,False,
MUGHAL,2469,0.046172539489671933,6.321964006898178e-05,0.1310680498528775,0.7878198920057163,5467.529859058948,True,5.985049916331304e-05,0.17333304712002073,0.776933242697426,4988.919853502224,True,7.397177180761103e-05,0.15688549059954493,0.7596732125170922,4989.281181081071,True,0.02581744074666742,0.04226499726714322,False,
MUREB,2208,0.019021739130434784,5.5158200928262604e-05,0.1637432239171404,0.7104210906352773,5555.886160327048,True,5.311954239163476e-05,0.18250799799521034,0.7113808598521905,5360.016943392673,True,5.673268708206133e-05,0.17314434565911363,0.7045310003884877,5360.339455251388,True,0.009401121741973217,0.018764774078069923,False,
MWMP,662,0.1163141993957704,0.000539354876440875,0.3794638968222858,0.42981167953651084,1102.2747092698473,True,0.000635635657550905,0.684328294685234,0.3156717053103719,860.8759282953947,True,0.0007648361263336566,0.6118950430148902,0.2501163052178091,870.4497825318149,True,0.23243114619260435,0.3048643978629482,False,
NAGC,1289,0.11326609775019394,0.00013195983374652225,0.18831284234955747,0.7364500687816142,2377.2227735335973,True,0.00013919206809361875,0.28616849882767836,0.7138315011720804,1836.2845525441799,True,0.00016278096074245896,0.21928868995656303,0.710879396307933,1831.1535348555192,True,0.030975847607005558,0.09785565647812089,False,
NATF,2394,0.018379281537176273,4.550396710393567e-05,0.15837873449676892,0.7347505935229027,6100.311257684667,True,5.032390414028164e-05,0.18984165210653509,0.7075774693069072,5891.788363700442,True,5.3735134622133414e-05,0.17906853313573126,0.7015658475585316,5892.307422981045,True,0.020689798638962337,0.03146291760976616,False,
NBP,2471,0.014569000404694455,9.933818251972541e-06,0.08495494342641915,0.8979048194907604,6133.112561855423,True,9.735810195653803e-06,0.09402528916160335,0.8939341587501607,5966.60506840838,True,1.0469260131821554e-05,0.08933505701333497,0.8937593050042743,5965.528923301319,True,0.0043801135869158125,0.009070345735184199,False,
NCL,2466,0.0202757502027575,0.00012450651774214785,0.1452662688660367,0.6281637409158227,5834.966512858895,True,0.00012870185458740854,0.16424503749799912,0.6189991651008789,5600.775473147146,True,0.0001303653968652224,0.15420628772271455,0.6196942006563022,5600.826382088862,True,0.008940018856677862,0.018978768631962434,False,
NCML,2039,0.026483570377636097,0.0004139726458829786,0.2135582871553418,0.6935326094345591,2917.4127817167737,True,0.0005583381310525057,0.28460527884971143,0.6168651212880776,2732.4636822773596,True,0.0006768787465597727,0.2858617671554005,0.5726825324669947,2729.3363632009737,True,0.0723034800000587,0.07104699169436962,False,
NCPL,2471,0.0339943342776204,8.15028880175263e-05,0.23044864808757048,0.659227371649259,5771.805191431533,True,8.805410661114626e-05,0.3020623977594561,0.6241513141237689,5399.3865499502845,True,9.23965188573998e-05,0.26820682012414165,0.6259649377286503,5396.972303563296,True,0.03775817203657117,0.07161374967188561,False,
NESTLE,1945,0.021079691516709513,1.2494601440356444e-05,0.11158433703889237,0.8595213165144504,5085.790678175601,True,1.2308292505412823e-05,0.12303586177539708,0.8568764169408902,4891.736893141018,True,1.2683662739754101e-05,0.11395658730390446,0.8590108194866981,4893.484237122602,True,0.002372250265012088,0.011451524736504709,False,
NETSOL,2471,0.08012950222581951,7.823503607209885e-05,0.1662757038257347,0.7562203481783609,5216.432798542358,True,7.776625700831096e-05,0.2513652060261936,0.7313423520700701,4420.746759632118,True,9.633444033616367e-05,0.20671667264695806,0.718812540514447,4423.255658687151,True,0.04044096882122336,0.08508950220045891,False,
NEXT,2193,0.04970360237118103,6.43032133166747e-05,0.0865948091696486,0.8813404394765005,3800.2222355812755,True,0.00010429783658028746,0.13909396800508747,0.8285456855981754,3385.7150994488693,True,0.000111305709782326,0.11684830100239765,0.8339364186793188,3384.909567795186,True,0.030253491832749058,0.052499158835438875,False,
NICL,2059,0.03156872268091306,0.00012620679465968941,0.14017397561905998,0.6655634002552648,4695.966911785038,True,0.00016683025036910343,0.19717695636647908,0.5786337523338401,4404.978397623729,True,0.00020348437708343024,0.20097386324810562,0.512052092873731,4408.5539486872,True,0.060799887629045646,0.05700298074741911,False,
NML,2472,0.015372168284789644,3.299372724084151e-05,0.10190934345232516,0.8361024230904363,5951.869660920855,True,3.354209108462745e-05,0.11517903303193079,0.828747434614662,5776.34666533362,True,3.660435712985319e-05,0.11082073673473061,0.8233509315620489,5774.976782993957,True,0.00891139328240545,0.013269689579605629,False,
NONS,1550,0.10774193548387097,0.000268842767446668,0.2076718797204413,0.5651145934437658,3085.073602103371,True,0.0003433253493996661,0.3692279680503029,0.4833209930514762,2431.10554172241,True,0.000407095351107856,0.30892490226029456,0.43313496316585126,2442.667401130724,True,0.10125302253985327,0.1615560883298616,False,
NPL,2434,0.02218570254724733,5.791652609811408e-05,0.1591578777487117,0.7380513779642128,5846.265080127327,True,6.321669292832233e-05,0.19893881019735732,0.7090650785337046,5602.885414680715,True,6.840419754977094e-05,0.18995733769911943,0.6991944849885305,5602.792426565874,True,0.030799459950407726,0.03978093244864561,False,
NRL,2472,0.05016181229773463,4.200937040629332e-05,0.1062345939646938,0.8492960830792204,5295.571266653937,True,4.846208781827611e-05,0.1514767640923365,0.8206584547228057,4777.484782236801,True,6.132355585109235e-05,0.136429949831422,0.8069319723990145,4780.509935774874,True,0.03019535586672821,0.045242170127642714,False,
NRSL,2464,0.02150974025974026,9.596280594407718e-05,0.12260099606733058,0.7934492132036676,4992.6594759249265,True,9.92078656660759e-05,0.1376125709262741,0.7864831559112833,4763.487305257402,True,0.00010697756932357495,0.1295677347215085,0.7814444502985827,4763.223682695096,True,0.006966738654177934,0.015011574858943527,False,
NSRM,906,0.19757174392935983,0.0006377038894442725,0.30702064286974934,0.39835425767750576,1540.8501465181537,True,0.001076872134812907,0.8018288759791152,0.19817112402084586,922.7457898762273,True,0.0010566642500877167,0.49928327620868246,0.2282064258871978,931.7368287003312,True,0.19226263333893312,0.4948082331093659,False,
OBOY,2116,0.0500945179584121,4.2431595680516646e-05,0.10032534919330488,0.8871323137886598,3517.1757982846652,True,4.472018819284925e-05,0.1227986012754988,0.8772013987243925,3137.1517881895797,True,5.4545930380537884e-05,0.11535708991554128,0.8702349212837451,3139.639524785568,True,0.015031740722236397,0.022473252082193917,False,
OCTOPUS,1231,0.05117790414297319,6.066489781180482e-05,0.1684849042887756,0.7702167560323241,2674.09968695103,True,5.965196128455356e-05,0.22359838435857243,0.7549187559103028,2413.437239423506,True,6.445965622133633e-05,0.18708520007941135,0.7592940399687134,2414.513006167383,True,0.01860029579063574,0.05511348006979683,False,
OGDC,2474,0.00889248181083266,1.7739287299811614e-05,0.11468277540633826,0.846601579766785,6317.528241584274,True,1.6832801859625266e-05,0.12173488559994616,0.8462484497299791,6211.964779300296,True,1.7382906115136168e-05,0.11650066193740367,0.8473458770790525,6211.4785575450505,True,0.0018178865310654185,0.007052110193607908,False,
OLPL,2420,0.012396694214876033,4.656743220599077e-05,0.21952764401593763,0.6386746831494623,6559.520223799838,True,4.681907853113091e-05,0.24412888642252795,0.629392444110848,6412.617546336843,True,4.8389122999560875e-05,0.23664958432130367,0.6249115166927655,6413.210442109748,True,0.01712194030536604,0.024601242406590312,False,
OML,1265,0.13201581027667983,0.0002626943989597543,0.17815925814171574,0.729525551845287,1986.7144961294443,True,0.00036009858786196635,0.3497927415148048,0.6478413981799567,1417.1523193672626,True,0.0004601112409357808,0.2781628136726533,0.612169249037392,1427.0923895203168,True,0.10000355553093754,0.17163348337308904,False,
OTSU,1766,0.06681766704416761,8.815146794920151e-05,0.12600939711471149,0.8023650293026796,3480.3632951991217,True,0.00010249224834361372,0.1820401933960408,0.7698902283249687,3014.060927768467,True,0.00012991692900298532,0.16584882459473158,0.7447863817962121,3020.0387009191577,True,0.03983942748002009,0.056030796281329315,False,
PABC,1283,0.013250194855806703,6.826191538163504e-05,0.11264576042023657,0.7712094291232312,3010.0452981812186,True,7.040323898740422e-05,0.12186576851935996,0.7655950531165099,2926.7779474958425,True,7.296400611208069e-05,0.11717279855275742,0.7625557829641102,2925.2323267625134,True,0.0045270381325208525,0.009220008099123392,False,
PACE,2473,0.016174686615446826,0.00016801709546346001,0.11321596714126345,0.8011827699735559,4367.1064029361005,True,0.00015566791849846415,0.12236337444120171,0.8069208609434364,4212.825645789257,True,0.00016172324266730092,0.11809044459738763,0.8041894609503368,4218.443663630749,True,0.004874477456124182,0.009147407299938265,False,
PAEL,2471,0.042897612302711455,7.615141528763888e-05,0.14186427499117388,0.7663356013880238,5410.939522235865,True,7.73973122271214e-05,0.17819198598718744,0.7545477493098482,4954.133698785053,True,8.78099059555493e-05,0.15848146094915785,0.7464018691981691,4952.524427787397,True,0.016617185957983976,0.03632771099601356,False,
PAKD,2045,0.07579462102689487,0.00022889917586184743,0.2003385339875917,0.5831138678487371,4184.577407111947,True,0.0002582265879297315,0.3198247273430156,0.5298450536657404,3570.1554646652125,True,0.00031279819055284296,0.28892482496709304,0.47491186335812824,3584.7243765983108,True,0.08858629097950135,0.1194861933554239,False,
PAKL,718,0.13649025069637882,0.00011785451872779547,0.28516792250957146,0.7148320774898778,1199.2075397668814,True,0.00020906117377533144,0.3356047505905503,0.664395249409443,884.6709379583729,True,0.00066390856783891,0.5074840402354714,0.35599297939912394,896.0692283139738,True,0.2223161177259,0.050436828080978824,True,
PAKOXY,1995,0.02155388471177945,5.067977628169204e-05,0.19832984435641487,0.7100504966672286,4929.617572827458,True,5.7411395184192305e-05,0.24559261900602045,0.6739651974097889,4735.551936650946,True,6.235637837250651e-05,0.23403777245632995,0.663312719859958,4734.8359657093515,True,0.035707928099915076,0.04726277464960557,False,
PAKRI,2392,0.020903010033444816,6.34682980135575e-05,0.14885933981784097,0.7319376539074891,5775.32947959503,True,6.71165306041941e-05,0.18076193124828985,0.7111152506484739,5549.5250065125565,True,7.207242495617039e-05,0.17050831533494198,0.7032202198399217,5549.612267019867,True,0.021648975517101016,0.03190259143044888,False,
PAKT,1854,0.03290183387270766,2.815213091962967e-05,0.10833461381424113,0.8547106459362236,4175.659817584651,True,2.5345841529053875e-05,0.1235378405363253,0.8551445518235838,3920.6150083005564,True,2.6097362559716195e-05,0.10859987561431134,0.8601512550910329,3920.0574585254385,True,0.0002652618000702073,0.01520322672208417,False,
PASL,2476,0.0008077544426494346,0.0004387847540438596,0.1861828040732494,0.7006474135399019,3755.676643644818,True,0.00044309947022928663,0.1902110119674836,0.6969500177254941,3749.9691967429576,True,0.00045170909660483796,0.19013870387341725,0.6935799811252039,3749.4505657937357,True,0.003955899800167834,0.0040282078942341926,False,
PASM,660,0.02878787878787879,0.00037108252227327563,0.10853152787004838,0.80787878900566,899.656747500128,True,0.0003935798339968859,0.12773456846099063,0.7979949663856681,831.0506315141497,True,0.0004056652228936671,0.11744711898522692,0.7975202719499606,830.4288771501022,True,0.008915591115178534,0.019203040590942244,False,
PCAL,2277,0.03337725076855512,0.00011552292472492685,0.13134619521128738,0.6959325324585721,5163.60373041057,True,0.00013358696758648635,0.16508127303514375,0.6603697535541292,4816.467075775894,True,0.0001407711305901705,0.1511192230393677,0.6537648368355004,4818.725046807319,True,0.019773027828080325,0.033735077823856374,False,
PECO,1416,0.12429378531073447,9.313841475644456e-05,0.15070353633176461,0.795995557400901,2591.15609844712,True,0.00011074348292616098,0.24175877254007505,0.7582412274599022,1953.6447464778084,True,0.00014898357977101944,0.21518152158127912,0.7246383609951719,1966.294451973857,True,0.06447798524951451,0.09105523620831044,False,
PGLC,1283,0.10989867498051442,0.00014776757585086936,0.22772916741438132,0.7355554076603497,2010.5586162936554,True,0.00019298589824157054,0.3106540599200167,0.6893459400798063,1555.0893134367036,True,0.0001761088279669043,0.2701331936339776,0.7036285646291978,1564.9943223907285,True,0.04240402621959627,0.0829248925056354,False,
PHDL,1453,0.13626978664831382,6.213869333342463e-05,0.2235159054046778,0.7764840945946956,2722.7431258053407,True,0.00012374965201278581,0.2643906485196178,0.7356093514803774,2017.539113853045,True,9.31371405070745e-05,0.26184916934206004,0.7362814456199314,2024.8418034519934,True,0.038333263937382234,0.04087474311493999,True,
PIAHCLA,2476,0.03836833602584814,0.00010966564029518897,0.15336717051251242,0.7771630245850882,4789.869365506063,True,0.00011117632064915146,0.21093889013295447,0.7526383933623756,4435.44496152665,True,0.00013040614900122023,0.1919448848485253,0.739448797298536,4447.605008659746,True,0.03857771433601287,0.05757171962044205,False,
PIBTL,2475,0.01616161616161616,4.8203092004957864e-05,0.09446183077519574,0.8480491131064494,5420.692102648372,True,4.985630141302362e-05,0.1021365733811887,0.8440739086848219,5237.173084128375,True,5.29778748042537e-05,0.09674797752237299,0.8418929763685146,5233.605316410073,True,0.0022861467471772534,0.007674742605992962,False,
PICT,2299,0.04784688995215311,3.4769649561087364e-05,0.2356675839131929,0.7299512599611907,5637.120427325351,True,3.952022094276711e-05,0.30914052548362314,0.6908594745162784,5194.065158744219,True,4.541719074564194e-05,0.2922821118966984,0.676472278055563,5197.726355757699,True,0.0566145279835055,0.07347294157043024,False,
PIL,2431,0.006170300287947347,0.00027291207602810297,0.12153765074184814,0.8154213134074031,3398.424845809812,True,0.00028839220425012815,0.13064956217192936,0.8060615578728288,3343.752650175203,True,0.0003047645037777439,0.13160053253849888,0.799555335499749,3343.819378603719,True,0.010062881796650741,0.009111911430081221,False,
PINL,1665,0.05285285285285285,2.8360111359019817e-05,0.08075091888509577,0.9148910163922257,2483.2489731755577,True,5.071917307105789e-05,0.11017662562817114,0.8898233743718054,2166.5089173928277,True,4.571707060673805e-05,0.09190108282557191,0.9003800610296314,2160.824453098655,True,0.011150163940476146,0.029425706743075375,False,
PIOC,2469,0.05953827460510328,8.103251044870704e-05,0.13554882958918152,0.7669844381524101,5383.311639881958,True,9.082747992010461e-05,0.19930612866753417,0.7330310985847454,4764.570726393851,True,0.00010819377814304787,0.17686640603928602,0.7134008968842527,4770.043056294395,True,0.041317576450104504,0.06375729907835265,False,
PKGI,2007,0.05082212257100149,2.3659777539369687e-05,0.0744187300924439,0.9237944758560238,2697.1259105309446,True,4.016571268874521e-05,0.08684371028462398,0.9131562897151304,2331.5436906761406,True,2.950401269993215e-05,0.07583607489236761,0.9214651765236723,2326.3276589293137,True,0.0014173447999237115,0.01242498019218008,False,
PKGP,2378,0.03532380151387721,0.0001186730522101463,0.24044685735341187,0.6095095512833533,5366.316155581622,True,0.00012733625360774264,0.3123493653323124,0.5744224414537309,5015.23830998224,True,0.00014365750993689859,0.2910141450173278,0.5511887102539823,5018.919064770572,True,0.05056728766391594,0.07190250797890052,False,
PKGS,2454,0.01426242868785656,3.343549270191953e-05,0.09606194367222248,0.8190030644755588,6236.937192639581,True,3.6627539240947224e-05,0.11366360695317054,0.8008140419498949,6070.973937822775,True,3.855348707061042e-05,0.11098088921034864,0.7955697227522958,6074.8291091812,True,0.014918945538126158,0.01760166328094806,False,
PMPK,1177,0.0875106202209006,9.439031665413208e-05,0.18701375932627073,0.7501487759852767,2291.2150797281156,True,9.592459798409534e-05,0.2820135221995924,0.7179864778003555,1907.3039361991669,True,0.00018054704556567513,0.25522808274614855,0.6437504511746637,1907.373469419823,True,0.06821432341987782,0.09499976287332168,False,
PMRS,773,0.12807244501940493,6.494113567901482e-05,0.1414896143112525,0.817241575044176,1483.5664037086447,True,9.29763680556167e-05,0.2245308725282545,0.7754691274717453,1107.8560768805849,True,9.421408947188761e-05,0.1828040528420793,0.7767767239818968,1114.992170017041,True,0.04131443853082678,0.08304125821700198,False,
PNSC,2455,0.04806517311608961,0.00011217610421378622,0.17623225885301652,0.6524507031971296,5652.940819951024,True,0.0001346549357483539,0.2460421715993455,0.5982509148334916,5122.575266125989,True,0.00015420500526876888,0.21973778641335628,0.5724924726191075,5122.232981424438,True,0.04350552756033976,0.06980991274632897,False,
POL,2467,0.007296311309282529,4.651009728698321e-05,0.21361019339739062,0.6157119646171345,6863.548167768096,True,4.6224945373527274e-05,0.22874552707885526,0.6118403720159216,6774.874142782947,True,4.680808085592661e-05,0.22231496899944486,0.6117098645208978,6774.831280267112,True,0.008704775602054238,0.015135333681464636,False,
POML,1719,0.07795229784758581,8.414169534975177e-05,0.16830382164451818,0.7644351057207107,3461.749811808594,True,9.224625224364177e-05,0.24710681357574787,0.7338477724244059,2936.8963968025078,True,9.459873867636345e-05,0.19161514463702012,0.7485150010465313,2938.126029696633,True,0.023311322992501937,0.0788029919312297,False,
POWER,2475,0.009696969696969697,6.540197301459352e-05,0.12572761099248364,0.7963344161827741,5450.813182326616,True,6.418869358740777e-05,0.13524447403228929,0.7941677099581879,5348.551362892006,True,6.650842874119722e-05,0.1316128332534507,0.7919100281425269,5349.235149937654,True,0.005885222260967049,0.009516863039805645,False,
PPL,2472,0.011731391585760517,2.23161743229159e-05,0.11510580373060716,0.8414609464415612,6105.419445076106,True,2.312838560673322e-05,0.1296642664053269,0.8313890196456579,5970.352903827952,True,2.3818620884929934e-05,0.12237264445834453,0.8333473054686873,5968.516621556883,True,0.007266840727737367,0.014558462674719747,False,
PPP,1536,0.10611979166666667,0.00013859799419835105,0.2027220241586054,0.6830832775768829,3097.601847285646,True,0.00014180073461479253,0.31838694529169287,0.6637818230396733,2465.1712217526756,True,0.00019971853969884607,0.2767282405308499,0.6040943307085187,2475.0121774149047,True,0.07400621637224447,0.11566492113308746,False,
PPVC,1667,0.0653869226154769,0.00015766022475764604,0.11429808277585157,0.8577819989567141,2117.443949668662,True,0.00022689946586484062,0.16160489349352813,0.822913059588241,1754.603858507448,True,0.00026735089205557467,0.13884263100998237,0.8182844744401538,1747.1527254209477,True,0.024544548234130797,0.04730681071767656,False,
PREMA,2008,0.06673306772908366,5.05908252042363e-05,0.09848895213323673,0.8453791931513266,4263.56946495508,True,5.21971958779536e-05,0.14462013637392962,0.8270031247086623,3725.6886699771117,True,6.579774901041107e-05,0.1292504830068521,0.8107919083919737,3741.3822004755925,True,0.03076153087361537,0.04613118424069289,False,
PRET,1560,0.07435897435897436,2.523427285334621e-05,0.054063290009881276,0.9267328499923293,2990.2591681034783,True,5.602153924649977e-05,0.10029947882841633,0.8762204056196115,2530.141602538716,True,6.257933306032266e-05,0.08252081844174225,0.8763832008329987,2528.2227068332913,True,0.028457528431860973,0.04623618881853506,False,
PRL,2473,0.05620703598867772,6.966534637061736e-05,0.1653450809820911,0.7641132676786294,5294.971059324078,True,7.52480109798544e-05,0.23233186868692682,0.7331568699318982,4717.3267078349,True,9.056049634822524e-05,0.2007291198130613,0.7219561952561031,4717.06974046133,True,0.03538403883097019,0.06698678770483571,False,
PRWM,1250,0.0672,0.0002613348489503379,0.1191906042675413,0.6780057117007898,2408.8496815477192,True,0.00036607528710378215,0.18924785899443003,0.5865004839894798,2075.865787850349,True,0.0003479453067725299,0.16197445027602042,0.6051151899491833,2078.3702652650913,True,0.04278384600847912,0.07005725472688873,False,
PSEL,1057,0.0510879848628193,4.507434894384071e-05,0.1930571023588284,0.7719212008100913,2253.57588091071,True,5.061527081949615e-05,0.25658994371234434,0.7414809291294763,2045.9909741939643,True,5.0457791808897605e-05,0.21538752664810346,0.7530078421482356,2046.2924900138296,True,0.022330424289275064,0.06353284135351595,False,
PSMC,1875,0.0864,3.036706129803015e-05,0.17082998371933178,0.79871952156508,4198.886317915758,True,3.6909641561818436e-05,0.24627069906233823,0.75372930093765,3572.5717227162236,True,5.1657982994729435e-05,0.23868411613644763,0.7225676130394472,3583.855518874772,True,0.06785413241711585,0.07544071534300645,False,
PSO,2469,0.014985824220332119,4.255094569418509e-05,0.1437578837846011,0.7700774544055069,6089.798672318073,True,4.044457337636121e-05,0.1553727110615316,0.7722516255334799,5919.965011957633,True,4.3456162143128065e-05,0.14980335997769384,0.7662095527997316,5918.436634608161,True,0.00604547619309273,0.0116148272769305,False,
PSX,2287,0.03541757761259292,9.823393779895552e-05,0.1379134083893493,0.7414197519341635,5002.514985875958,True,0.00010403432112538952,0.17357755292415494,0.7236640219619636,4651.097650501914,True,0.00012143989119953328,0.16382930874657894,0.7005504002279064,4652.049139115052,True,0.025915900357229654,0.03566414453480565,False,
PSYL,1858,0.0898815931108719,0.0003629758281888429,0.18343676280276322,0.5575155496870616,3516.577812333282,True,0.0004712826032292688,0.30027902946171237,0.47339047533504974,2866.791584569166,True,0.0005449323478214519,0.25849372184187913,0.4263704022127018,2871.155712353939,True,0.07505695903911591,0.11684226665894915,False,
PTC,2476,0.012924071082390954,3.4692434682166596e-05,0.13829315580304163,0.8168510919468706,5760.893742579512,True,3.3354393258132404e-05,0.15428536212575236,0.8120958908930435,5629.033464662183,True,3.5716776275401024e-05,0.14746189273382498,0.8096706711440336,5630.048735500708,True,0.00916873693078335,0.015992206322710728,False,
PTL,1379,0.01305293691080493,4.854154557492598e-05,0.15902400653986537,0.7684920799498449,3233.5337005398856,True,4.6548270374080914e-05,0.17204314087901407,0.7679131890832502,3151.8800060700223,True,4.709600339791518e-05,0.1636703733882155,0.770482390039124,3152.171353479179,True,0.004646366848350125,0.013019134339148697,False,
QTECH,2392,0.06145484949832776,0.00017741367268043747,0.12426195812387743,0.8268183675709271,3588.8631192141593,True,0.00014390086919522144,0.17359464986794115,0.8203982092380248,3115.078033870826,True,0.00022328047173746966,0.1586387001308578,0.7907861659505001,3133.9121882800246,True,0.03437674200698036,0.049332691744063725,False,
QUET,1409,0.13626685592618878,5.692287803826935e-05,0.13906655201171952,0.8446714880367974,2266.953201122286,True,0.00015341025658209236,0.24901867276743767,0.7509813272325538,1610.5362029719272,True,0.00012160245981754388,0.2059105520637577,0.772082154794427,1631.655538222241,True,0.06684400005203817,0.10995212075571814,False,
QUICE,2469,0.016200891049007696,9.513454149080176e-05,0.18946769615077347,0.7469426269178655,5015.861288565033,True,8.947030839139944e-05,0.2209255356646328,0.7388343760040991,4869.232017930529,True,9.807747460540385e-05,0.2076895633633407,0.7343322365942688,4873.588035860754,True,0.018221867212567244,0.03145783951385933,False,
RAVT,905,0.055248618784530384,0.00013405156642333239,0.14214945399056222,0.8415736736666628,1158.3391072492036,True,0.00017180857119556764,0.18191441517603668,0.81808558482383,987.9649615634187,True,0.0001846301589709372,0.15986166334872828,0.8194915136866141,981.5480066713826,True,0.01771220935816606,0.03976496118547446,False,
RCML,844,0.10308056872037914,7.500462372319068e-05,0.11645947337603757,0.8353304167960842,1584.8030485839624,True,6.232533776101107e-05,0.1593037350526511,0.8406962639158653,1257.3907091121491,True,9.218697821152338e-05,0.13680565744432993,0.8167208991406163,1258.7964104690802,True,0.02034618406829236,0.04284426167661354,False,
REDCO,2014,0.03574975173783516,0.0001027961076165842,0.10127622221580168,0.8672180967556452,3119.2384844014427,True,0.0001442663494264649,0.1370126191314852,0.8328883714735915,2846.1014695142367,True,0.00017321276468176862,0.12623579826717385,0.8239845817047768,2841.978942979756,True,0.024959576051372168,0.03573639691568353,False,
REWM,1920,0.06666666666666667,0.00016307240779216709,0.15050378381770668,0.7060821696762807,3859.045437332709,True,0.0002111232333908907,0.22189851502030028,0.6464024995440965,3341.293646106042,True,0.0002605692424912136,0.2069078278985631,0.5972743134152066,3347.173732708204,True,0.05640404408085642,0.0713947312025936,False,
RICL,1850,0.01783783783783784,2.218261161031077e-05,0.08585741272922803,0.9041653434400181,3347.500562382501,True,2.2032277677048173e-05,0.09347443921097773,0.9009844639011615,3217.3842055734776,True,2.279090088826613e-05,0.08554627799957987,0.9045119058470577,3213.2230493219795,True,-0.0003111347296481659,0.007617026481749695,False,
RMPL,1604,0.02119700748129676,1.6052883513778097e-05,0.1589049716809255,0.822300152220466,3974.196447543012,True,1.5905720099983553e-05,0.17667741862128244,0.8168582052175524,3823.4727497433187,True,1.6355528235941135e-05,0.1645577009882761,0.8190831045552401,3821.6752730628355,True,0.005652729307350612,0.017772446940356956,False,
RPL,2364,0.046531302876480544,0.0001528613964759826,0.12864652472980265,0.665599319282197,5225.996087533581,True,0.00016964808178735223,0.16933569453411523,0.6408630309617049,4734.708556163903,True,0.0001758533966845568,0.14920996862727254,0.6383809632828368,4735.759000483198,True,0.02056344389746989,0.040689169804312586,False,
RUBY,1806,0.06090808416389812,0.0002462069646836202,0.1699586488808557,0.7741789840709892,2572.0427252519416,True,0.00038468139768693774,0.2783805205814543,0.6847872854745506,2206.111034454396,True,0.0006596605977225898,0.2726992141567959,0.5929618490841202,2200.732393132917,True,0.10274056527594017,0.10842187170059858,False,
RUPL,1777,0.11592571750140687,0.00017217132212977483,0.18795193599635762,0.6879888551480606,3422.361091680656,True,0.00025829989592821836,0.40052269085415426,0.5584843176688719,2638.6147448067336,True,0.00023525398496551154,0.27085751475056596,0.6113049652568521,2651.0674955309014,True,0.08290557875420834,0.21257075485779664,False,
SAIF,2162,0.06059204440333025,4.082522363647227e-05,0.10436481327264653,0.8669265098587686,4191.3144187996295,True,4.2040209973871234e-05,0.1395401194165255,0.8521494959823761,3664.1350114270695,True,5.68733856748205e-05,0.12051670992055785,0.8445632465773152,3660.58094590782,True,0.01615189664791132,0.03517530614387897,False,
SANSM,1162,0.13855421686746988,1.6073887400331555e-05,0.09662276386254454,0.8991073257688746,2095.371262347419,True,5.438372347364338e-05,0.14489597142045707,0.8551040285795168,1502.0874795724367,True,3.0150049188143028e-05,0.11652402820820787,0.8758283138034453,1506.6125793870253,True,0.019901264345663333,0.048273207557912534,False,
SAPT,1538,0.08192457737321196,5.6850663760293175e-05,0.15532619279317728,0.8037951047208718,3023.4854228597815,True,6.805275036860902e-05,0.23987882789551357,0.7601211721043255,2549.9168995777063,True,8.105376526460749e-05,0.20394058053021097,0.7515112953882821,2558.867485826043,True,0.04861438773703369,0.0845526351023363,False,
SARC,1494,0.14390896921017404,0.0003413799636765661,0.19758295171347073,0.6341582011370518,2572.4595787534463,True,0.0004351602011109855,0.415068531581845,0.5500229282787887,1807.7328955194796,True,0.00046725086905519,0.3148203713224883,0.5436541247053898,1830.7459304823892,True,0.11723741960901757,0.21748557986837425,False,
SASML,1203,0.16957605985037408,0.00037016258424466436,0.19406706707994917,0.6246805059801079,2062.481995296064,True,0.0005093374604016019,0.4409004110118552,0.5309135004766471,1348.648837046811,True,0.0006284548170750301,0.3483335237564707,0.4652797499983643,1369.7418386149711,True,0.15426645667652153,0.246833343931906,False,
SAZEW,2426,0.08244023083264633,5.202174468672409e-05,0.1461477188693396,0.7982472512778165,5236.289545536431,True,4.697273484937887e-05,0.2180662408107625,0.781933759189192,4436.780493027425,True,5.762893035369318e-05,0.17875228529408455,0.7762223167566005,4457.034693958164,True,0.032604566424744935,0.0719185219414229,False,
SBL,1830,0.04426229508196721,4.174040129291576e-05,0.11669719342339496,0.8709682321842949,3015.853404591665,True,4.214488802960162e-05,0.13657762550659938,0.8634223744932923,2723.031065772521,True,4.4971804982485346e-05,0.12134313606510794,0.8673630659015601,2716.0509460963112,True,0.0046459426417129746,0.01988043208320442,False,
SCBPL,2196,0.01639344262295082,9.014942253676731e-05,0.15144485738004504,0.6947847616945606,5155.903946983395,True,9.446258261011674e-05,0.17250875351485667,0.6793755471844822,4994.275900918831,True,9.845368890275174e-05,0.16570135491499227,0.6735663047744771,4994.858970112177,True,0.014256497534947232,0.021063896134811633,False,
SCL,1538,0.1033810143042913,4.3492550134964584e-05,0.12207108045029978,0.8556829260304273,2818.4600225112945,True,8.12352134767051e-05,0.20678263239370517,0.7932173676055034,2221.6300144875463,True,5.3124385870464055e-05,0.12508521888279878,0.8527069440944544,2219.2784811958054,True,0.0030141384324989945,0.08471155194340539,False,
SEARL,2468,0.03403565640194489,5.331340509588428e-05,0.15546235516386736,0.7664897037716757,5729.42320723921,True,5.205035598954365e-05,0.19472287404766647,0.7541328716008844,5360.994454181391,True,6.102202380317125e-05,0.17748509549759273,0.7428408168388365,5360.172598607433,True,0.022022740333725366,0.03926051888379911,False,
SEL,1159,0.07592752372735116,0.0001598054577189078,0.16737242948915815,0.7012396173895145,2301.414600989987,True,0.00015144057785680513,0.24787593865087126,0.6920296765889467,1960.4370710793137,True,0.0002860794835400863,0.25879866039839394,0.5521445230097412,1965.1851082291632,True,0.0914262309092358,0.08050350916171312,False,
SEPL,2357,0.023759015697921087,5.872067894072243e-05,0.1414707273562958,0.7364618794225729,5817.010274662154,True,6.253026792612002e-05,0.16874749308417986,0.7190974848890375,5552.435292557688,True,6.332264804095021e-05,0.15479701302017856,0.7226628592429842,5555.354813446271,True,0.013326285663882775,0.027276765727884067,False,
SERF,1231,0.0966693744922827,0.0009375292561945906,0.2729386584258428,0.44932768670355216,1843.8032953127922,True,0.0011179662520656357,0.5300251955614718,0.34028821232665,1457.186778083428,True,0.001337851403842981,0.483983829573855,0.2586544125654415,1484.271099515718,True,0.2110451711480122,0.25708653713562896,False,
SERT,1698,0.16313309776207302,0.0005816734103207389,0.25144435741374205,0.5297024163264901,2700.8103874338303,True,0.0008129747460671907,0.6185511476041738,0.38144885239498977,1771.8717622282634,True,0.0011045935372632231,0.4780427825442931,0.28208997084991694,1798.0531813893956,True,0.22659842513055106,0.3671067901904318,False,
SFAT,607,0.2586490939044481,8.548732249876519e-05,0.2446450448131861,0.7553549551862142,830.579191111841,True,0.0007681592611223243,0.3431159739476092,0.656884026052208,339.110160897652,True,0.0007821629631642242,0.3111785880807235,0.6009305547878983,353.39906507202676,True,0.06653354326753741,0.09847092913442307,True,
SFL,1478,0.09539918809201624,3.560593517037344e-05,0.10945849751293424,0.8668103914648034,2820.717831419122,True,5.546966051753058e-05,0.18509290181787205,0.8149070981820254,2289.931909689856,True,5.029928939446374e-05,0.14189518761557968,0.8329038686766141,2295.3252614324324,True,0.03243669010264544,0.07563440430493781,False,
SGF,1334,0.018740629685157422,0.0001259094397639689,0.15186493602471485,0.6567790020329212,3058.496832886384,True,0.0001400565819025611,0.17694927626144852,0.6273514397448781,2938.201980005869,True,0.00014481544319952215,0.16748423335361715,0.6229926752759027,2937.701200000185,True,0.015619297328902298,0.02508434023673367,False,
SGPL,1265,0.11462450592885376,0.0011695252613665337,0.2808321601293003,0.42388219691765927,1800.4046782728562,True,0.001330640767025219,0.628479166431033,0.3246262118093836,1365.15992474441,True,0.0014531869336924519,0.5028421528828053,0.28876645960611846,1397.6800310268472,True,0.22200999275350503,0.3476470063017327,False,
SHCM,897,0.2084726867335563,0.00029703819498842163,0.2069127973392846,0.7147863681995049,1292.2785629504629,True,0.00041638898530960296,0.3163379646748387,0.6836620353251583,704.4066651099622,True,0.00034024305643555,0.25669087205798385,0.6950555739356342,718.5560650546062,True,0.049778074718699244,0.1094251673355541,False,
SHDT,1676,0.08472553699284009,4.7902591343556685e-05,0.0923894300019849,0.872318969082643,3237.556844005414,True,5.068432578181669e-05,0.15713692619001995,0.8406196179242951,2690.164212163208,True,7.876518952550611e-05,0.13006123339028097,0.8237851196159336,2696.5941074987218,True,0.037671803388296066,0.06474749618803505,False,
SHEZ,1992,0.04066265060240964,4.224324679288575e-05,0.1448368675899801,0.8107283677792303,4347.323780044013,True,4.1063562219140665e-05,0.16982893051225795,0.8066851636882222,4005.4145895460297,True,4.382203179847225e-05,0.15065875131351233,0.8088479620975132,4007.652771513801,True,0.005821883723532234,0.024992062922277847,False,
SHFA,2247,0.022251891410769914,5.145525488230596e-05,0.10465688717228869,0.7956219275676893,5405.594704901652,True,4.934213462298599e-05,0.11512475767806145,0.7995199392909346,5172.346115337059,True,5.3393512067297075e-05,0.11058412362757783,0.7914528941402087,5174.100067275816,True,0.005927236455289142,0.010467870505772761,False,
SHJS,1600,0.114375,0.0001716908524134817,0.1481441917033588,0.741014984849728,2966.274076449984,True,0.0002626274320441683,0.26442632510848263,0.6579183918259294,2270.9744476288665,True,0.0002550091957544123,0.19770294024335566,0.6758410913362674,2273.012453329064,True,0.049558748539996866,0.11628213340512383,False,
SHNI,2010,0.007462686567164179,0.00013417453644870938,0.1752823930013504,0.7897311380986003,3200.543570437517,True,0.00014388953836082496,0.18545607509744488,0.7805197852575749,3141.0738522566535,True,0.00014920515843081883,0.18221220255970863,0.7788847438321944,3138.537688555355,True,0.00692980955835823,0.010173682096094483,False,
SHSML,2072,0.06853281853281853,9.648198249735127e-05,0.17194579043653196,0.7296327868181514,4388.791960857709,True,9.585648917675448e-05,0.25537569517312053,0.7035072935642499,3819.449519267391,True,0.00012730244500836743,0.22579155988138816,0.6690312892866014,3827.655454081742,True,0.053845769444856195,0.08342990473658857,False,
SIBL,1442,0.08945908460471567,9.719161182407927e-05,0.11199798749254541,0.871209560893927,1866.5461968076875,True,0.00014557495653565254,0.16632684998797181,0.8336731500118054,1465.1581122035816,True,0.00015283055835793564,0.14157951139586253,0.8377213737316617,1461.540463749155,True,0.029581523903317114,0.0543288624954264,False,
SIEM,2156,0.03153988868274583,0.00012266988912628592,0.2158765126341476,0.5313962409632884,5303.680170515419,True,0.00014743137885714689,0.3100770620778528,0.44369579256168534,5003.211673797265,True,0.0001877020795006713,0.315762542040129,0.3413322446286405,5009.884728455799,True,0.0998860294059814,0.0942005494437052,False,
SILK,2100,0.0,0.00022929877082812058,0.20963117885013413,0.5763706580053611,4380.553467290889,True,0.00022929877082812058,0.20963117885013413,0.5763706580053611,4380.553467290889,True,0.00022929873255415429,0.20963115014887207,0.5763707083342613,4380.553467290893,True,-2.8701262061447963e-08,0.0,False,
SITC,2118,0.026912181303116147,0.0002160721139807696,0.169155689775696,0.4845407066167674,4868.826052833003,True,0.0002395059661477073,0.20637566222304765,0.44372364268535935,4612.202676529567,True,0.00026606325128744233,0.19927795654585395,0.40005589854301654,4614.407552354138,True,0.030122266770157946,0.037219972447351646,False,
SKRS,2426,0.09934047815333882,8.222954595213574e-05,0.13471885621415836,0.8056399054640693,4729.109269223143,True,0.000278443202514402,0.5282775616970146,0.46682242392178885,3835.554322360882,True,0.00027658488527726135,0.37329145973091843,0.5077860680452956,3872.375733774069,True,0.23857260351676007,0.3935587054828562,False,
SLCL,695,0.04460431654676259,0.00017077290878297628,0.17332512211694331,0.7873508943922534,1013.7152439978839,True,0.00018194425479645424,0.22875071547207593,0.7607949506536246,912.0099123756787,True,0.00022449910467188744,0.20208953941242525,0.7518189247659182,909.5264687532026,True,0.02876441729548193,0.05542559335513261,False,
SLGL,601,0.03826955074875208,0.000148111185779925,0.12922319947913755,0.7344514604155227,1222.5167317316796,True,0.0001554357885922549,0.17478891759861886,0.7128716290732932,1127.5568839166854,True,0.00019078805156768375,0.16820161745633566,0.6758375147210732,1129.5760287184826,True,0.038978417977198115,0.04556571811948132,False,
SLL,1018,0.011787819253438114,0.00029478086482586323,0.09376458791774638,0.886052030200551,826.6679577698914,True,0.0002934266972496425,0.09983756690886803,0.8833406163461133,791.2978398436927,True,0.00033197702470399884,0.0976250950225111,0.8798624849019523,790.2463648940649,True,0.003860507104764724,0.00607297899112165,False,
SLYT,1031,0.10863239573229874,0.0001088261307215504,0.1162736241946862,0.8608653299759264,1441.4222528152507,True,0.0001769106664628107,0.18738863195776467,0.8126113680422218,1077.040986001448,True,0.00017712602862274366,0.15809899268372402,0.8157635197012871,1083.6142879671959,True,0.04182536848903781,0.07111500776307847,False,
SMCPL,2153,0.04366000928936368,0.00014190785080485057,0.1341214676594372,0.7753624724920414,4019.250850082238,True,0.00016913007443006018,0.18168755984822016,0.738791466362057,3643.697345453829,True,0.00019362359275061815,0.16312058879875907,0.7260935669912288,3644.651720294202,True,0.028999121139321876,0.047566092188782966,False,
SML,1747,0.12364052661705781,6.778014044449504e-05,0.12073997149301743,0.8365648218640829,3252.6143129824504,True,0.00010014065142217608,0.21843504882577086,0.7815649511741514,2436.723571906309,True,9.785626424961612e-05,0.15036944700020466,0.8041793766093671,2441.2448062874078,True,0.029629475507187225,0.09769507733275343,False,
SNAI,1421,0.07600281491907107,0.0003305275217286379,0.1810569246081806,0.5601822927063809,2760.188231110915,True,0.00046170111854337457,0.283580467285818,0.44965955011318803,2330.9822546067912,True,0.0005479848643865184,0.24906070714846051,0.38870824344131605,2334.8406501866148,True,0.06800378254027992,0.10252354267763739,False,
SNBL,2349,0.006811409110259685,9.522499237178225e-05,0.20326893836059318,0.6272689538472683,5670.529127868185,True,9.749441444646009e-05,0.21218042313985264,0.6209055723371226,5589.690135286053,True,9.935725164355145e-05,0.2100195567693434,0.6171594315574949,5589.125881960183,True,0.006750618408750214,0.00891148477925946,False,
SNGP,2469,0.034831915755366545,8.634157348731428e-05,0.12915523453482378,0.7500738446246539,5540.280830340143,True,8.768315722642691e-05,0.16383373514065916,0.7365913645241419,5167.169239539096,True,0.0001019158247119656,0.15467671775009462,0.7154416269302222,5168.037751508634,True,0.02552148321527084,0.03467850060583538,False,
SPEL,2374,0.04380791912384162,2.9944060637398175e-05,0.08262007592004858,0.8829583074176548,5126.317570165844,True,2.8371240334465826e-05,0.10402612304175035,0.8766986028979527,4683.940268708233,True,3.308136205285908e-05,0.09085585545668665,0.8753563222234879,4685.974582873165,True,0.008235779536638066,0.02140604712170177,False,
SPL,2448,0.08741830065359477,8.652267155451969e-05,0.18463199762628904,0.7193467721776632,5287.413659990408,True,8.747047980396408e-05,0.3243312599351381,0.6703448331770954,4443.799512979532,True,0.00012025294207024595,0.2688888005111443,0.6365869741835299,4463.299202204829,True,0.08425680288485524,0.13969926230884908,False,
SPLC,937,0.0,0.00045673818539275176,0.3349637429518231,0.659960486274312,1181.1952725402857,True,0.00045673818539275176,0.3349637429518231,0.659960486274312,1181.1952725402857,True,0.0004567382165946091,0.33496370359476874,0.6599604728396022,1181.1952725402873,True,-3.9357054337774144e-08,0.0,False,
SPWL,2427,0.010300782859497322,2.015266098938987e-05,0.11169853137183702,0.8323035229724816,6487.443178759459,True,2.0158837848675814e-05,0.11991142578931238,0.8296204028622489,6360.765709203144,True,2.1081812416982033e-05,0.11677072321794266,0.8268662622214313,6359.446188656357,True,0.005072191846105634,0.008212894417475358,False,
SRVI,2397,0.0296203587818106,9.725153121653739e-05,0.1809116930127745,0.6642374653069276,5581.779435507222,True,0.00010011985030466085,0.22508441458352768,0.6447724690901244,5268.12283322577,True,0.00011059936675896726,0.20621769369058274,0.6320764660983886,5267.490301561555,True,0.02530600067780825,0.04417272157075319,False,
SSGC,2475,0.048484848484848485,7.122363809177742e-05,0.1500395108184716,0.7620530435568994,5478.322838167711,True,8.47288667567704e-05,0.221895631871307,0.7133216606632817,4973.1998496270735,True,9.626121541041254e-05,0.1975581627034219,0.7015234302191584,4978.054838931604,True,0.0475186518849503,0.0718561210528354,False,
SSML,1985,0.04231738035264484,0.00015565577177900782,0.12399998722076544,0.8199614423161244,3174.5274972334987,True,0.0001769747941747667,0.17020445342888646,0.7895224890299595,2870.695303190633,True,0.00023228192307753296,0.16181560053881058,0.7642851078963853,2873.512113565915,True,0.037815613318045144,0.04620446620812102,False,
SSOM,1796,0.15089086859688197,0.00018049952258532759,0.1854212305981722,0.7100181266153693,3261.9156937732673,True,0.00025965182953560905,0.38101292598739234,0.6189870740122909,2268.8509544741078,True,0.0004093560970673128,0.3055395990007763,0.5340155824017268,2279.3509949031372,True,0.12011836840260412,0.19559169538922014,False,
STCL,2472,0.0372168284789644,7.574031548623837e-05,0.09116952656847313,0.823056411341208,5256.179587718079,True,8.062244629151835e-05,0.10862770255406867,0.8148768575770047,4850.708221105939,True,8.90763176244491e-05,0.09927411730687943,0.8076263181755703,4851.27595752536,True,0.008104590738406303,0.017458175985595542,False,
STJT,1510,0.10132450331125828,7.361444923362842e-05,0.13522839417809718,0.8221454785628912,2780.042258571159,True,7.03633337359635e-05,0.1758554852124259,0.8241445147872448,2207.74523574664,True,6.846914389944586e-05,0.1288752524232668,0.8400404864886839,2208.4250711927043,True,-0.0063531417548303715,0.04062709103432871,False,
STL,749,0.16688918558077437,0.00013899125435885802,0.2604963161544215,0.6741558035992727,1346.2514059012324,True,0.00017399116716035524,0.3758111685544671,0.6241888314455291,935.5779822482398,True,0.0002513597497635036,0.4315843036617711,0.5116744733014764,972.9567072230642,True,0.1710879875073496,0.11531485240004563,False,
STML,1086,0.13075506445672191,0.00013085085441532092,0.15093634560897118,0.7827937878496243,1920.1088578332672,True,0.00018684163428948604,0.26537642182820415,0.7277703084276506,1394.7523655871419,True,0.00021424557954282715,0.1881773966870174,0.7299216039249103,1394.5270966672736,True,0.03724105107804623,0.11444007621923297,False,
STPL,2475,0.05818181818181818,0.00015017522346142954,0.14210279517216734,0.716395506570995,5083.411818114639,True,0.0001506065391508397,0.20968939682132487,0.6964240249768706,4498.361663522816,True,0.00016126201345579772,0.18375153888113308,0.6910121558182778,4512.165430364766,True,0.041648743708965735,0.06758660164915753,False,
STYLERS,631,0.014263074484944533,0.0003961319941168821,0.3325965937812054,0.23512341243888726,1356.813027459752,True,0.0004060486772839998,0.38676787052768924,0.20836841343384377,1321.4859167667125,True,0.0004103440659434126,0.36775971220077835,0.20748140772948864,1322.2734936323338,True,0.03516311841957298,0.054171276746483865,False,
SURC,1351,0.05921539600296077,6.743550851858536e-05,0.11304188614425234,0.8143026822982815,2873.540523815103,True,6.708812252505513e-05,0.14767033671763896,0.808156129710068,2541.2867124484806,True,7.586136152986367e-05,0.13102044807891255,0.7991925720393998,2543.972192827353,True,0.017978561934660214,0.03462845057338662,False,
SUTM,1426,0.07363253856942496,8.574892450451035e-05,0.15007523203755743,0.7771015645943841,2889.892198434863,True,9.348373338812645e-05,0.2215333060793191,0.7486922423156603,2479.142869496012,True,0.00011334764874101292,0.1968052599784273,0.7275930669725503,2487.510015499416,True,0.04673002794086986,0.07145807404176166,False,
SYM,758,0.026385224274406333,0.0002615440499814991,0.3187682066251657,0.4491938952744812,1602.1404236419373,True,0.0002600107268182861,0.39859279677771414,0.43288544554272357,1524.7972375831794,True,0.00027976586515599856,0.37558411030501904,0.4107454434942105,1524.2131506879248,True,0.05681590367985334,0.07982459015254845,False,
SYS,2456,0.021986970684039087,3.9905447741627044e-05,0.10556107240445442,0.8149279344328143,5955.865159796632,True,3.9679305615430055e-05,0.12207524976517663,0.8094723427650369,5708.172335779923,True,4.137445759094528e-05,0.1127850247587667,0.8094908864786814,5708.295801797255,True,0.00722395235431228,0.016514177360722207,False,
SZTM,574,0.10452961672473868,0.00015622206397996604,0.20207491091279173,0.7088328305341358,1083.0463468009316,True,0.00023249515542332025,0.35850552108311107,0.6218896686037454,856.9264918972526,True,0.000259684650021675,0.27814604650137054,0.611035496409905,857.5835348377691,True,0.07607113558857881,0.15643061017031934,False,
TATM,1777,0.0911648846370287,0.00016995763872652055,0.1326110775724808,0.7375544189696281,3423.208214512099,True,0.0003162273687045416,0.2612782934114919,0.5852721518242667,2784.1953068662806,True,0.0003556707511274745,0.2149613455594438,0.5649202920545225,2785.4705376089905,True,0.08235026798696299,0.12866721583901108,False,
TBL,685,0.06861313868613139,0.00010656148768452837,0.15172349950959935,0.7168153855008191,1494.0717214521644,True,9.758201905123469e-05,0.2487674120255953,0.6990389442057203,1321.2582084336793,True,0.00020004237152495652,0.367837593360107,0.48607271017099274,1344.9525850873836,True,0.21611409385050767,0.09704391251599595,False,
TCORP,2177,0.08176389526871843,0.0003848586950851001,0.23446817502025213,0.38718358752257453,4490.836040055136,True,0.0004161809856025548,0.41377551398705337,0.3327818806563859,3783.168502904699,True,0.00043261876208836264,0.35569196279697346,0.3217020495835429,3802.4725889009455,True,0.12122378777672133,0.17930733896680123,False,
TELE,2474,0.018997574777687955,4.7961263106540485e-05,0.11535131291257997,0.8587825161243118,4708.886534565796,True,4.6143428905710124e-05,0.12919571010187528,0.854298288126851,4531.878084944982,True,5.4872241109831244e-05,0.12468476767937511,0.8469319223483704,4528.131021533671,True,0.009333454766795146,0.01384439718929531,False,
TGL,2466,0.031630170316301706,0.0001332915411589073,0.16135292896719955,0.6010890362175426,5832.77028565415,True,0.00015334504310481184,0.204930644494397,0.5560542336783857,5464.9588354938605,True,0.00016519475238497823,0.18940115899510548,0.5384749463564023,5464.37851447458,True,0.028048230027905935,0.04357771552719744,False,
THALL,2433,0.013974517057131115,1.8398215224303578e-05,0.08778232948361461,0.8784095321298626,5896.170425743795,True,1.8868373910811414e-05,0.09597690168594826,0.8736626772325553,5733.312485575347,True,1.9221023235513216e-05,0.08968090010499571,0.8762669970087649,5732.583897674725,True,0.0018985706213811016,0.008194572202333647,False,
THCCL,2458,0.045565500406834825,4.608981928772352e-05,0.13188440145773855,0.8226905214995395,5262.537585281639,True,5.052354804151517e-05,0.1836158522923909,0.7948254490092141,4793.749592722116,True,6.174464944808926e-05,0.16065965929042095,0.787009781364109,4788.870503954242,True,0.028775257832682394,0.05173145083465236,False,
TICL,1457,0.07412491420727522,4.177612704012105e-05,0.09937981298688228,0.8724154346771723,2830.855589784304,True,4.4909510952793354e-05,0.1377932490581999,0.8577520389118459,2401.386998961244,True,5.0409456124701456e-05,0.110933263786789,0.8609725823771162,2402.2450873819284,True,0.011553450799906717,0.038413436071317614,False,
TOMCL,1521,0.026298487836949377,0.0001306645147365261,0.1398988145070934,0.7003978984297186,3307.2082670268646,True,0.00014821604516052653,0.17687847916154364,0.6642553924861601,3130.9157208883034,True,0.00015365642740588586,0.1635458163193349,0.6615660205578604,3132.6320774941523,True,0.023647001812241497,0.03697966465445024,False,
TOWL,1952,0.09631147540983606,9.209135476810111e-05,0.18994483473730667,0.7360066746128329,3946.5875914528933,True,9.93264010588128e-05,0.30656063574793807,0.69343936423949,3232.8531319286026,True,0.00011676548248617749,0.24870506202368825,0.6852218099382859,3243.1840954628947,True,0.05876022728638158,0.1166158010106314,False,
TPL,2476,0.027463651050080775,0.0001536113903968699,0.1653927457382398,0.7335235654794656,4780.65273592477,True,0.00016861679695651517,0.21115263933350112,0.7032718387186443,4512.644016473134,True,0.00019197444340390905,0.1999515625263355,0.6848548083962771,4513.479675599269,True,0.03455881678809569,0.04575989359526131,False,
TPLI,1577,0.0653138871274572,8.346433506792081e-05,0.18288768675517325,0.7613823405253977,3065.2897551946758,True,7.806195696932397e-05,0.2464516884317843,0.7465245380383474,2677.3269804635147,True,9.081876652257935e-05,0.2071118493758464,0.7452787707616246,2684.200212661937,True,0.024224162620673145,0.06356400167661105,False,
TPLL,797,0.12547051442910917,0.00028920490309676853,0.20179784626155423,0.7190776995746242,1167.1746768627866,True,0.0002235575698195498,0.23938914430426445,0.7606108556957099,857.5953613191767,True,0.00018845788020635325,0.168804855310967,0.7936533748165835,866.6421787603141,True,-0.03299299095058722,0.03759129804271022,False,
TPLRF1,577,0.0017331022530329288,5.5031107683146344e-05,0.07115771424428144,0.8516069646177613,1287.8891343773787,True,5.419312853947404e-05,0.07241115400480311,0.8522470376855904,1283.2140565899967,True,5.463314612614283e-05,0.07204292146472571,0.8517233547037691,1283.229468120676,True,0.0008852072204442729,0.0012534397605216685,False,
TPLT,1472,0.025815217391304348,1.4865037249880017e-05,0.08682645592087179,0.9071421413361345,2950.6111556880073,True,1.4926161047570622e-05,0.0977846623597686,0.902215337639247,2789.427452479455,True,2.0512357822509178e-05,0.09284506865166184,0.8974648367481592,2784.324261716323,True,0.006018612730790046,0.010958206438896806,False,
TREET,2472,0.050970873786407765,2.85776195148753e-05,0.10079080673694875,0.8645225487204135,5472.025956272888,True,2.7049600290442515e-05,0.13571536597401523,0.8521683046261741,4937.577919934611,True,3.835745680711076e-05,0.12177000732113727,0.8377898954879563,4936.903658780039,True,0.02097920058418852,0.034924559237066485,False,
TRG,2473,0.06793368378487667,0.0001389173256540023,0.17868020786947098,0.6955578098259774,5053.972435408632,True,0.00014749151640845105,0.25537108198039826,0.6688554612180762,4370.616573453663,True,0.00016749305324634402,0.213413019547047,0.6598804597635645,4368.456772442363,True,0.034732811677576025,0.07669087411092729,False,
TRIBL,692,0.01300578034682081,0.0009513783690837858,0.23825928033750365,0.6376825383054769,835.076828676401,True,0.0009818139326374206,0.27148743714883405,0.6206858078806359,806.0838929029549,True,0.0010842834675588368,0.26036876762806116,0.6030502685885841,805.0590473916131,True,0.022109487290557506,0.0332281568113304,False,
TRIPF,2328,0.03264604810996564,7.787004454113888e-05,0.14661093619317234,0.7265585937461148,5438.717191343124,True,9.257370019695042e-05,0.19553273059421183,0.6810170470862377,5097.496098766655,True,9.80194623390588e-05,0.17829248406335982,0.6764333856489022,5099.19201643016,True,0.03168154787018748,0.0489217944010395,False,
TRPOL,1123,0.12733748886910062,8.244472574657987e-05,0.10062104341448111,0.848658372652837,2044.148578179237,True,9.166193249905681e-05,0.17693409033539936,0.8230659096644691,1511.5647752387765,True,0.00017386827763447027,0.15607331121526824,0.7663614438511186,1514.4924511374904,True,0.05545226780078713,0.07631304692091825,False,
TSBL,1272,0.17452830188679244,0.0003369542834328825,0.13073380604393053,0.7724381888699141,1843.934776441412,True,0.0002445186533542226,0.1811682547871437,0.8188317452126801,1108.3904773426673,True,0.0007134933648846144,0.23302012563907418,0.6366030775015117,1120.0046277780627,True,0.10228631959514364,0.05043444874321318,False,
TSPL,2401,0.03581840899625156,0.0001988572632887338,0.1006931004902707,0.8245299380874489,3844.505663276911,True,0.00025777650966841937,0.13230226584236296,0.7878350771873699,3515.392951532753,True,0.0002974273629859199,0.12419221213487902,0.7721896271460893,3512.8977409979625,True,0.023499111644608314,0.03160916535209225,False,
UBDL,1994,0.13590772316950853,0.00010561061414195661,0.15745227882833251,0.7773823696229345,3731.6460100970485,True,0.00016352543615926276,0.313385494066289,0.6866145059336,2721.138851717124,True,0.000270811392971125,0.27611881420149365,0.6093309856521482,2740.1935478096584,True,0.11866653537316113,0.1559332152379565,False,
UBL,2469,0.008910490076954233,3.685019937547487e-05,0.13835757188208697,0.7624171325112639,6419.1423455791655,True,3.777957248636281e-05,0.15363463475318856,0.7518230565540257,6314.356367615136,True,3.890887788653116e-05,0.14860808991296254,0.7502214584441997,6312.226640615283,True,0.010250518030875566,0.015277062871101588,False,
UDLI,545,0.05504587155963303,0.00057089321785506,0.19031295448314983,0.45281138474133353,998.187914582262,True,0.0006412901334033462,0.2747213522847498,0.4081720393821545,878.4316032019226,True,0.0006497775342370964,0.24944452639803427,0.4044000401584671,881.7232841883408,True,0.05913157191488444,0.08440839780159998,False,
UDPL,1581,0.11701454775458571,7.666086856613057e-05,0.19109627401131346,0.7581793087265218,3117.575844057601,True,0.00011769737632032017,0.3156196665992391,0.6843803334007474,2408.781141894671,True,0.00015669416899035554,0.26547874124140325,0.6557527310573374,2407.1666362180836,True,0.07438246723008979,0.12452339258792566,False,
UNIC,2294,0.007846556233653008,2.1601822052909134e-05,0.11428401337847104,0.8593356089112851,5285.218535180486,True,2.32881696031531e-05,0.1255574968893875,0.84948240333577,5202.038882566207,True,2.3696784580571855e-05,0.12080266247158003,0.8510229405596681,5198.878563535659,True,0.006518649093108994,0.011273483510916463,False,
UNITY,2217,0.06585475868290483,9.497213574819914e-05,0.15623896772973644,0.7461994567625929,4670.814337190563,True,8.924453389045496e-05,0.22293762146897822,0.7340502927856529,4086.5845824649214,True,0.00010066515130305434,0.19015033378745938,0.7276880896080171,4100.994797249578,True,0.033911366057722936,0.06669865373924178,False,
UPFL,1401,0.030692362598144184,4.541769787476263e-06,0.13441008644504662,0.8655899135549128,3493.900598790807,True,4.8308234783196705e-06,0.13441011214841603,0.8655898874684904,3305.3412592420123,True,4.623766831309515e-06,0.13521728063495622,0.8647827193648782,3303.4251199261284,True,0.0008071941899095991,2.5703369405105647e-08,True,
UVIC,1390,0.10071942446043165,3.8266941943755636e-05,0.08716325199229932,0.9066453228994716,1870.7835070131446,True,0.00011506251357667455,0.13800076787367227,0.861999232126314,1396.2405310998283,True,9.984321825274152e-05,0.11036015282707079,0.8732271423853721,1388.7219006982284,True,0.023196900834771467,0.05083751588137295,False,
WAFI,2471,0.0339943342776204,6.980516881345937e-05,0.17481844266477792,0.7038315140015058,5890.321442508418,True,7.22681817311475e-05,0.22678138153330257,0.6797255734255011,5522.832247639654,True,8.77807905768185e-05,0.21545239984889858,0.6481596178470044,5526.458434479948,True,0.04063395718412066,0.051962938868524655,False,
WAHN,1895,0.07282321899736148,8.045267692678585e-05,0.179137510475408,0.7406612395009995,4036.061539279177,True,8.262736944947177e-05,0.28881293565463895,0.6966664759095871,3493.4934363298007,True,0.00012761755232863311,0.26495105145310993,0.6377274497741798,3509.3579628311927,True,0.08581354097770194,0.10967542517923096,False,
WAVES,2471,0.046944556859571024,0.00012376521651448832,0.12724981354703768,0.7161667361992632,5393.794464235004,True,0.000132714678128339,0.16971178253628638,0.6954298688994915,4896.662532491565,True,0.00015233039086404157,0.15784073062725762,0.6700122808650937,4901.0811211868095,True,0.030590917080219937,0.0424619689892487,False,
WAVESAPP,2168,0.03044280442804428,3.8864004428845887e-05,0.1183538097994612,0.8718539559092371,3674.8142657403782,True,4.719292916444199e-05,0.15020911829426903,0.8497908817055149,3426.0677964158936,True,4.854259973930376e-05,0.13379255602187118,0.8553302349290366,3417.8580288108874,True,0.015438746222409983,0.03185530849480783,False,
WTL,2476,0.0,0.0004107375128822566,0.2465105181304247,0.5426146114873571,4546.642197723565,True,0.00041073742876253394,0.24651046953241834,0.5426147053759514,4546.642197723566,True,0.0004107375113028631,0.24651047589914,0.5426146400168709,4546.64219772357,True,-4.223128471925186e-08,-4.859800636913825e-08,False,
WYETH,1262,0.10618066561014262,1.5510406043972448e-05,0.20644682310732382,0.7935531768924685,2792.7629864505375,True,5.300188372283611e-05,0.313659480766284,0.6863405192337093,2268.858887311378,True,0.00010338557159686573,0.33654756633521477,0.5868179214576691,2276.0316836976554,True,0.13010074322789095,0.10721265765896021,True,
YOUW,2476,0.010904684975767368,0.00012970031858661608,0.14636038770837245,0.8020835479081833,4335.379626277368,True,0.00012555362308256073,0.16642617169308713,0.7943107081521343,4234.139620185384,True,0.00014191202587728947,0.1569752217252466,0.7887711406817803,4231.083227459516,True,0.010614834016874158,0.020065783984714675,False,
ZAHID,1549,0.09038089089735313,0.00014835594416831853,0.17952723944483895,0.7363162061590522,2828.7070511366446,True,0.0001382279282550831,0.2839765357503459,0.7124382445777911,2313.825071353444,True,0.00020741478421365967,0.23149551165187537,0.6773520431042843,2317.8411450130016,True,0.051968272207036426,0.10444929630550698,False,
ZIL,1835,0.09318801089918256,0.00013490534476048676,0.12901239227980466,0.7535205206518513,3665.5359717730416,True,0.000206566200373446,0.23308703533160183,0.6625145117568085,2983.2098401100625,True,0.0003112047810317491,0.2212275807247625,0.5624626420279321,2989.592961428519,True,0.09221518844495785,0.10407464305179717,False,
ZTL,1713,0.06363105662580268,0.000139605176608501,0.12813303367983347,0.7967110654229956,3044.009005684542,True,0.00014721289470635702,0.1663914425697273,0.7859624365144338,2616.7152810191465,True,0.00020828931386733616,0.15653784334892273,0.7467206270164961,2616.931083824256,True,0.02840480966908926,0.03825840888989382,False,
