symbol,n,censor_rate,omega_n,alpha_n,beta_n,ll_n,ok_n,omega_c,alpha_c,beta_c,ll_c,ok_c,omega_l,alpha_l,beta_l,ll_l,ok_l,alpha_gap,alpha_gap_partial,at_boundary,error,regime
786,825,0.02666666666666667,0.0001163626621177814,0.25518812624090204,0.7005840699126593,1528.2741723725144,True,0.00012962055388836946,0.31122917026561503,0.6667316081841175,1445.030774052766,True,0.00016488213449583747,0.2864696657701239,0.6472107475910059,1441.703252531152,True,0.03128153952922186,0.056041044024712994,False,,7.5%
786,541,0.08133086876155268,0.00010202113626534443,0.14360601596622388,0.8065707279867478,966.0037226296658,True,0.0001373310750338956,0.2621408521779385,0.7378591478215948,817.671915854662,True,0.00026505136762019864,0.26174311578521026,0.6388017655706998,825.6119295985709,True,0.11813709981898637,0.1185348362117146,False,,10.0%
AABS,609,0.07389162561576355,1.8765037210512033e-05,0.06951599821847643,0.9044758153205152,1363.4219039567358,True,6.0150902616951097e-05,0.1741364745030206,0.7810381352528146,1171.0476728968874,True,0.0001699658022161819,0.22351390524503345,0.5789183247812593,1173.9622767861313,True,0.15399790702655702,0.10462047628454418,False,,5.0%
AABS,803,0.0161892901618929,3.800344824057792e-05,0.11552713320397906,0.8308063857691005,1825.6742402332716,True,3.8292428121337574e-05,0.128591758494827,0.8247991664349958,1768.0558709815027,True,4.082142700008577e-05,0.12212442047498054,0.8222509585404547,1767.3446985738158,True,0.0065972872710014785,0.013064625290847953,False,,7.5%
AABS,542,0.0,2.4767627528106642e-05,0.15868385228871928,0.7858480053664005,1402.8530015287265,True,2.4767627528106642e-05,0.15868385228871928,0.7858480053664005,1402.8530015287265,True,2.4767607739023106e-05,0.15868385321008066,0.7858480750126136,1402.8530015287263,True,9.213613760827855e-10,0.0,False,,10.0%
AATM,543,0.09760589318600368,0.00034657775159754954,0.26915522719302964,0.563184006390534,934.8765005009398,True,0.00037129576926732096,0.4792840469267994,0.4935670921890951,761.7767889708489,True,0.0004742946733807895,0.4139666991755466,0.43426788453548587,773.140575438181,True,0.14481147198251698,0.21012881973376973,False,,10.0%
ABL,807,0.006195786864931847,2.070104258562359e-05,0.06851696338141003,0.8426378230965161,2248.0454322339324,True,2.1269530517268593e-05,0.07301262296070711,0.8379828773692806,2221.5198396702945,True,2.174766186117241e-05,0.07104869109373091,0.8368923434404938,2221.3956703927943,True,0.0025317277123208803,0.004495659579297082,False,,5.0%
ABL,992,0.004032258064516129,4.95744453628034e-05,0.22720644705302184,0.5904263981025983,2760.8845602928377,True,5.142010233529606e-05,0.25007458036448427,0.5703012742195832,2743.076205541573,True,5.1990489930909924e-05,0.2432740361003423,0.570586926503778,2742.9997059195925,True,0.016067589047320446,0.022868133311462424,False,,7.5%
ABL,544,0.0055147058823529415,4.3218480446990154e-05,0.17209097541115664,0.7301033794452721,1403.962945435487,True,4.508298587324695e-05,0.18954443888882178,0.7159597175982579,1388.921841983148,True,4.562427620202877e-05,0.1841623085048662,0.7166897283432242,1388.761006334076,True,0.012071333093709558,0.017453463477665132,False,,10.0%
ABOT,779,0.01668806161745828,4.68033124823309e-05,0.12823148921242952,0.7498854494467072,1983.5380399925289,True,4.342431351325558e-05,0.1397744839086787,0.7569143555647138,1922.0944841696196,True,4.816844483983937e-05,0.13636987229181935,0.7435323438753545,1922.4345101753922,True,0.008138383079389827,0.01154299469624917,False,,5.0%
ABOT,1017,0.00688298918387414,8.766695764250593e-06,0.06848978469601304,0.9059656248283614,2697.992842631301,True,8.814134375890949e-06,0.07413365987844847,0.9023851855801746,2661.856372813715,True,9.021816846994823e-06,0.07089429910708353,0.9035791561269757,2661.249664507114,True,0.0024045144110704936,0.005643875182435434,False,,7.5%
ABOT,544,0.009191176470588236,0.00012108428895461299,0.19162686358573094,0.5655136766432145,1332.9546267368864,True,0.00013017675070871684,0.20752683559572355,0.541998794621678,1306.8930520640495,True,0.00013931420901788842,0.20646650490451796,0.5204092047772714,1306.7590853499098,True,0.014839641318787011,0.015899972009992602,False,,10.0%
ACPL,805,0.040993788819875775,7.673360277613558e-05,0.17973498194439733,0.664221426101245,1967.5742488888404,True,7.271930560418591e-05,0.2196581568037596,0.6673021082033218,1815.334771899543,True,8.019611399336797e-05,0.1963992256573316,0.6569808596627811,1815.26957474245,True,0.016664243712934262,0.03992317485936228,False,,5.0%
ACPL,1032,0.014534883720930232,9.56051120419032e-05,0.16573954813730518,0.6494328155258424,2480.5199937381567,True,0.00010220929888854478,0.19837348331744295,0.6202636245278456,2412.3879319985076,True,0.00010253010811324089,0.1871351630453979,0.6240196118092318,2412.5964958666004,True,0.02139561490809272,0.03263393518013777,False,,7.5%
ACPL,544,0.022058823529411766,1.2717129969836522e-05,0.1327538376136034,0.8564374939828783,1309.0726963555762,True,1.2168119094240518e-05,0.149462448874645,0.8505375510930637,1262.4647564519896,True,1.296202045068047e-05,0.1404986046686405,0.8513838025533162,1263.033944097378,True,0.0077447670550370995,0.01670861126104159,False,,10.0%
ADAMS,718,0.14623955431754876,0.00011560548935410702,0.11513646178938741,0.7687849987355873,1474.921161449735,True,0.00016648474502229988,0.2243021131261509,0.7086459839409622,1050.9420887448528,True,0.00015652068450713134,0.129102131021648,0.7543886924710761,1051.4617436734034,True,0.013965669232260586,0.10916565133676348,False,,5.0%
ADAMS,753,0.04648074369189907,0.00028451256717068694,0.1775564288277594,0.5732077382961329,1501.720689528549,True,0.00030865951464757973,0.2439485882455258,0.5368850006960926,1356.963957403382,True,0.00034458597326765354,0.2266301887557901,0.5046816596209391,1359.0361283829827,True,0.0490737599280307,0.06639215941776638,False,,7.5%
ADAMS,538,0.007434944237918215,0.0003196138223356472,0.1409713383798904,0.4678376143293096,1161.2235852978088,True,0.00031973147933497554,0.1485255333613268,0.4691641232422246,1142.2584529332755,True,0.00031953129792534137,0.14488850278944895,0.47101155863285704,1142.4543674751667,True,0.0039171644095585545,0.007554194981436391,False,,10.0%
ADMM,477,0.1069182389937107,4.061946660376203e-05,0.09877309419713201,0.8501534248913102,1042.5060371066986,True,3.300250190302757e-05,0.15930001456240228,0.8406999854375148,830.816729716788,True,5.7667172055828334e-05,0.1245356086670841,0.8181389211669844,829.7043798262197,True,0.02576251446995209,0.06052692036527027,False,,5.0%
ADMM,892,0.043721973094170405,3.757695843597617e-05,0.11026994987292116,0.8372176324958291,2016.2507457422755,True,4.515310864294866e-05,0.1498070869355564,0.8088557369564393,1842.789865664331,True,5.728584011543862e-05,0.14113440613294648,0.7883833999214489,1842.68093324974,True,0.03086445626002532,0.03953713706263523,False,,7.5%
ADMM,544,0.04779411764705882,0.00011139787392624545,0.20590405000058112,0.6905170241490874,1161.7100699944303,True,0.00010654547801911701,0.31071501648111854,0.6592556960768492,1059.0712621012383,True,0.00013147549716232572,0.2833421472733707,0.6303259887053508,1064.5105771437977,True,0.07743809727278958,0.10481096648053742,False,,10.0%
ADOS,412,0.29854368932038833,0.00020705418001414535,0.21375834317479056,0.6391422544887178,777.8607590296449,True,0.00020536594868884726,0.2868137196555026,0.7131862803444509,333.51504696065854,True,0.001053637762787833,0.6321061112733187,0.07563214405505816,346.99964047091635,True,0.41834776809852814,0.07305537648071206,False,,5.0%
ADOS,492,0.11382113821138211,0.0002896197588494183,0.22621346177345988,0.5979927172569451,897.3797828783545,True,0.00038462213222715234,0.44088872028861725,0.48629308045925107,686.5584158020023,True,0.0004745720668459958,0.3260472333343266,0.4606439975538185,687.8924454832194,True,0.09983377156086673,0.21467525851515737,False,,7.5%
AGHA,881,0.011350737797956867,2.9867307074589996e-05,0.08081277365781933,0.8757616739726579,2018.5256556561772,True,2.862111430013645e-05,0.08450172666014993,0.8774191714038205,1970.2993596859383,True,3.112310169074871e-05,0.08089812757216447,0.874933488472037,1970.0253686656474,True,8.535391434513762e-05,0.0036889530023306027,False,,7.5%
AGHA,544,0.016544117647058824,0.00029429328874043515,0.3698453519417816,0.3458404366965147,1174.973381825851,True,0.0002842330113547138,0.4547161778065507,0.331351336451841,1142.6028779758476,True,0.0003183655686901448,0.45658786389796385,0.2802415833468686,1144.7370977284013,True,0.08674251195618227,0.08487082586476913,False,,10.0%
AGIC,641,0.046801872074883,6.519140485920072e-05,0.18394359170819674,0.7136338856380575,1495.4095482590844,True,6.8890981335648e-05,0.25902551674226726,0.6751326685913166,1365.778621603887,True,7.314065991670896e-05,0.2246859001131702,0.6772135797607477,1365.008659787468,True,0.04074230840497345,0.07508192503407052,False,,5.0%
AGIC,836,0.005980861244019139,3.4687620030012076e-05,0.12948661173541368,0.8182609441207185,1944.6101286121768,True,3.44733750945133e-05,0.13462914500684664,0.8164605342948626,1921.4376293304665,True,3.499863103346349e-05,0.13029652961570995,0.8171319751557713,1920.9171874660585,True,0.0008099178802962737,0.005142533271432964,False,,7.5%
AGIC,541,0.009242144177449169,0.00013430578008230852,0.11080519105900094,0.6760322958541634,1242.8663369547116,True,0.00012838213140423774,0.11853440854868885,0.6856910211762459,1218.3061895421977,True,0.0001327977309524535,0.11342263756858818,0.6808736901841127,1218.182092641243,True,0.002617446509587243,0.007729217489687912,False,,10.0%
AGIL,706,0.05807365439093484,0.00021218120595132314,0.18204654877558255,0.45596684318523395,1641.0334408288668,True,0.00020777743895160873,0.24079981963876518,0.4741753126354652,1459.1793624063341,True,0.0002563744298388333,0.23576283274019055,0.3837192309281746,1462.186080926418,True,0.05371628396460801,0.05875327086318263,False,,5.0%
AGIL,852,0.025821596244131457,4.054202522207061e-05,0.06320561602642137,0.8843247685618292,1866.168103951377,True,5.248410518250601e-05,0.07913395659766953,0.860604947699261,1764.2439909619936,True,4.436326486390004e-05,0.06624719563067194,0.8795163949439813,1765.1165908253024,True,0.003041579604250569,0.01592834057124816,False,,7.5%
AGIL,544,0.02022058823529412,0.0003286476592625697,0.28743679242272396,0.3083875407379989,1202.9786168481057,True,0.00033906049930769564,0.3492574464919245,0.2849360677816756,1153.7921452426351,True,0.0003607692473302095,0.34051636674867547,0.2549601517621346,1153.3500979270216,True,0.053079574325951506,0.06182065406920051,False,,10.0%
AGL,820,0.01951219512195122,0.00020027477527584245,0.12547785540541556,0.7763385932783666,1444.853749554794,True,0.00020434071325480034,0.1359725582775348,0.7742665501622228,1377.1646418890648,True,0.000214222220945819,0.12933148441582218,0.7702332993423224,1376.1414938320813,True,0.0038536290104066173,0.010494702872119233,False,,5.0%
AGL,1034,0.030947775628626693,9.243669520919056e-05,0.11694840165247539,0.8342611012266448,1900.8009471784633,True,8.692394118255422e-05,0.14383089443754593,0.8279605988856871,1772.088710187349,True,9.607769020264543e-05,0.1251773622514552,0.8295567340714942,1770.62649081688,True,0.008228960598979818,0.026882492785070544,False,,7.5%
AGL,544,0.04595588235294118,0.00016741049704869433,0.21968943271740943,0.6576494090821432,1085.6509502785257,True,0.00017111183790026173,0.27493467266100347,0.6469897721973995,980.9751839147631,True,0.00021664480923363905,0.2659859851966672,0.5987306741975642,980.225447726347,True,0.04629655247925779,0.05524523994359404,False,,10.0%
AGP,458,0.0611353711790393,0.00025243205110640895,0.17047848426447554,0.38564099249274336,1065.3255067778325,True,0.0003607233018201901,0.26008463030133167,0.20940079093236758,939.9983238711687,True,0.0003984500886009687,0.23550978276077328,0.14954881951899265,940.9439390025132,True,0.06503129849629774,0.08960614603685613,False,,5.0%
AGP,1034,0.017408123791102514,0.00011306412946685713,0.16790075824185635,0.6125016454525194,2486.345454002368,True,0.00012696664632310759,0.20074222435627978,0.5719778889411633,2400.6965178229298,True,0.00013565661032060092,0.19455532713067614,0.5549035230363152,2401.6631164119717,True,0.026654568888819785,0.03284146611442343,False,,7.5%
AGP,544,0.02022058823529412,4.1320776516048975e-05,0.11934025247772959,0.8209422934103341,1273.0501806144543,True,3.986543956764217e-05,0.13820023716614083,0.8170710942317729,1220.4578959637658,True,4.1273580935347675e-05,0.12285234903218473,0.822041877142178,1219.952317835118,True,0.003512096554455141,0.01885998468841124,False,,10.0%
AGSML,982,0.03054989816700611,0.00020191392006116716,0.10804343878742612,0.7968924621481528,1670.852397686633,True,0.00023505579383909842,0.13767819056727243,0.7686025180122931,1552.3905679115478,True,0.0013902819826400465,0.32204625715780666,0.08496928827361061,1553.0872127915816,True,0.21400281837038054,0.029634751779846313,False,,7.5%
AGSML,543,0.027624309392265192,7.052714849663729e-05,0.14243744129525715,0.8161567439534199,1045.7818103782356,True,8.649117781317427e-05,0.18271540300966924,0.7840027749179235,982.3505173393551,True,9.300276071019429e-05,0.16610918848499873,0.7848191621267502,982.2519571408354,True,0.023671747189741577,0.040277961714412086,False,,10.0%
AGTL,813,0.03444034440344403,0.00010391085531987484,0.20959535664954185,0.49987621487212747,2107.2675813202086,True,0.0001129053780390305,0.2908923685442726,0.4490851353807921,1979.804561742533,True,0.00014838293089038245,0.30917768250227406,0.3246571364364724,1986.939085339024,True,0.09958232585273222,0.08129701189473074,False,,5.0%
AGTL,1008,0.015873015873015872,2.208972378207003e-05,0.18479643629531228,0.7720400591809333,2636.9849342803736,True,2.119860893834215e-05,0.21562324584654408,0.7608839991090106,2558.44713893278,True,2.222654097671392e-05,0.20063250608429542,0.7635707605270521,2556.509728499682,True,0.015836069788983137,0.030826809551231793,False,,7.5%
AGTL,544,0.014705882352941176,6.588705170606131e-05,0.13530483353561268,0.74740632042897,1308.7984145763398,True,6.426643093405043e-05,0.15113011608218208,0.7467909587716335,1270.6885918309083,True,6.709788157142531e-05,0.1422791951856739,0.7442179567244507,1270.2800492136446,True,0.0069743616500612116,0.015825282546569397,False,,10.0%
AHCL,792,0.039141414141414144,3.963070585373005e-05,0.1266883519376863,0.7869811492767813,1945.4674266938591,True,3.678322418096273e-05,0.15632243093838882,0.7839195795990945,1807.1924369953226,True,4.5576754324285244e-05,0.14894752612709317,0.7614750990864503,1809.1627504197247,True,0.022259174189406872,0.02963407900070253,False,,5.0%
AHCL,910,0.015384615384615385,6.479228971481476e-05,0.12187011127168196,0.7706718145313725,2111.6227294900305,True,7.050037943229459e-05,0.14042602256902187,0.7514791254918189,2046.905196308335,True,7.700104404334193e-05,0.14023350037015472,0.737325029468165,2048.709221020297,True,0.018363389098472765,0.01855591129733991,False,,7.5%
AHCL,539,0.014842300556586271,9.184902560730013e-05,0.1321902989201973,0.7378623404615374,1220.9578057505983,True,0.00024832929314936415,0.25454395538814,0.42077846420225706,1185.3543909125433,True,0.00026732563481503486,0.24728872621304865,0.3908045602337065,1185.120683086995,True,0.11509842729285136,0.12235365646794272,False,,10.0%
AHL,809,0.09765142150803462,0.0001070014691338365,0.1576998783505699,0.6805496264595639,1837.5855692979487,True,0.00011341552349422224,0.27799685100707905,0.6421356398689403,1504.1547240273242,True,0.0001357261657115942,0.23124782543679795,0.612658708652974,1509.469997669065,True,0.07354794708622805,0.12029697265650915,False,,5.0%
AHL,1025,0.023414634146341463,0.00010681689021556208,0.1429098161422034,0.6715184153400505,2402.061189884973,True,0.00010853525316741893,0.17566444091826441,0.6576562427194539,2292.9631411648743,True,0.00011361021794561977,0.16774072430317974,0.6492014066141216,2296.195100345214,True,0.024830908160976328,0.032754624776061,False,,7.5%
AHL,540,0.020370370370370372,8.761972109067051e-05,0.1854560336547893,0.705013866523061,1222.0253409429615,True,8.824694670327026e-05,0.21068431960351375,0.6977073828378071,1174.3337922844175,True,0.000106453248774565,0.21504253182640198,0.6593557297897457,1174.8088470326263,True,0.029586498171612685,0.02522828594872445,False,,10.0%
AICL,807,0.01982651796778191,0.00029274237135543764,0.2247600964997553,1.4456314946524731e-11,2053.9940864723776,True,0.0002948979678575547,0.26910810488123327,1.3132397699349916e-11,1977.3215697159028,True,0.00029713002696737055,0.25279747696009125,1.4179120730131633e-11,1977.3038295604545,True,0.028037380460335937,0.044348008381477955,False,,5.0%
AICL,1019,0.005888125613346418,2.5620914965759782e-05,0.0476991994297675,0.8899946892320294,2524.218828782005,True,2.672131080736758e-05,0.05171860976173066,0.884671053123401,2493.7771936352888,True,2.7534720705389252e-05,0.05193206259841452,0.8819857759523683,2494.2204573116273,True,0.004232863168647023,0.004019410331963166,False,,7.5%
AICL,544,0.025735294117647058,0.00013136646466163168,0.24625948619628332,0.6284964256321571,1172.1858501565148,True,0.00013047806686661831,0.2913271932342917,0.6178694705440206,1111.2290646166605,True,0.00013686407085422624,0.2687484345660738,0.6162473415497756,1109.853440427319,True,0.022488948369790457,0.04506770703800836,False,,10.0%
AIRLINK,661,0.04236006051437216,0.00010353677093183751,0.1885985927693264,0.6936636349745309,1437.721939642194,True,9.606231206988166e-05,0.2514734948345122,0.6819622307934233,1323.7466500605915,True,0.00011305452775424295,0.22839168682429425,0.6628094084577463,1325.476875733298,True,0.039793094054967865,0.06287490206518581,False,,7.5%
AIRLINK,544,0.01838235294117647,0.0001372886489928098,0.2062124408470118,0.6451390567395268,1181.7939247390418,True,0.0001340877431657779,0.23765061727099973,0.6400904580660101,1137.4410260364896,True,0.00014233048532521142,0.22539360885592657,0.6324836274224592,1136.361863772393,True,0.019181168008914784,0.03143817642398794,False,,10.0%
AKBL,818,0.022004889975550123,3.85468050930849e-05,0.11828145898803513,0.7619438330254288,2166.1592777652295,True,3.994408426804208e-05,0.12837575186735328,0.7591454330603562,2072.3200502498535,True,4.073795662824969e-05,0.11916935990408059,0.7601233156657485,2071.5261742233697,True,0.0008879009160454587,0.01009429287931815,False,,5.0%
AKBL,1030,0.0048543689320388345,4.4080015602878796e-05,0.12127473974082731,0.7385956362530302,2731.9968734975573,True,4.551712175528586e-05,0.126746259597517,0.7316633263560823,2704.3933840444142,True,4.582480411786972e-05,0.12796593123257938,0.7287903385063054,2704.557607281634,True,0.006691191491752069,0.005471519856689699,False,,7.5%
AKBL,543,0.011049723756906077,7.679993451032086e-05,0.10451979551604126,0.7982236767272766,1193.845486382415,True,7.599872777658029e-05,0.11003280607276121,0.7990452141971965,1165.3397282914973,True,7.84189445664454e-05,0.10627383941490948,0.7969366720399874,1165.1720337901172,True,0.0017540438988682128,0.005513010556719947,False,,10.0%
AKDHL,562,0.0693950177935943,0.00018240439902419872,0.16338980056377128,0.6771203307745466,1125.8390195125567,True,0.0001915755334053211,0.2583751038440387,0.6419155816077078,971.1029223752887,True,0.00025114426329844025,0.2438538785819251,0.5800638793031578,974.0921808449193,True,0.0804640780181538,0.09498530328026744,False,,7.5%
AKDHL,514,0.033073929961089495,4.997586425477915e-05,0.08495587969392607,0.8605667695875888,1084.4296915871773,True,5.304037751933869e-05,0.10707942479708474,0.8482231680732077,1010.944546537883,True,6.019460698472606e-05,0.09931532598189938,0.8413643825883975,1012.3821309040903,True,0.01435944628797331,0.02212354510315867,False,,10.0%
AKDSL,407,0.09090909090909091,5.1225735457524876e-05,0.08246378732581688,0.9084817617030327,526.6833780891641,True,5.85306741513118e-05,0.0823542306893762,0.9176457693105835,404.05544986919176,True,5.5868021135396365e-05,0.07556818180585258,0.9155770417392161,402.09500967677167,True,-0.006895605519964307,-0.00010955663644068858,False,,5.0%
AKDSL,666,0.04954954954954955,2.215463231194642e-05,0.05429682984667436,0.9311167868580845,1183.0475593256688,True,2.1596111925977395e-05,0.06857455663112702,0.924773079050047,1052.632304635116,True,2.3753464946384705e-05,0.05720311701349251,0.9287672980828762,1054.4675060897753,True,0.00290628716681815,0.01427772678445266,False,,7.5%
AKDSL,543,0.03867403314917127,5.660478468831853e-05,0.12911781364508246,0.826788545162312,1102.5373349417182,True,5.72992314236537e-05,0.15012512361276073,0.8227688411417828,1010.1944810386623,True,5.764649989392676e-05,0.1287664124751649,0.8312373735852664,1009.7686063535358,True,-0.00035140116991755344,0.021007309967678273,False,,10.0%
AKGL,400,0.0325,0.0008136080717502069,0.36987893787574,5.325106615382348e-14,795.7508733580988,True,0.0008739602167218482,0.4347431280413423,4.978992486110988e-14,742.1966847626492,True,0.0008723773855242326,0.41141889044246704,4.989830801267381e-14,745.249589384447,True,0.041539952566727045,0.0648641901656023,False,,10.0%
ALAC,679,0.010309278350515464,4.658191841951411e-05,0.10310125430249166,0.8823927195083623,1092.618164157967,True,4.4915138140171935e-05,0.1054773886624222,0.8830811760462767,1064.894591264468,True,4.666229273626142e-05,0.10171234387298259,0.8838463415447572,1063.6720916751815,True,-0.0013889104295090743,0.0023761343599305457,False,,7.5%
ALAC,526,0.053231939163498096,0.0004873119512260808,0.1859289178888698,0.5624298865891793,921.3551718541933,True,0.0005270182157455924,0.30114033603520607,0.5098187392556657,816.4811478494028,True,0.0005840705305948056,0.27942084420449187,0.4769859843870139,822.2080156710126,True,0.09349192631562206,0.11521141814633626,False,,10.0%
ALIFE,420,0.05238095238095238,7.232122262405228e-05,0.15562781285493638,0.7979344980376463,793.000336769727,True,6.723274852505121e-05,0.19364231854612537,0.789388915141364,708.51737994944,True,0.00010723835785345094,0.18716982582189962,0.7510528936145413,707.9014293530295,True,0.03154201296696324,0.038014505691189,False,,7.5%
ALIFE,536,0.014925373134328358,0.0001393569997530343,0.12369076526360384,0.7409392671780741,1093.892138592311,True,0.00013661745948728856,0.13826275490673456,0.7379908853785895,1059.3474032145034,True,0.0001435127254402124,0.1332148783943241,0.7322491688341579,1059.1653981031288,True,0.009524113130720269,0.014571989643130723,False,,10.0%
ALNRS,422,0.16113744075829384,0.0004019969264410603,0.2415796305848214,0.3651038162157314,862.7463339548791,True,0.000583142140064855,0.4352844653721383,0.2747398185732219,590.8519295488127,True,0.0005523570584136258,0.2739847758773033,0.33905288581791415,590.581617526143,True,0.032405145292481896,0.19370483478731687,False,,5.0%
ALNRS,479,0.16701461377870563,1.827331587451578e-05,0.08066782857254988,0.9112418650649691,781.3215264236828,True,0.00011072428993260348,0.15822758675224857,0.8417724132477109,500.75318092566056,True,1.738229124376354e-05,0.09424964079996304,0.9005000712129587,501.28561038309033,True,0.013581812227413156,0.07755975817969869,False,,7.5%
ALNRS,523,0.0038240917782026767,2.4671465009359375e-05,0.04132666093476458,0.9332927772275609,1071.3098993947515,True,2.3852540340795112e-05,0.04074829280170123,0.9351491353906864,1062.0430414475004,True,2.4528076306309856e-05,0.04084664644419652,0.9341172196732241,1062.2359501390642,True,-0.0004800144905680592,-0.0005783681330633478,False,,10.0%
ALTN,541,0.12199630314232902,5.234151946110071e-05,0.13641821719372527,0.8048409075552312,1156.2514178583253,True,6.373853769569817e-05,0.24878816052750768,0.7512118394724652,890.117283843751,True,0.00010699411124513775,0.21632134672304837,0.6956670622477614,892.3488086846108,True,0.0799031295293231,0.11236994333378242,False,,5.0%
ALTN,842,0.0332541567695962,0.00010491897778717711,0.17463350586348106,0.6949332001621711,1856.4034888299689,True,0.00011721108260625704,0.20902070562493746,0.6703517294471771,1729.8965990627253,True,0.00013944368917068179,0.19286159237700995,0.6429760755472389,1729.7567830900011,True,0.01822808651352889,0.034387199761456405,False,,7.5%
ALTN,542,0.005535055350553505,0.0001193889596502666,0.14091579742137295,0.676065526206686,1247.4275495159586,True,0.0001255556859854494,0.15188280198222737,0.6610370249353323,1233.9698995905294,True,0.000137271959550627,0.1560382580516938,0.6362719005342052,1234.1300205995212,True,0.015122460630320855,0.010967004560854421,False,,10.0%
AMBL,404,0.03217821782178218,0.000288176627767425,0.1885754156942538,0.7384400378704956,592.6042219133618,True,0.0003528688007277091,0.20653460555774833,0.7180792294049285,543.8839595278946,True,0.00035578535551076564,0.19227661297642448,0.7217158223094555,543.1967226681008,True,0.003701197282170693,0.01795918986349454,False,,5.0%
AMBL,452,0.06637168141592921,5.44331335760217e-05,0.15964906463300793,0.825285468791801,781.0544406908118,True,7.825980053080797e-05,0.21603010442039727,0.7839698955795404,678.9061425446253,True,8.356221537407466e-05,0.20179810124988956,0.7811914406601956,680.6523906517407,True,0.04214903661688163,0.05638103978738934,False,,10.0%
AMTEX,817,0.0,0.0003045437226285975,0.251227091647643,0.6789522096325755,1302.0071762182367,True,0.0003045437226285975,0.251227091647643,0.6789522096325755,1302.0071762182367,True,0.00030454373898571507,0.2512271401985098,0.6789521750503502,1302.0071762182374,True,4.855086677135745e-08,0.0,False,,5.0%
AMTEX,544,0.003676470588235294,7.04254082111167e-05,0.0717560817416584,0.886791819640895,990.3207062488426,True,7.077672989155617e-05,0.07210227693341471,0.887050000077162,980.3036875508907,True,7.214212380642937e-05,0.07168408587981143,0.8861975071722277,980.1325943643543,True,-7.199586184697404e-05,0.00034619519175631275,False,,10.0%
ANL,821,0.04263093788063337,0.00022771846483255923,0.18185684076951034,0.6428355967754333,1599.5091757345167,True,0.00022280394066275175,0.23151940482900718,0.6364622141682035,1457.2381876512254,True,0.0002299506540128772,0.19767285843284588,0.6442632806680356,1456.023070397753,True,0.01581601766333554,0.049662564059496844,False,,5.0%
ANL,1034,0.027079303675048357,0.00015694351382554623,0.16658197623956206,0.6766068433041659,2149.7701891578777,True,0.00016348615801508446,0.20428942097684802,0.6573927514384615,2031.8510574799982,True,0.0001638340663558038,0.18479945223452038,0.6643909957470272,2031.8365364481128,True,0.01821747599495832,0.03770744473728596,False,,7.5%
ANL,544,0.012867647058823529,3.170575538164429e-05,0.12468326615400115,0.8411402448722234,1216.378981196037,True,2.975269942697963e-05,0.13531556922732646,0.8399226011033516,1185.3815241157374,True,3.2281315117453654e-05,0.13374868227214287,0.8350181086120225,1185.7058738572232,True,0.009065416118141725,0.010632303073325314,False,,10.0%
ANSM,723,0.14661134163208853,5.142799049151015e-05,0.11621181448433407,0.8615475098160272,1272.1250885680051,True,0.00029841246508230623,0.39232000916464793,0.6076799908317998,888.7130595001203,True,0.00035794768364640203,0.33702869493344145,0.5608344196981461,900.7710541606973,True,0.22081688044910738,0.2761081946803139,False,,5.0%
ANTM,476,0.09873949579831932,0.0006950051989861702,0.23720829159117873,0.4965437635032945,756.3336923368788,True,0.0009167320834353185,0.4720178108224345,0.3624636345203024,595.2445418243985,True,0.0010672917510440496,0.4073282793368714,0.30136286992407746,600.5598210895491,True,0.17011998774569265,0.23480951923125576,False,,10.0%
APL,818,0.012224938875305624,5.085247375067099e-05,0.15194827812126765,0.6700431170599643,2210.7556949845166,True,5.3810471613612124e-05,0.17117027752981562,0.6513114071410787,2160.8096968780537,True,5.695613970761541e-05,0.16695764256899537,0.639943721122662,2160.784805154764,True,0.015009364447727713,0.019221999408547963,False,,5.0%
APL,1031,0.005819592628516004,4.5603367756254516e-05,0.19834987834667656,0.6491637167924076,2813.6541498102697,True,4.7038379369544635e-05,0.21914107720296247,0.6329372145398426,2784.895718294068,True,4.6662861677927885e-05,0.20914969916897536,0.6392949827936412,2785.120603072798,True,0.0107998208222988,0.020791198856285914,False,,7.5%
APL,543,0.001841620626151013,7.782243630810644e-05,0.3434127851992379,0.46200799570431667,1449.1759745592228,True,7.694218799987406e-05,0.3542120716418068,0.4606041887898126,1445.511472167664,True,7.79635517912754e-05,0.3494988138227065,0.45754127455915644,1445.220464438379,True,0.006086028623468576,0.01079928644256889,False,,10.0%
ARCTM,530,0.17735849056603772,0.0007638968522927568,0.23025060623163413,0.5394818627608811,774.8836110597249,True,0.0011813928735906276,0.547820993423151,0.39510526366585963,465.71907729376875,True,0.0015080627679761507,0.4452891548048137,0.2938399050188194,470.68404956541224,True,0.21503854857317956,0.3175703871915169,False,,7.5%
ARCTM,529,0.06427221172022685,0.0002938119320509145,0.23585166573201943,0.6100386828367251,946.895119652544,True,0.00038471393628080263,0.39771129428409874,0.5010632736386014,821.251748098022,True,0.0004849793995275948,0.3490814088888735,0.4480908586348037,825.3903332554104,True,0.11322974315685408,0.1618596285520793,False,,10.0%
ARPL,785,0.022929936305732482,0.00019679237811933098,0.22511508944455633,0.12934913110689078,2085.2017005136436,True,0.00020000239719872778,0.2791124913648122,0.11855430939248739,1998.5621501860678,True,0.00020711248077777213,0.2738957792606196,0.09178280802915834,2001.1232789295877,True,0.04878068981606326,0.05399740192025587,False,,5.0%
ARPL,973,0.0,4.6923056392158234e-05,0.10052916954564622,0.7208112327664523,2652.1051824953543,True,4.6923056392158234e-05,0.10052916954564622,0.7208112327664523,2652.1051824953543,True,4.721058762177488e-05,0.10010277074330698,0.7198901349394529,2651.9406192044376,True,-0.0004263988023392451,0.0,False,,7.5%
ARPL,543,0.016574585635359115,0.0001042219908863073,0.21354226634572532,0.6097488978536965,1308.725245626426,True,0.00010338285048087868,0.2346658443210739,0.610657674308785,1264.737432410481,True,0.00010521147552662978,0.22183885617481996,0.6107388896369796,1264.2675375569713,True,0.008296589829094647,0.021123577975348584,False,,10.0%
ARUJ,544,0.06801470588235294,0.0002749014902915485,0.2029122578360793,0.6551194691491237,959.241820792786,True,0.000366986776729339,0.3637146658191753,0.5436000956281982,825.2765247214752,True,0.0006356443146207837,0.37503856081548403,0.36993123964815433,827.8814549306891,True,0.17212630297940473,0.16080240798309597,False,,10.0%
ASC,819,0.047619047619047616,2.4442184703397665e-05,0.10355557910023441,0.8610440582642691,1881.3853424343638,True,2.2941396564212528e-05,0.11968730857493112,0.8623486641330224,1705.5724744968395,True,2.7390538564008752e-05,0.10597276316157195,0.858403585393923,1704.3726153922225,True,0.002417184061337535,0.01613172947469671,False,,5.0%
ASC,1033,0.01936108422071636,0.00030428499264203843,0.2104971487689276,0.43793464911046703,2216.8483239603934,True,0.00030222113224687245,0.23621989119072212,0.4421259385042249,2128.291427784054,True,0.0003050356861075238,0.22326662319224308,0.4424995877373007,2128.2179573335466,True,0.012769474423315469,0.02572274242179451,False,,7.5%
ASC,544,0.04595588235294118,0.0002847055819724461,0.42363321668133713,0.43036150456637856,1071.6594306662905,True,0.0002660028813408772,0.5999191552698575,0.4000808447301192,984.1852808677526,True,0.0003115401332002611,0.5399046205395752,0.36782361005995917,986.5675320119279,True,0.11627140385823809,0.17628593858852037,False,,10.0%
ASHT,425,0.21411764705882352,0.0009429936982908301,0.1132751049813783,0.6600352869209093,562.9951528705236,True,0.0023421150230614517,0.38989841727353947,0.3963335175733058,273.46186253335424,True,0.0042038711022641785,0.2936057304164119,0.08726512039003664,274.3825325117488,True,0.18033062543503361,0.2766233122921612,False,,7.5%
ASHT,477,0.1111111111111111,0.0010209703624127495,0.3751340807185644,0.18418071843653538,803.169645397251,True,0.0011974431968289707,0.8005570437839254,0.07933127857195163,626.5250404974817,True,0.001172063269161445,0.607430699692223,0.1020578028311736,636.8952637561304,True,0.23229661897365855,0.42542296306536104,False,,10.0%
ASL,821,0.05115712545676005,0.0001923058354413997,0.2067560755983474,0.5817392660146727,1743.9148262132994,True,0.0001950150122477897,0.28010962501862974,0.5622811565163048,1568.6548210746378,True,0.00021140112699346778,0.23825436148949253,0.5580158600492366,1568.1117119036264,True,0.03149828589114512,0.07335354942028233,False,,5.0%
ASL,1034,0.006769825918762089,3.657576566809289e-05,0.07092575918154177,0.8768961889164166,2296.011202130275,True,3.289636739725241e-05,0.07046365288300652,0.8841497038959387,2262.6125050668625,True,3.498661129167417e-05,0.06977353533952688,0.8809256171410413,2262.3298657312766,True,-0.0011522238420148961,-0.00046210629853525587,False,,7.5%
ASL,544,0.012867647058823529,8.658545971284757e-05,0.08544938025854623,0.8231072122186908,1139.4194848707712,True,7.31772961864469e-05,0.08353580563308047,0.8439315631338911,1106.4883415390489,True,7.876769422430818e-05,0.08123546024374356,0.838241330983495,1106.4320809640421,True,-0.004213920014802669,-0.0019135746254657637,False,,10.0%
ASTL,821,0.09622411693057248,5.581173018375923e-05,0.18235061683938464,0.7484211308887614,1822.4452944507584,True,6.174512718516936e-05,0.3076211156891705,0.6923788843105247,1498.7887093456206,True,0.00010217156474420775,0.255393854455799,0.6454286665493338,1496.9115764718235,True,0.07304323761641435,0.12527049884978586,False,,5.0%
ASTL,1034,0.025145067698259187,5.184384641869392e-05,0.09147648628017588,0.8364960698512336,2301.270877396293,True,5.426656519997057e-05,0.10405156659533799,0.8296596485552519,2181.932093834809,True,5.982992157758055e-05,0.0979736497566993,0.8231941821670357,2181.8518249022054,True,0.006497163476523418,0.012575080315162107,False,,7.5%
ASTL,544,0.02022058823529412,0.00017899118497806193,0.24083110873508093,0.5642898098082039,1188.0736459205186,True,0.00019861774721235384,0.3035117885024816,0.5152851055372047,1138.1305296459761,True,0.00020248135361890484,0.27530774001913805,0.5220668339855359,1137.0042833058226,True,0.03447663128405712,0.06268067976740069,False,,10.0%
ASTM,625,0.144,0.0002555972028785476,0.15302213567436662,0.7805470821438188,886.053853874877,True,0.0002794185565376755,0.2389265691228134,0.7610734308737588,595.5741012826236,True,0.0002879806259403131,0.18417650726840457,0.7655446719161454,598.5683136182806,True,0.031154371594037944,0.08590443344844678,False,,5.0%
ASTM,787,0.06353240152477764,9.376505546220776e-05,0.0892463953496909,0.870513438138521,1303.3459636670098,True,5.2100993559145905e-05,0.12163141388665379,0.8776212282512503,1130.2913682347637,True,0.0006499544062220075,0.2601000012368332,0.5036150351878212,1129.5218683680991,True,0.1708536058871423,0.03238501853696289,False,,7.5%
ASTM,542,0.12915129151291513,0.000309216301731938,0.18728498376637165,0.6969284377552383,860.7439266389447,True,0.00035959270659638855,0.36996048115414715,0.6300395188456265,627.052796177279,True,0.00048250048723033005,0.3410950623573177,0.5631015048169752,647.1076804252097,True,0.15381007859094603,0.1826754973877755,False,,10.0%
ATBA,754,0.10079575596816977,4.927656964080212e-05,0.1467325122015527,0.7804590837692102,1722.5995058340832,True,4.9329428832394204e-05,0.2633081710890832,0.7366918289107767,1410.9031580312953,True,7.68255413718609e-05,0.2267188427854349,0.6912765185776105,1418.1371706234436,True,0.07998633058388219,0.11657565888753052,False,,5.0%
ATBA,1031,0.0533462657613967,0.00012908424868244824,0.16280852945068028,0.6519768920037672,2332.301493187244,True,0.0001429102132835803,0.21298974107775365,0.6312394121613085,2080.226581050927,True,0.00014463628383817943,0.18107641408040714,0.6376831999497294,2080.9836836934496,True,0.018267884629726866,0.05018121162707337,False,,7.5%
ATBA,544,0.02022058823529412,4.7436836928039985e-05,0.07665846595881423,0.8412656528279476,1265.183264148964,True,4.496575461534482e-05,0.08087551806067558,0.8478604883196263,1210.6352591159703,True,4.662966712594589e-05,0.07566485201994377,0.8465569614740126,1210.0194389508326,True,-0.000993613938870458,0.004217052101861352,False,,10.0%
ATIL,525,0.04380952380952381,0.00010295887461545436,0.18130269915080566,0.6170239616187612,1264.6538670048717,True,0.00012368885684999715,0.25710513200878626,0.5499919708895638,1161.5025443471143,True,0.00010518064076495395,0.2067757379212382,0.6095119177833778,1163.3226315350748,True,0.025473038770432554,0.0758024328579806,False,,5.0%
ATIL,827,0.0036275695284159614,3.595808404127651e-05,0.15489858363208248,0.7446996186333945,2176.1605798548812,True,3.5883625957541126e-05,0.15887613986276494,0.7436254567720004,2160.992753625453,True,3.901313174229093e-05,0.1600797995295949,0.7304524153963996,2161.1216269001493,True,0.0051812158975124145,0.003977556230682466,False,,7.5%
ATIL,541,0.011090573012939002,5.343026426619341e-05,0.4421208899472221,0.5578791100523035,1371.3448877462833,True,5.984253468576566e-05,0.4755135458177419,0.5244864541822136,1349.2302955272169,True,5.792220500350681e-05,0.46700954277580486,0.532990457224134,1348.7277506850921,True,0.02488865282858277,0.033392655870519816,True,,10.0%
ATLH,710,0.022535211267605635,3.530313062630822e-05,0.1042784648151627,0.8173504725405872,1754.5461570986774,True,4.266399314707911e-05,0.13291583328945478,0.784063339510682,1679.9270183847,True,4.333506841953651e-05,0.12083394359787075,0.7877459372891971,1679.2672973378674,True,0.01655547878270805,0.028637368474292074,False,,5.0%
ATLH,854,0.01405152224824356,0.00019765628977545254,0.255608341348342,0.39070636371329165,2036.258792217413,True,0.00022178004303184852,0.29598357245278517,0.3332638006890212,1979.0420080224728,True,0.0002324429549194501,0.2878953621487875,0.31406517055867356,1978.14317288505,True,0.03228702080044554,0.04037523110444319,False,,7.5%
ATLH,544,0.0055147058823529415,5.9412123369501484e-05,0.2759264825118557,0.6195338996454112,1413.8214854381627,True,5.869332480499324e-05,0.2762874312760947,0.625211381366143,1396.5159754430115,True,5.961627287008041e-05,0.2758342703360902,0.622001581076699,1396.3198890503693,True,-9.221217576549368e-05,0.0003609487642389775,False,,10.0%
ATRL,820,0.09024390243902439,2.9982355091646135e-05,0.10710362466170295,0.8560253650516928,1808.6389083345316,True,3.0982291203853195e-05,0.16171240621886146,0.8359161566086257,1497.3896505269245,True,3.36422089265948e-05,0.11729289144899047,0.8499511854899556,1498.0505194200098,True,0.010189266787287515,0.05460878155715851,False,,5.0%
ATRL,1034,0.025145067698259187,6.53317813521447e-05,0.13007217801108695,0.7977926756981721,2208.613739753338,True,6.675635705421803e-05,0.15470253946389215,0.7853665030462762,2097.4857676437014,True,7.421356909296765e-05,0.14288670464773118,0.7806936412283674,2098.853089416555,True,0.01281452663664423,0.0246303614528052,False,,7.5%
ATRL,544,0.012867647058823529,2.962224511416049e-05,0.13554345727440248,0.8355782569993652,1226.8713958587796,True,3.0404779074820826e-05,0.15382576114980046,0.8252243559015596,1196.431353202749,True,3.3645359461890924e-05,0.14746462725293705,0.8217962542320983,1195.669266579635,True,0.011921169978534568,0.018282303875397976,False,,10.0%
AVN,819,0.10378510378510379,0.00010343957208338298,0.14330566703575826,0.7191823643117939,1805.736612094036,True,0.00010018419907355269,0.24002367441805939,0.7034302159797909,1449.7672557925157,True,0.00012572516607592778,0.1882715329680973,0.6817046696635538,1450.8117701953613,True,0.04496586593233903,0.09671800738230113,False,,5.0%
AVN,1029,0.0369290573372206,3.176781658154577e-05,0.08366868918244694,0.8817555520666456,2183.576590609412,True,4.297258548201697e-05,0.12118184371211425,0.8462528319997682,2021.9764888360364,True,4.74624632676785e-05,0.10637960396640489,0.8462106079827556,2022.3071862875279,True,0.022710914783957953,0.03751315452966732,False,,7.5%
AVN,544,0.009191176470588236,5.3819360188221365e-05,0.21341587955799685,0.7032596920928593,1326.9811095163082,True,5.398899247743872e-05,0.23757025925271752,0.6925300663730107,1304.4448841704398,True,5.625497688906199e-05,0.23003368336920432,0.6894537784810366,1303.9720977311695,True,0.016617803811207477,0.024154379694720673,False,,10.0%
BAFL,819,0.013431013431013432,4.622553555643971e-05,0.13322889679608516,0.708201900697673,2199.85517164279,True,4.6623509850176635e-05,0.15220471906343347,0.6986906451829284,2145.540646349242,True,5.317644638088085e-05,0.1490538079945576,0.6745205050698951,2144.9492331238166,True,0.015824911198472458,0.018975822267348313,False,,5.0%
BAFL,1033,0.005808325266214908,2.8366914802194797e-05,0.10610531406305222,0.8122905274963647,2696.6085056742113,True,3.0074955135624188e-05,0.11651963244900501,0.8004759370348793,2665.660104302231,True,3.0021788221521557e-05,0.112454545061873,0.8029570965407982,2665.773191001918,True,0.0063492309988207735,0.01041431838595279,False,,7.5%
BAFL,543,0.003683241252302026,4.717745035328634e-05,0.15411115799541686,0.7534827128390302,1342.7510322515523,True,4.599396229554493e-05,0.1535656098032746,0.7584540325736618,1332.2634391718505,True,4.6736395958338635e-05,0.1540402355342101,0.7554690719819166,1332.15121562195,True,-7.092246120676826e-05,-0.0005455481921422534,False,,10.0%
BAHL,820,0.01097560975609756,3.182562532435877e-05,0.07719916735004945,0.7972282247588809,2246.5604838927,True,3.2040237119722035e-05,0.08183086174260935,0.7965169440986064,2198.864350068808,True,3.18064886552529e-05,0.0775227596655522,0.7998415301778641,2198.9668570386007,True,0.0003235923155027465,0.004631694392559907,False,,5.0%
BAHL,1030,0.005825242718446602,7.476581939713591e-06,0.05659588856995357,0.9168518245284353,2796.1269977339316,True,7.94159104855912e-06,0.060477963118803775,0.9124620434354318,2763.249089497021,True,7.622178916258367e-06,0.057320625977227396,0.9158243304749258,2763.9278994924466,True,0.0007247374072738288,0.0038820745488502076,False,,7.5%
BAHL,544,0.0,3.564512463167245e-05,0.1332373202609043,0.7958033739779149,1356.8425114361496,True,3.564512463167245e-05,0.1332373202609043,0.7958033739779149,1356.8425114361496,True,3.564512463167245e-05,0.1332373202609043,0.7958033739779149,1356.8425114361494,True,0.0,0.0,False,,10.0%
BAPL,594,0.1414141414141414,0.0002857668605817068,0.13986633520116562,0.7815458895934446,850.3060347623896,True,5.123187598351443e-05,0.056901075837518356,0.9430989241622385,574.0818640461006,True,0.0004986611532339983,0.20777237504103596,0.6998593401459405,575.0628892917935,True,0.06790603983987034,-0.08296525936364726,False,,5.0%
BAPL,775,0.11741935483870967,0.0008614164420204225,0.16420049780580928,0.45528166491933364,1269.8210919556275,True,0.0010133170396454405,0.35041266123525605,0.3817935180956227,943.2821621186624,True,0.001244564105591452,0.29640486417528394,0.2942912808418248,948.8852931337549,True,0.13220436636947466,0.18621216342944677,False,,7.5%
BAPL,544,0.0974264705882353,9.58993498536944e-05,0.13499701737805134,0.8201294197323845,947.7425869906933,True,8.145122424887974e-05,0.17648541342494056,0.8235145865750423,754.6902084048642,True,0.00011663367765731304,0.1593326662515035,0.8003213796912361,757.8671007904766,True,0.02433564887345216,0.041488396046889225,False,,10.0%
BATA,608,0.06414473684210527,0.00016524508445454693,0.22276978292316396,0.5110345133013621,1408.5955392062424,True,0.00020815518433652777,0.34929740240022866,0.4139457866765496,1241.230333661806,True,0.0002544882656484849,0.3125293598193038,0.34043879189442683,1241.82271317733,True,0.08975957689613984,0.1265276194770647,False,,5.0%
BATA,788,0.008883248730964468,1.551593047464946e-05,0.09178758518044738,0.8833064929846774,1835.683056879213,True,1.6814601446931737e-05,0.09994181035407786,0.8758701211901517,1803.3019363016847,True,1.659873570509639e-05,0.09557450682067518,0.878639935279153,1802.8323642525752,True,0.0037869216402278,0.008154225173630472,False,,7.5%
BATA,544,0.0,5.324621102841383e-05,0.3246962612372407,0.536518492808701,1542.6250616578031,True,5.324621102841383e-05,0.3246962612372407,0.536518492808701,1542.6250616578031,True,5.324620439014329e-05,0.32469622604494364,0.5365184906535614,1542.6250616578045,True,-3.519229707649174e-08,0.0,False,,10.0%
BBFL,533,0.020637898686679174,6.29248946994233e-05,0.13195237003835905,0.7929818946306756,1167.900316852474,True,0.00012503147563229305,0.2346751746071451,0.6458387008219564,1118.849113942286,True,0.00012834799646931788,0.21803547028658216,0.6467325029686402,1118.5937074596238,True,0.0860831002482231,0.10272280456878605,False,,10.0%
BCL,774,0.18992248062015504,0.000150732774483427,0.1803766375529589,0.6787709730689659,1566.676375670919,True,0.00019000752418504486,0.37979812563285287,0.6202018743671074,996.7365533267377,True,0.00028929122836919693,0.2782286725700639,0.5487324633897492,1000.2958703235361,True,0.09785203501710499,0.19942148807989396,False,,5.0%
BCL,962,0.05093555093555094,0.00027045646046553666,0.1950616840263728,0.587796395452292,1880.3258426827956,True,0.00029406706238368255,0.2646413781245433,0.5526053234175912,1684.1778344337235,True,0.0003428524603135415,0.2438085490043211,0.5141541676837,1688.466840261679,True,0.048746864977948307,0.0695796940981705,False,,7.5%
BCL,544,0.025735294117647058,0.00016670658766896042,0.19091872527570128,0.6647556137391912,1116.2344753046827,True,0.00017750409708794666,0.2337590202954638,0.6412030647244886,1056.7428828010657,True,0.0001829732738862307,0.21368904895886154,0.6419646845520568,1056.4726288906272,True,0.02277032368316026,0.042840295019762525,False,,10.0%
BECO,671,0.02533532041728763,0.00010911410500484567,0.09893798660658265,0.7850791609895804,1402.2904537367497,True,0.00012244401018600225,0.12599458087194315,0.7586170341329286,1327.8147819140768,True,0.00012564873077235822,0.11455780606799978,0.760271780944431,1328.2937288948008,True,0.015619819461417134,0.0270565942653605,False,,7.5%
BECO,542,0.08856088560885608,0.0001766314458437378,0.2021006843777805,0.7234093287294354,958.9993294414768,True,0.00017117310709056514,0.30132070538051603,0.6986792946194692,796.4781514302571,True,0.0002761190030283121,0.29759526623553856,0.6226366374877098,803.8814068662888,True,0.09549458185775805,0.09922002100273553,False,,10.0%
BELA,536,0.0708955223880597,0.000513140033313448,0.20332597809373493,0.5707476724576606,889.4935830724163,True,0.0005825636172195165,0.34583462702393986,0.4987222239167538,760.7790037823598,True,0.0007552349523977566,0.3435908316050877,0.3994265709634409,770.7645353065802,True,0.14026485351135276,0.14250864893020493,False,,10.0%
BERG,668,0.08233532934131736,4.2364486592051404e-05,0.14745242884169513,0.781390712998925,1575.3486654883227,True,4.143335183119143e-05,0.24337316239037712,0.7469756223132614,1345.0102901160537,True,6.810257816473715e-05,0.21078951983866148,0.6977648748261436,1347.030248335544,True,0.06333709099696636,0.095920733548682,False,,5.0%
BERG,999,0.03803803803803804,0.00015658982520108905,0.16466613249754544,0.6297825856072514,2198.58134597824,True,0.00017394627420978248,0.21616112314304783,0.5937717706720902,2033.3696293671012,True,0.00018790538180832734,0.1996495845190981,0.5780248399826518,2037.6818433627407,True,0.03498345202155265,0.05149499064550239,False,,7.5%
BERG,544,0.03676470588235294,0.00017095320269242583,0.25974847560546,0.5841159283007613,1154.41998749001,True,0.00021281576559683174,0.43284217862590835,0.46795890859211164,1073.5672596945292,True,0.00021537815742091377,0.3580773173919901,0.489346235126046,1073.7280070010543,True,0.09832884178653012,0.17309370302044835,False,,10.0%
BGL,821,0.05968331303288672,0.00026720767616194685,0.17428257881091377,0.6656865103959326,1506.6721014430143,True,0.0002813972629798862,0.21727297071977983,0.6596206909647125,1314.8574455274372,True,0.00030704272226654225,0.19421568821016968,0.6458469838753059,1315.974192789327,True,0.01993310939925591,0.042990391908866055,False,,5.0%
BGL,1034,0.0425531914893617,4.411544115275363e-05,0.08898496293514127,0.8826832729627812,2003.1691901623506,True,4.7115121225877466e-05,0.12018829774626238,0.8667169051262045,1823.3667898500707,True,0.00020321496370719966,0.17467830326372116,0.6983082931146286,1820.3726254507437,True,0.08569334032857989,0.031203334811121114,False,,7.5%
BGL,544,0.016544117647058824,0.00013018061665663833,0.14885029253868048,0.7225991063584909,1134.0048786524221,True,0.00012648341132028498,0.15834534171883696,0.7278215331286759,1092.8367673992439,True,0.00014069666268672247,0.15678509693343778,0.7105801263641562,1092.6263963256097,True,0.0079348043947573,0.009495049180156478,False,,10.0%
BIFO,771,0.0311284046692607,3.776812746124554e-05,0.14152012837489403,0.7852069292137416,1879.266197651088,True,3.7978941694763185e-05,0.16388216039512726,0.7785471704155023,1766.1883449900959,True,5.1922864603515446e-05,0.14964391840624647,0.7525776782181012,1765.0892998992729,True,0.00812379003135244,0.022362032020233236,False,,5.0%
BIFO,1015,0.02167487684729064,4.465252197046356e-05,0.0981250096896302,0.8080575294949313,2474.45259363319,True,4.4686282922993964e-05,0.11264312506753135,0.8042072863925639,2368.5947603485893,True,4.657093347379091e-05,0.10541283551841676,0.8027585802696195,2371.2452255405874,True,0.007287825828786565,0.014518115377901153,False,,7.5%
BIFO,543,0.040515653775322284,9.492559702433512e-06,0.07864112183613407,0.9137981745083943,1179.734120925632,True,9.273110738719285e-06,0.09108193216265376,0.9089180678371804,1091.4925835784134,True,1.3362216438117886e-05,0.09602805620137367,0.8955443185611083,1091.3686915274598,True,0.017386934365239595,0.012440810326519683,False,,10.0%
BILF,789,0.07097591888466413,0.0009039912207567855,0.31652890098643827,0.5101383243486914,1070.5128566447747,True,0.001223228902912176,0.3972681706750517,0.4389219882146239,887.4765834741847,True,0.001291531178863027,0.3344906245982892,0.43771393624426563,888.8707217369642,True,0.017961723611850944,0.08073926968861345,False,,5.0%
BILF,911,0.003293084522502744,0.002335085831418266,0.13204343018593398,0.38684817038614144,1145.7943828692755,True,0.0022900782881438222,0.12862841955271917,0.4026796942183721,1132.8623030409096,True,0.0023183367282901884,0.12762460034826736,0.3971811497895783,1132.8602600658392,True,-0.004418829837666616,-0.00341501063321481,False,,7.5%
BIPL,753,0.01195219123505976,7.987617557781553e-06,0.07239914581687898,0.9174812161747559,1771.1142757331463,True,7.735113385713255e-06,0.07829599180117056,0.9149386710143004,1728.049870513155,True,8.179936341147022e-06,0.07386079662540827,0.9165122445017044,1727.1256313273475,True,0.001461650808529294,0.005896845984291577,False,,5.0%
BIPL,1031,0.01842870999030068,0.00032137275561194774,0.15643608434864287,0.3771989367340527,2309.179399829692,True,0.0003237315438815777,0.18135212157051273,0.37693598721443305,2220.664758455911,True,0.00034357764781117045,0.1790521343671819,0.3463713115160642,2222.112028107195,True,0.02261605001853903,0.024916037221869858,False,,7.5%
BIPL,544,0.009191176470588236,0.000170274680168598,0.3167870556442188,0.45775066160190514,1274.049446547882,True,0.00017259760577505726,0.3426598825319251,0.44902051400319665,1249.7578439063252,True,0.0001710298056330161,0.3312900485801126,0.4555891443995473,1249.8057374907482,True,0.0145029929358938,0.025872826887706313,False,,10.0%
BIPLS,407,0.09090909090909091,5.1225735457524876e-05,0.08246378732581688,0.9084817617030327,526.6833780891641,True,5.85306741513118e-05,0.0823542306893762,0.9176457693105835,404.05544986919176,True,5.5868021135396365e-05,0.07556818180585258,0.9155770417392161,402.09500967677167,True,-0.006895605519964307,-0.00010955663644068858,False,,5.0%
BIPLS,408,0.07598039215686274,5.063622975245391e-05,0.04711661848209808,0.928637728821663,659.6168401294044,True,0.00016415146632310374,0.08037769771102637,0.865389160274397,540.8889185026612,True,0.0009482909969882318,0.1751667148702391,0.4804862692729559,542.711432535242,True,0.12805009638814102,0.03326107922892829,False,,7.5%
BML,821,0.00243605359317905,0.00042899937705426596,0.3555438828712325,0.5172857550059622,1405.1668711229745,True,0.0004295390155041955,0.35306494069383165,0.5203419377210046,1395.2234920007595,True,0.000431164838679121,0.3525742259213877,0.5195439092604495,1395.1751564265726,True,-0.002969656949844801,-0.0024789421774008558,False,,5.0%
BML,1032,0.0009689922480620155,0.0010476063133586558,0.256378391851134,0.03620020603184036,1949.4954511786107,True,0.0010478623450414573,0.2625817024460927,0.034428550437611116,1945.03597755953,True,0.001047295464224164,0.2622856469081637,0.03493565774477832,1945.039218926452,True,0.005907255057029714,0.006203310594958711,False,,7.5%
BML,543,0.011049723756906077,0.00035585722669733864,0.30642072119344743,0.4740900027038375,1064.0292514675948,True,0.00033198690881465725,0.35317597328505423,0.4791445644869443,1041.9556983315156,True,0.0003268991305873933,0.32868893612212297,0.49197663113800183,1042.3712890173756,True,0.022268214928675534,0.0467552520916068,False,,10.0%
BNL,874,0.059496567505720827,0.0004931195228356405,0.35052660318273193,0.07251629610907251,1886.9327360536224,True,0.0004928986746199197,0.5644463066033931,0.05160602194526775,1685.5672828293461,True,0.0005183882390448512,0.5470017704582057,0.015036700590730805,1706.5150598582538,True,0.19647516727547382,0.2139197034206612,False,,7.5%
BNL,543,0.09760589318600368,2.5132150919222285e-05,0.08629848620825739,0.8946002831855537,1062.9479181675792,True,2.3250061848759996e-05,0.11063705644642188,0.8893629435534995,873.4735851784199,True,2.7584087861731026e-05,0.10425238200930785,0.8820429676084187,882.696925158143,True,0.01795389580105046,0.024338570238164492,False,,10.0%
BNWM,665,0.07067669172932331,4.9757456446648644e-05,0.13572620016453424,0.7861793552984997,1537.427608520931,True,3.820702553595535e-05,0.16412547932954494,0.8090437982853879,1334.550437350672,True,3.99118857955696e-05,0.13488703016784048,0.815983217073311,1338.6761779766073,True,-0.000839169996693756,0.0283992791650107,False,,5.0%
BNWM,764,0.04450261780104712,0.0003125029276340889,0.16984281385743003,0.5586556142939054,1514.4957631353143,True,0.0003462420111139823,0.24358697555591374,0.5085414600698588,1376.5175456752472,True,0.0004056464083474581,0.23412566146020453,0.4535841012820083,1379.1789956155883,True,0.0642828476027745,0.07374416169848372,False,,7.5%
BNWM,544,0.042279411764705885,8.393040015583026e-05,0.22013976616010072,0.7195534298820662,1126.9058097638936,True,8.231426173704443e-05,0.29851936124417644,0.6937874656638562,1044.8494766651545,True,0.00010161338761043964,0.27011472579627605,0.6734643073355389,1045.6119110379252,True,0.04997495963617532,0.07837959508407571,False,,10.0%
BOK,731,0.009575923392612859,4.572004252891702e-05,0.13112462455315416,0.798758802222165,1714.4292417912354,True,4.6268696133027285e-05,0.1409819531811286,0.7937285424563093,1682.0940108985633,True,0.00024238584067331142,0.23914194315010667,0.35991181477748235,1683.149630333959,True,0.10801731859695252,0.009857328627974449,False,,5.0%
BOK,844,0.02014218009478673,0.0001613193131245957,0.3360371591345368,0.5160770147725742,1816.158383571173,True,0.0001586346352292349,0.3695334857048571,0.5147776964815214,1747.7404874377987,True,0.00016358146229414247,0.3471096684796551,0.5134322081771904,1746.895577348795,True,0.011072509345118275,0.03349632657032031,False,,7.5%
BOK,541,0.014787430683918669,0.00028692067379157795,0.3111313884752279,0.3360702539381588,1196.6096282401209,True,0.0003131886577807263,0.36489334641451,0.28445886975934287,1162.321225927793,True,0.00033180791142222517,0.3475485312263471,0.26285711275672763,1163.2955624303006,True,0.03641714275111918,0.05376195793928207,False,,10.0%
BOP,820,0.020731707317073172,0.00013357388165558006,0.13824860398990363,0.6837709005076155,1810.6519690859225,True,0.0001339885414003914,0.1585563390639086,0.678816615124267,1734.799660772239,True,0.00014381120188761663,0.1477114428792418,0.6693381462306423,1734.3673009611114,True,0.00946283888933816,0.020307735074004962,False,,5.0%
BOP,1034,0.0019342359767891683,0.00011668062262273671,0.5079008547846704,0.37129083084162295,2583.6949560421263,True,0.00011645667893975692,0.5167316215347321,0.3697156343933181,2573.629396651443,True,0.00011687982997076138,0.5161478802670898,0.3685763225815475,2573.4374809260394,True,0.008247025482419401,0.00883076675006167,False,,7.5%
BOP,543,0.03130755064456722,7.506301592292694e-05,0.14509448476960712,0.7888570144205364,1134.7347957526113,True,7.020774442313944e-05,0.1755085011623279,0.7852764816195021,1064.4932046584968,True,7.997609130966557e-05,0.16123701342727448,0.776524647536005,1063.6794421842815,True,0.016142528657667354,0.03041401639272079,False,,10.0%
BPL,675,0.12296296296296297,0.00013851899038840195,0.16975238786978863,0.6648996278854877,1453.1377185321276,True,0.0001724378164399886,0.33047346076364037,0.5909471418552481,1113.5134965923733,True,0.00023269793239307678,0.25582331627657895,0.5367121790784215,1116.0427543631947,True,0.08607092840679031,0.16072107289385174,False,,5.0%
BPL,673,0.06537890044576523,0.0004648258323467714,0.20025986134187973,0.35511309558797444,1365.74623364653,True,0.0005480727361953298,0.3074523241342699,0.2799707533751506,1182.6883307161138,True,0.0005934473444773331,0.28907750187685255,0.23430487873094785,1187.4149416900452,True,0.08881764053497282,0.1071924627923902,False,,7.5%
BPL,536,0.055970149253731345,0.00010871423937894142,0.2519217798833058,0.6748344617310282,1076.7965418919175,True,0.00011304597316014872,0.36448804187581874,0.6325784615788421,968.7338953972068,True,0.00012371497751910185,0.30076453689638954,0.6387639833566616,970.9286721941504,True,0.04884275701308377,0.11256626199251296,False,,10.0%
BRRG,536,0.011194029850746268,0.0003724724909124355,0.2564114892140041,0.4238597956266996,1079.9959122094663,True,0.00038987815216510086,0.2976483180762034,0.3909207288608965,1056.4597631129907,True,0.00039434354722371547,0.28834907211698624,0.388938022089739,1056.8123067871156,True,0.03193758290298215,0.041236828862199315,False,,10.0%
BTL,503,0.09741550695825049,0.00010314568390764323,0.1343620369638956,0.8108339893923318,890.174375122963,True,9.485041740321716e-05,0.2081246772262677,0.791875322773196,710.709610723746,True,0.00011259933042087885,0.15981638728837344,0.7939993829678945,710.8378109851947,True,0.025454350324477848,0.07376264026237211,False,,7.5%
BTL,476,0.06092436974789916,0.00017169509000530673,0.17395213286097788,0.7020684018789236,921.2886359762244,True,0.00019209429483695912,0.29549566393704396,0.6431428256560434,821.6914557886474,True,0.0002250671979158478,0.2681916063369004,0.610120427254263,829.9673897833031,True,0.09423947347592254,0.12154353107606608,False,,10.0%
BUXL,507,0.26232741617357,0.00014651822964001262,0.1485059957900579,0.7373298231017489,976.2467107284127,True,0.0002938294690368719,0.351542331520626,0.6484576684793621,483.6287991410476,True,0.00021773917722725327,0.2126875630100647,0.6973517281683883,487.79804797020324,True,0.06418156722000679,0.20303633573056806,False,,5.0%
BUXL,878,0.12984054669703873,0.00020310461854380123,0.2624395541674187,0.6052716556809671,1667.0429462901955,True,0.00023577033110731968,0.47421509603401313,0.5257849039659805,1264.2227649957724,True,0.0003112864321208901,0.42976860504359127,0.4565305256026235,1282.384074995563,True,0.16732905087617256,0.21177554186659442,False,,7.5%
BUXL,542,0.07933579335793357,5.9312342296885745e-05,0.15412438513804985,0.8088366737644959,1072.0232838459453,True,5.987645637842657e-05,0.21929785488986475,0.7807021451101017,927.8993507288159,True,6.392428584908673e-05,0.21317872079640895,0.7745595945717206,942.0984759124049,True,0.0590543356583591,0.0651734697518149,False,,10.0%
BWCL,816,0.031862745098039214,6.097272739140686e-05,0.13613209367860868,0.726146148420306,2014.7937604905499,True,7.234674239437235e-05,0.16628034189735674,0.6907493029872687,1890.323811075363,True,7.820784960243336e-05,0.1532171165321114,0.6814034472468317,1890.7900620569717,True,0.017085022853502718,0.030148248218748064,False,,5.0%
BWCL,1028,0.0038910505836575876,5.589933616006184e-06,0.034096833756412426,0.9468544572776438,2706.8148088350517,True,5.648377217406946e-06,0.035483801011547654,0.94561736973895,2685.7338011286292,True,5.728095950320585e-06,0.03471484000362919,0.9458743961400923,2686.228253080471,True,0.0006180062472167652,0.0013869672551352283,False,,7.5%
BWCL,544,0.003676470588235294,4.632664495893984e-05,0.18014356416544822,0.6935202617467889,1449.64419827526,True,4.79781342322756e-05,0.18733562405124876,0.6850857668795671,1439.0755229418514,True,4.784864724077347e-05,0.18458102844346091,0.6865308519613296,1438.865161301593,True,0.004437464278012698,0.007192059885800545,False,,10.0%
BWHL,552,0.18840579710144928,5.618972394514663e-05,0.11590365341824321,0.8323048102697973,1118.8222905909274,True,0.0001204309900659564,0.2875075209707818,0.7124924790291922,721.5217587448176,True,7.349124853198161e-05,0.1725488727427527,0.7876310887967649,728.0077287915188,True,0.0566452193245095,0.1716038675525386,False,,5.0%
BWHL,669,0.13901345291479822,0.0002829986911768856,0.15974664827384055,0.7217698487244903,1083.176303008907,True,0.0003831450256591622,0.34251730060327457,0.6258936718496939,760.1629658480912,True,0.0004943340147239884,0.24977022438110247,0.6003447411119028,760.5173929845344,True,0.09002357610726192,0.182770652329434,False,,7.5%
BWHL,544,0.01838235294117647,0.00022085246837633084,0.2421384682482277,0.4892145177689067,1211.7579395168773,True,0.0003688417948410095,0.3710509734007984,0.2319427208699677,1165.6422455132501,True,0.00036111270802803406,0.3357847511079859,0.25433591562450275,1165.0557594011511,True,0.09364628285975818,0.1289125051525707,False,,10.0%
BYCO,821,0.02192448233861145,7.035882949693062e-05,0.16463484583383795,0.7519511966581314,1838.3949463831468,True,7.480082080928228e-05,0.18925457357505132,0.7369144841672706,1758.5684001620239,True,8.402524805094595e-05,0.1753897568419067,0.7280970144144352,1756.0748450767612,True,0.010754911008068746,0.024619727741213376,False,,5.0%
BYCO,433,0.016166281755196306,0.00010443708836741167,0.11698127636465053,0.792536543084736,871.0728862736728,True,0.00010961588789323517,0.1314657460731395,0.7824640132641039,840.9332582884201,True,0.00011319068143023404,0.12552878888134528,0.7807725310906772,840.8833015937953,True,0.00854751251669475,0.014484469708488962,False,,7.5%
CCM,449,0.0378619153674833,0.0005429179944868281,0.1445338224358505,0.5215086931016778,816.6714820267377,True,0.0006008063951198801,0.20190272861672315,0.4786521975541574,749.4725684838068,True,0.0006199364420091567,0.19011948323239153,0.4662723755839753,751.2336725527541,True,0.04558566079654103,0.05736890618087265,False,,10.0%
CENI,424,0.07783018867924528,6.166293910173064e-06,0.09625559187540045,0.9008547324908938,967.5732558422962,True,9.74532427279093e-06,0.11613322907463974,0.883866770925305,830.3539962955896,True,5.880199246438817e-06,0.0985899160620519,0.9013060401009059,830.552559754967,True,0.002334324186651457,0.019877637199239295,True,,5.0%
CENI,528,0.05113636363636364,0.0003383218754063691,0.20814615600691483,0.5550116111446903,997.5872832063967,True,0.00038964142049767296,0.31858762039872046,0.4794149120834159,891.7573737700138,True,0.00043598630434474263,0.28068184310183086,0.45264213640723727,890.261672867835,True,0.07253568709491603,0.11044146439180563,False,,7.5%
CENI,532,0.009398496240601503,0.0001675784000597942,0.15806775043165416,0.5323359823348123,1266.7318442884257,True,0.0001767527099464435,0.17533185679770819,0.5103369552395732,1242.753656433317,True,0.00018656991718412654,0.17686050054242697,0.48718808396103463,1243.2602856996955,True,0.018792750110772805,0.01726410636605402,False,,10.0%
CEPB,812,0.07389162561576355,5.087607904937725e-05,0.09471288601638964,0.8211782336359336,1873.1765520630124,True,4.914820410188592e-05,0.13168682826740896,0.8173771718735672,1606.7939348735465,True,6.18156584357266e-05,0.11038500116097699,0.8025536398887925,1607.3620170643808,True,0.015672115144587356,0.036973942251019326,False,,5.0%
CEPB,1027,0.014605647517039922,0.00017101768412906992,0.17880040937262198,0.5344560740688103,2389.60770346724,True,0.00018154296440969398,0.21679391044465787,0.5009704731077937,2322.279167694944,True,0.00018119850175482143,0.2033295786045008,0.5063342229849267,2321.5823259213607,True,0.02452916923187881,0.03799350107203589,False,,7.5%
CEPB,544,0.014705882352941176,4.1802437205366193e-05,0.10005730640603369,0.8523157217133839,1184.3793181766919,True,4.0762519818202345e-05,0.10418050232369133,0.8543221726361947,1146.2283054404172,True,4.241287962040196e-05,0.099074244200728,0.854412655402619,1145.9264185275997,True,-0.0009830622053056959,0.0041231959176576405,False,,10.0%
CHAS,650,0.11538461538461539,0.00021528291964426134,0.18941748313898282,0.5342720516793338,1418.877276938515,True,0.00027344307542776343,0.40632183083352513,0.42138132485066554,1108.8779134537774,True,0.00035920706742708004,0.3330550719762373,0.32925142864370627,1113.166742565889,True,0.14363758883725447,0.2169043476945423,False,,5.0%
CHAS,639,0.054773082942097026,4.144212194189202e-05,0.06798540654055975,0.8980116040983188,1265.9204354698963,True,5.926031931523167e-05,0.09476934929389133,0.871212019584308,1118.085149093413,True,6.0399389739654086e-05,0.07778773261450972,0.8774558416158333,1117.955552509096,True,0.009802326073949971,0.026783942753331583,False,,7.5%
CHAS,527,0.03984819734345351,0.0003093816122643446,0.12262778920200142,0.6953305334837347,943.7179108703828,True,0.00039398191881796454,0.16588213835008356,0.6349481567312114,860.2775172508625,True,0.0004384346228264171,0.15736064749972456,0.6077832206024831,861.6068332926287,True,0.03473285829772314,0.04325434914808214,False,,10.0%
CHBL,544,0.05698529411764706,0.0006560682446135361,0.2392708102895738,0.4765999258379095,912.2341437271493,True,0.000674856726800104,0.36579953719108615,0.4431390108536797,801.5150442420804,True,0.0007641717048999724,0.3264407651509673,0.40545136005426863,804.5980248080446,True,0.0871699548613935,0.12652872690151235,False,,10.0%
CHCC,819,0.07936507936507936,6.0266376153951285e-05,0.1806777121676211,0.7292571350677098,1887.7426118630497,True,6.872153294982942e-05,0.2838305379649053,0.6813216395973083,1611.2390210479814,True,6.786712692741828e-05,0.2069079710329847,0.7118252087934793,1611.4319876167262,True,0.026230258865363593,0.10315282579728421,False,,5.0%
CHCC,1034,0.02611218568665377,6.126543730514464e-05,0.10506522753914574,0.8017903389190504,2343.6904980682443,True,6.41660083230647e-05,0.13140093870654868,0.784809004574156,2224.939648596061,True,6.867783639519955e-05,0.12268664213028077,0.7801063282536406,2226.9041013624305,True,0.01762141459113503,0.026335711167402936,False,,7.5%
CHCC,544,0.007352941176470588,9.925562669987003e-05,0.1612127924985122,0.7090175501687022,1221.5930188914122,True,8.966709895108198e-05,0.15995311553378622,0.7285198183695205,1202.6723704016822,True,9.060503207237717e-05,0.15677434485595043,0.7282092324877485,1202.7249116783928,True,-0.004438447642561766,-0.001259676964725981,False,,10.0%
CJPL,516,0.08527131782945736,0.00037054017908628913,0.13277090092821142,0.756319872075834,755.4949930818345,True,0.0010776766974871883,0.361119023336819,0.453435409043362,606.304547062328,True,0.0012790876746732148,0.31475441487933054,0.39462436417670094,610.3750440829516,True,0.1819835139511191,0.22834812240860758,False,,10.0%
CLOUD,794,0.017632241813602016,0.0001574407350377896,0.15498417589079908,0.8005694414628322,1250.0606085127952,True,0.00014746831350794122,0.1721188302307429,0.797955019159439,1207.202361439501,True,0.00019576589252446214,0.18671260527275688,0.7626743715357085,1212.7041769210118,True,0.0317284293819578,0.017134654339943822,False,,5.0%
CLOUD,977,0.03991811668372569,0.002481590080203743,0.22603195365108583,0.08967393673232321,1390.024793372077,True,0.0024948901512260174,0.3114258937300605,0.09275766935007951,1261.83375017288,True,0.002423673416219239,0.3289280601986767,0.0958966860904855,1269.5091488887786,True,0.10289610654759088,0.08539394007897469,False,,7.5%
CLOV,815,0.21595092024539878,0.00013607415498819987,0.2375089046763868,0.6305384664678554,1687.0823014557805,True,0.00025258759859814964,0.5411083774820385,0.45889162251794535,1026.0122422275558,True,0.00026551797147648015,0.4668651708836811,0.4194596657682983,1047.8462452703245,True,0.22935626620729432,0.30359947280565175,False,,5.0%
CLOV,1026,0.07115009746588694,0.00019631223685681864,0.2177630881792742,0.5779826653734548,2162.4568234771123,True,0.00030423436450791725,0.41676225136512496,0.3978983675127628,1863.5334873777742,True,0.000305432774183328,0.3376128927679887,0.414834041552134,1868.875519024141,True,0.11984980458871453,0.19899916318585076,False,,7.5%
CLOV,542,0.02214022140221402,0.00011800719139639127,0.37684890522465775,0.5657941717214707,1166.1720260789143,True,0.0001180241812992981,0.46585128157364386,0.5341487184245135,1120.2699592841975,True,0.00014038156729564532,0.5262346375493029,0.4644432002438441,1124.301023568806,True,0.14938573232464514,0.08900237634898611,False,,10.0%
CLVL,623,0.056179775280898875,0.00046297237788986764,0.1855825523973476,0.5674619616588064,1095.8035862375878,True,0.00043132304953333344,0.2867830103767455,0.5556441845250962,964.4519741044144,True,0.0004738158997005719,0.24709857201652086,0.5418765345035897,966.4583027938771,True,0.061516019619173246,0.10120045797939786,False,,7.5%
CLVL,544,0.06801470588235294,0.00034734658873363335,0.3243589300235848,0.46848183857960846,1018.5110367001718,True,0.0003086715630252068,0.5176289379211961,0.44464997577606036,896.7435858065463,True,0.00034877935504900947,0.47878556582052534,0.4143028246163155,911.8411483489917,True,0.15442663579694055,0.19327000789761134,False,,10.0%
CNERGY,821,0.02192448233861145,7.035882949693062e-05,0.16463484583383795,0.7519511966581314,1838.3949463831468,True,7.480082080928228e-05,0.18925457357505132,0.7369144841672706,1758.5684001620239,True,8.402524805094595e-05,0.1753897568419067,0.7280970144144352,1756.0748450767612,True,0.010754911008068746,0.024619727741213376,False,,5.0%
CNERGY,1034,0.006769825918762089,0.00011128151010939934,0.11842922479473056,0.7742155611576715,2138.2082609091954,True,0.00011378598649161733,0.1257557161620324,0.7686386606487969,2107.7269493947556,True,0.00011415419248530414,0.12271571826793604,0.7694276510930974,2107.8553800783166,True,0.004286493473205477,0.007326491367301846,False,,7.5%
CNERGY,544,0.011029411764705883,0.0001390921240681215,0.20720813084786815,0.6960754408998738,1110.1088441157822,True,0.0001555012562532343,0.24532542523420955,0.6625884222369366,1084.2608012820124,True,0.00015381200042706948,0.2262441212570222,0.6724773589970645,1082.860508586553,True,0.019035990409154047,0.0381172943863414,False,,10.0%
COLG,569,0.0843585237258348,0.00016989167855299198,0.2334853616274381,0.558531582771117,1243.5132057835212,True,0.0001935835962937525,0.3441496207940251,0.5178544405633474,1044.3813701965685,True,0.00023696598492861702,0.29613261234839794,0.4662067525000375,1044.695027018887,True,0.06264725072095984,0.11066425916658701,False,,5.0%
COLG,868,0.019585253456221197,1.9749902890395143e-05,0.18719062720397256,0.7959029987292177,2143.879935183548,True,2.1903122748993e-05,0.23037511714052067,0.7696248828586316,2072.770436350469,True,2.4942907871903397e-05,0.21466671360157802,0.7639902936766598,2070.461694774556,True,0.02747608639760546,0.04318448993654811,False,,7.5%
COLG,544,0.001838235294117647,6.4883303356549e-06,0.1472512766319644,0.852748723365067,1648.890997330248,True,4.95994178353539e-06,0.09823839241498503,0.8846349452208432,1646.3259897530786,True,5.08442597812771e-06,0.09694940267588242,0.8841402414590076,1645.790648819129,True,-0.05030187395608199,-0.049012884216979385,True,,10.0%
CPHL,709,0.028208744710860368,0.00023963342547593652,0.1441392464120948,0.4240984579401281,1660.5047114460854,True,0.00025342982925797344,0.1783482029849871,0.4030780930288692,1564.023472480428,True,0.0002762237716232022,0.1698724711818197,0.36328157602835276,1563.8172199118885,True,0.025733224769724894,0.0342089565728923,False,,7.5%
CPHL,544,0.01838235294117647,5.5263924778963045e-05,0.21877689866256184,0.7389609635901933,1193.8396712138403,True,5.54430825063105e-05,0.25737112885824387,0.7215218887246746,1151.8524269345821,True,6.411757205361477e-05,0.24636471249644656,0.7107351381463278,1150.295073530369,True,0.027587813833884728,0.03859423019568203,False,,10.0%
CPPL,818,0.06845965770171149,3.898141022307324e-05,0.11403857156173333,0.8110784608895892,1964.6923055032496,True,3.851155059979117e-05,0.16570201136916424,0.7955135620502483,1719.8082537313708,True,5.967663550979959e-05,0.1630947442839787,0.7418810557537114,1724.6764004324637,True,0.049056172722245356,0.051663439807430905,False,,5.0%
CPPL,1007,0.022840119165839126,9.44153460297468e-05,0.151250472965453,0.6930038650339883,2340.3953721949,True,0.00010593213605707046,0.18780402269865615,0.6582596911377196,2234.7798686896735,True,0.00012141424760100797,0.18473373085795564,0.6283231541084564,2234.6534762137676,True,0.033483257892502644,0.036553549733203156,False,,7.5%
CPPL,543,0.014732965009208104,0.00020679724886597353,0.3119339446385947,0.40789549005922787,1255.1303763620954,True,0.0002243090350761076,0.3769125691538334,0.3586248055244166,1219.9904137144479,True,0.0002444240256004479,0.3614519031572877,0.3270785455669856,1218.7349533280017,True,0.049517958518693006,0.06497862451523873,False,,10.0%
CRTM,788,0.12944162436548223,3.6479091678829744e-05,0.10575380650258862,0.8506637966611612,1688.427050271175,True,4.944499908046548e-05,0.20899569205697333,0.7910043079430094,1278.4776263851177,True,7.980960878398909e-05,0.186036771420734,0.7479485475200267,1285.7977157972587,True,0.08028296491814538,0.10324188555438471,False,,5.0%
CRTM,1022,0.015655577299412915,0.00019667535313574569,0.1736386538676043,0.5071601891658108,2356.1965575163686,True,0.00021509444455254445,0.2092951666891436,0.46431071942162766,2282.408363698577,True,0.00021421653208614347,0.1964245107064958,0.4716484390130635,2283.5870552850874,True,0.022785856838891505,0.03565651282153931,False,,7.5%
CRTM,544,0.058823529411764705,0.00013452174829112513,0.299955325745389,0.5833629661819679,1159.6480729633772,True,0.00011514643775441865,0.4225322216086694,0.5774677783910562,1048.3193358468093,True,0.00013615429920720175,0.3754343986545703,0.554180710055951,1058.5056319930654,True,0.07547907290918127,0.12257689586328036,False,,10.0%
CSAP,819,0.08180708180708181,7.120156905626866e-05,0.16099044418363395,0.7435249137718409,1822.9651167347918,True,7.108990986190482e-05,0.2608112261886297,0.7063254736836748,1542.271035701596,True,0.00012834390443176532,0.22848889074155476,0.6300494873752392,1540.404176736149,True,0.06749844655792081,0.09982078200499572,False,,5.0%
CSAP,1026,0.04191033138401559,4.080916388669771e-05,0.123696379553544,0.8312883264879201,2215.464125191873,True,3.574794227091916e-05,0.15842139036913533,0.8236437948648593,2032.7596952400802,True,4.723288469653779e-05,0.13958098441727324,0.8150145825922168,2032.0908658726544,True,0.015884604863729238,0.03472501081559133,False,,7.5%
CSAP,544,0.03676470588235294,9.299552006577895e-05,0.19510216084938414,0.7395153701817806,1107.937008306889,True,0.00010077254416217924,0.2523824931577163,0.7120318303876368,1024.3366468887286,True,0.00010710410312226868,0.22351655987517846,0.7141625594613505,1023.9325210949826,True,0.028414399025794318,0.05728033230833218,False,,10.0%
CSIL,821,0.0,4.7832978526016616e-05,0.16708417891037283,0.8256276086020471,1536.812634903748,True,4.7832978526016616e-05,0.16708417891037283,0.8256276086020471,1536.812634903748,True,4.783301479996853e-05,0.16708422244764032,0.8256275612804009,1536.8126349037516,True,4.353726748562714e-08,0.0,False,,5.0%
CSIL,1030,0.0,0.00014098751970058684,0.13553190939767834,0.8015812099655371,1804.6258427385078,True,0.000140987548556159,0.13553197454762111,0.8015811303566733,1804.6258427385085,True,0.0001409874733679614,0.13553195005937696,0.8015812080580562,1804.6258427385085,True,4.0661698619270936e-08,6.514994277395658e-08,False,,7.5%
CSIL,544,0.03308823529411765,0.0003185867221222083,0.4155818631277344,0.5363470409887126,948.5530985265834,True,0.0003183669203897225,0.4811960990121795,0.5188039009875602,890.4877802692454,True,0.0003254496909994763,0.46376274405697127,0.5159018689868017,891.6310224594569,True,0.04818088092923689,0.06561423588444515,False,,10.0%
CTM,806,0.0012406947890818859,0.0003736087162729929,0.17905954579332395,0.6015682640972897,1464.5409723485955,True,0.00038011325814546064,0.1821805630524359,0.5959176229994168,1459.8589648772981,True,0.00038205671397667875,0.18206513723911483,0.5945908342249236,1459.8146348248713,True,0.0030055914457908783,0.003121017259111958,False,,5.0%
CTM,1007,0.0029791459781529296,0.0011805454476250688,0.10401070264143931,0.14829642646283792,1828.9182160571327,True,0.0011864898222713573,0.10547498465725771,0.14839161906229772,1814.555338002594,True,0.0011901859430162938,0.10458906216585943,0.1464237642580567,1814.571954963695,True,0.000578359524420119,0.0014642820158183995,False,,7.5%
CTM,544,0.02022058823529412,0.00010492237069254729,0.07590982326779082,0.8738440212347416,938.4618617401204,True,0.00012263812991896513,0.09337777662376587,0.8565586111631267,892.1894444358345,True,0.0001352913194120046,0.08737287973069646,0.8520236124005217,891.8549025777887,True,0.011463056462905644,0.01746795335597505,False,,10.0%
CWSM,794,0.017632241813602016,0.0001574407350377896,0.15498417589079908,0.8005694414628322,1250.0606085127952,True,0.00014746831350794122,0.1721188302307429,0.797955019159439,1207.202361439501,True,0.00019576589252446214,0.18671260527275688,0.7626743715357085,1212.7041769210118,True,0.0317284293819578,0.017134654339943822,False,,5.0%
CWSM,977,0.03991811668372569,0.002481590080203743,0.22603195365108583,0.08967393673232321,1390.024793372077,True,0.0024948901512260174,0.3114258937300605,0.09275766935007951,1261.83375017288,True,0.002423673416219239,0.3289280601986767,0.0958966860904855,1269.5091488887786,True,0.10289610654759088,0.08539394007897469,False,,7.5%
CYAN,767,0.1016949152542373,4.322913009687702e-05,0.16786874393656007,0.7745827702005834,1736.447657240462,True,4.768389352046126e-05,0.2546578541615324,0.7453421458379934,1408.4990894078019,True,5.622606888334353e-05,0.19765076589592026,0.7457768120698649,1409.2110154462998,True,0.029782021959360194,0.08678911022497235,False,,5.0%
CYAN,966,0.035196687370600416,0.00012171987656031411,0.13627434163040353,0.7228260327319114,2062.240528574265,True,0.0001364499053317855,0.1836566703257428,0.6856976852895937,1913.777075283161,True,0.00016187009411910795,0.17177237612532714,0.6566222050135682,1914.0735784907713,True,0.035498034494923614,0.04738232869533926,False,,7.5%
CYAN,410,0.014634146341463415,0.00013995532470004868,0.16677500440727952,0.7023418581795411,861.9413548799874,True,0.000134760702665533,0.17873948525643918,0.7080161003912935,834.6643958473954,True,0.000143672530416875,0.17468540693489581,0.6974475674711949,835.1867870190117,True,0.007910402527616295,0.011964480849159659,False,,10.0%
DAAG,633,0.22274881516587677,8.598030270797807e-06,0.06693409643736711,0.9318644935151694,1064.541169597314,True,9.882018659093263e-05,0.11888515114008213,0.8811148488598883,566.4317740312924,True,1.027860826686149e-05,0.05663258336198226,0.943290610690535,575.8924731396114,True,-0.010301513075384856,0.05195105470271502,True,,5.0%
DAAG,591,0.1895093062605753,0.0006379562562560687,0.16354895511845646,0.6126884212902932,897.6141036750707,True,0.000567800446622484,0.4085841840409561,0.5914158159571906,528.3386965334937,True,0.000981224467113395,0.34696786404923247,0.4540691067779139,536.6147184569818,True,0.183418908930776,0.24503522892249963,False,,7.5%
DAAG,544,0.09558823529411764,0.0004647448235823758,0.3362425709988262,0.3839675119492619,1006.7272627434115,True,0.0006045873769194589,0.6958687885632763,0.2213641645772918,827.7140080309161,True,0.0006993277306220513,0.59590983192873,0.15830139288972758,840.5891331264827,True,0.25966726092990383,0.35962621756445007,False,,10.0%
DADX,499,0.14428857715430862,7.156858713115137e-05,0.10135158274769503,0.8600000230946723,870.9870986584006,True,0.0001185509693787916,0.20546388271376637,0.7945361172860751,610.6987953804828,True,0.0001823508501080951,0.1781738967073458,0.7547388140003586,614.0004972965318,True,0.07682231395965076,0.10411229996607134,False,,7.5%
DADX,528,0.07007575757575757,0.0002456833005427075,0.28305143147863643,0.5378288584912936,1038.044831828237,True,0.000290056056651855,0.48350346968193736,0.4457863541321796,904.7661322087811,True,0.0003594615537321877,0.4298975249903171,0.3823059363372774,910.4315027982138,True,0.14684609351168065,0.20045203820330093,False,,10.0%
DAWH,817,0.02937576499388005,4.913987365864183e-05,0.150755726905424,0.7277959553625883,2073.6410648371093,True,4.717990769009021e-05,0.17304450695349965,0.7298533487666224,1957.5429210520797,True,4.91515300334188e-05,0.15749663427468,0.7307131945812787,1958.3559053595745,True,0.006740907369256005,0.022288780048075663,False,,5.0%
DAWH,1016,0.014763779527559055,5.6931216923128055e-05,0.17508016488803235,0.6624281829175995,2665.493566747249,True,6.270067103856839e-05,0.21767534060080346,0.623743465757217,2593.331196398743,True,6.41219236909078e-05,0.20679280088077018,0.622668430609396,2594.9327064050894,True,0.031712635992737825,0.042595175712771105,False,,7.5%
DBCI,544,0.05330882352941176,0.00044414535167870315,0.17965559486191351,0.6278465781482386,909.6160405136364,True,0.00047508299386073247,0.2800423631365092,0.5867244747049798,807.0406146319252,True,0.0006083487922649985,0.2913914966183987,0.5075529990887631,816.3273869924757,True,0.11173590175648518,0.1003867682745957,False,,10.0%
DCL,821,0.10596833130328867,0.00022960649501661942,0.20205608331044692,0.6240952295531326,1592.8410652107118,True,0.0003064946782868124,0.3379383605482456,0.5461726579072711,1255.161357362211,True,0.000381477341775081,0.281031444914556,0.49437291237278513,1255.6539229899383,True,0.07897536160410909,0.1358822772377987,False,,5.0%
DCL,1034,0.015473887814313346,6.302513683378026e-05,0.08173801175302903,0.8699010969572225,2040.8312745700646,True,6.201988866516868e-05,0.08644302810428488,0.8707074975918474,1967.921881580403,True,6.434837985047746e-05,0.08148848218148841,0.8708155727308424,1966.8345516525897,True,-0.0002495295715406187,0.00470501635125585,False,,7.5%
DCL,544,0.016544117647058824,4.654384366287352e-05,0.13550008511913963,0.8243668961403474,1135.4869149117176,True,4.478322079863237e-05,0.1554116215431782,0.8164975894171644,1096.9235342992038,True,4.621187620601113e-05,0.14066690065323884,0.8226314877658711,1095.4864587753946,True,0.005166815534099201,0.01991153642403856,False,,10.0%
DCR,817,0.0,9.646367606335097e-06,0.25570320305546,0.6593762093802407,2725.700318137455,True,9.646367606335097e-06,0.25570320305546,0.6593762093802407,2725.700318137455,True,9.646367497031215e-06,0.2557032128806105,0.659376229199669,2725.7003181374575,True,9.825150470987865e-09,0.0,False,,5.0%
DCR,1034,0.0,3.084075067352625e-06,0.09209389203817542,0.8860170809003214,3284.005934197782,True,3.084075067352625e-06,0.09209389203817542,0.8860170809003214,3284.005934197782,True,3.084075679620072e-06,0.09209386973927286,0.8860170953793846,3284.0059341977853,True,-2.229890255778244e-08,0.0,False,,7.5%
DCR,544,0.0,3.077572403359224e-05,0.6701737327241084,0.32982626727541586,1700.8127482291106,True,3.077572403365195e-05,0.6701737327254089,0.32982626727445596,1700.8127482291122,True,3.077572403365195e-05,0.6701737327254089,0.32982626727445596,1700.8127482291122,True,1.3005152510459084e-12,1.3005152510459084e-12,True,,10.0%
DEL,565,0.008849557522123894,0.00012427078051895296,0.10389452236832944,0.8824143176402965,664.171126865355,True,0.0001333345900740288,0.10491561642496391,0.8815844558024724,645.3318626202245,True,0.000136784247745884,0.10306158510025135,0.8811633418848266,644.3106244245048,True,-0.0008329372680780933,0.001021094056634475,False,,5.0%
DEL,920,0.04021739130434782,0.0012548525128677312,0.26559112168177934,0.26401683862287373,1462.1477274447477,True,0.0015246966000116537,0.37180662924301433,0.15030146315720486,1328.520743470959,True,0.0016392731721929022,0.3371066025993925,0.11322611894632886,1329.620673980241,True,0.07151548091761317,0.10621550756123499,False,,7.5%
DEL,544,0.06985294117647059,0.000466541576398652,0.23598393401856277,0.5180341608338347,959.5635144506936,True,0.0005906135551765718,0.38510301996328933,0.41851883421472236,817.507284172636,True,0.0006482674039478976,0.3250913117552807,0.39853566543740593,819.74931158969,True,0.08910737773671795,0.14911908594472656,False,,10.0%
DFML,821,0.17174177831912302,2.1541665130471844e-05,0.06420333977910483,0.9240630524093689,1516.9658410078316,True,0.00045332944468465594,0.4577307251658278,0.4947499323940952,992.9668215233356,True,0.00044893581504293665,0.2694575380260134,0.5437509609459306,996.9867070244852,True,0.20525419824690858,0.39352738538672294,False,,5.0%
DFML,1034,0.06673114119922631,0.00016596384948640563,0.15286431324343058,0.7554572545264489,1866.84624819931,True,0.00015187873625781018,0.21614758947873527,0.7488338473467002,1605.760839277185,True,0.00018388831381879338,0.1830778791434786,0.7354898597590056,1608.3218394462478,True,0.030213565900048006,0.06328327623530469,False,,7.5%
DFML,544,0.042279411764705885,0.00022180309513339478,0.18996590005334935,0.6311328183960929,1078.2042130383506,True,0.00026180905675065317,0.2540890977262183,0.5816219714772619,982.563826906554,True,0.00031405756773478466,0.24009277012028718,0.5340484657199962,982.3822775061487,True,0.050126870066937834,0.06412319767286895,False,,10.0%
DFSM,817,0.011015911872705019,0.000269079547023132,0.19725175250306698,0.7186559675497428,1311.0036533740813,True,0.0002603496835601961,0.22342705019064318,0.7094208008922576,1281.6190619534336,True,0.000293033395645964,0.22296753648574674,0.6922535730688606,1284.8526645608154,True,0.025715783982679763,0.026175297687576204,False,,5.0%
DFSM,1029,0.0029154518950437317,0.00017830465705802909,0.07865357571306034,0.8495852810220789,1649.094484505509,True,0.00017327825983484287,0.08249718612256929,0.8494083717333287,1638.342358150078,True,0.00017901490270760823,0.08208927617611211,0.8468225778067573,1638.3987529023357,True,0.0034357004630517773,0.003843610409508952,False,,7.5%
DFSM,544,0.058823529411764705,0.0005877673673384133,0.63457813793614,0.2360944814052094,948.38520584092,True,0.0005794914455845623,0.7708765460563097,0.22912345394366215,844.5237641252193,True,0.0006006807946332716,0.7562788543658834,0.20769727949116346,852.8564581302668,True,0.12170071642974334,0.1362984081201697,False,,10.0%
DGKC,821,0.07064555420219244,7.5210855424397e-06,0.06633278807165911,0.9233350841019252,1890.464872715862,True,9.04612191225772e-06,0.09328075460432289,0.9067192453920818,1643.3694633695095,True,8.989439127349493e-06,0.07477589016415023,0.9153050487466504,1644.2008748307526,True,0.00844310209249112,0.026947966532663778,False,,5.0%
DGKC,1034,0.014506769825918761,4.2649770052922406e-05,0.06197943775588724,0.865186947258954,2387.140380401776,True,3.948100394010051e-05,0.06534092236953008,0.8710296292228734,2316.6277399794353,True,4.301172792071787e-05,0.06362387325283125,0.8649873886421457,2316.5174730563504,True,0.0016444354969440134,0.003361484613642843,False,,7.5%
DGKC,544,0.012867647058823529,0.00010117508082555373,0.18151782662842034,0.6978589369152464,1202.2289035830308,True,9.898989593671831e-05,0.2002980851967838,0.6944292007058464,1170.8886179243848,True,0.0001027763150938869,0.19031792840459327,0.6932505805712479,1170.1312541796528,True,0.008800101776172936,0.01878025856836346,False,,10.0%
DIIL,420,0.05952380952380952,0.0005326924105906216,0.28739992240967605,0.47312975890468295,719.9441284467048,True,0.0005969387369376478,0.41742893405446185,0.4200734689247294,630.5814720274823,True,0.0006177278464844301,0.3779085574468747,0.4036359708714856,632.8483377526333,True,0.09050863503719864,0.1300290116447858,False,,10.0%
DINT,447,0.04697986577181208,0.0001663570188737086,0.12549354888455094,0.7678556170753046,830.5346107606849,True,0.0001811412567951018,0.17205064388106592,0.7445883433582403,748.8573441143176,True,0.00022772880937094663,0.16125799632302085,0.7107691275922171,751.3166123764797,True,0.035764447438469904,0.046557094996514975,False,,10.0%
DKL,743,0.014804845222072678,2.8469500109242336e-05,0.10438418597335604,0.8956158140253156,1109.9294228871909,True,2.914575924047826e-05,0.09867866129369463,0.9013213387056931,1063.7194788328113,True,2.9193025720707346e-05,0.10130886965988525,0.8986911303399039,1061.1417097070655,True,-0.0030753163134707856,-0.005705524679661414,True,,5.0%
DLL,506,0.029644268774703556,5.348453886355079e-05,0.038749046557513,0.8498244059284485,1220.4314314074709,True,9.975354381104701e-05,0.06855543784923504,0.7382687182051912,1149.4880501796376,True,0.00012357911912346727,0.06739625120451893,0.6881753958662125,1149.4361411454402,True,0.02864720464700593,0.029806391291722037,False,,5.0%
DLL,604,0.014900662251655629,6.1666224122302e-05,0.07074759784567698,0.8546682945285644,1292.4362255072351,True,6.159102127189812e-05,0.07548070141697336,0.8545101596365243,1251.2791185591511,True,6.655968291067877e-05,0.07401813620184858,0.8480875869823143,1251.3313148697516,True,0.0032705383561715956,0.004733103571296374,False,,7.5%
DLL,536,0.020522388059701493,0.00019820318770457127,0.17975422164982308,0.6048217125410265,1146.1162778685753,True,0.0002445176733023828,0.22782112449462405,0.5331482443501523,1096.7258997237573,True,0.00028204987624941876,0.22311272757666878,0.4868141263667175,1096.7813558377538,True,0.0433585059268457,0.048066902844800974,False,,10.0%
DNCC,580,0.13448275862068965,8.305032693882325e-05,0.13409355942547208,0.8336991807538214,954.9745336643798,True,0.00016013601938626436,0.23909609470792617,0.760903905291993,679.2971178851595,True,0.00015219960532050991,0.16924367506964844,0.7859365968622016,675.807434675334,True,0.03515011564417636,0.1050025352824541,False,,5.0%
DNCC,707,0.05233380480905234,6.038333343872724e-05,0.11324195583122248,0.8601399223507284,1177.5257157449,True,4.372872758225719e-05,0.14940587371917818,0.8505941262675183,1047.1080655098272,True,8.634913467621126e-05,0.13560504600968365,0.830220148464144,1044.8511171394412,True,0.022363090178461165,0.0361639178879557,False,,7.5%
DNCC,537,0.0335195530726257,0.0006336011719973232,0.2268079477856254,0.20972261836246292,1076.7367685936404,True,0.0006995555156597698,0.30565207198368166,0.14957487607132436,1000.5997746288515,True,0.0007341860070625649,0.2803626617115972,0.12579571710320173,1001.195719541309,True,0.053554713925971775,0.07884412419805625,False,,10.0%
DOL,821,0.12423873325213154,0.0002715012230680873,0.10757443267151405,0.6165821331650225,1680.4126787460132,True,0.0003659610331559212,0.18290180184209057,0.5640878819664792,1259.91895446274,True,0.0004088015654366297,0.1404691216105357,0.5352887678049429,1260.9352952559946,True,0.03289468893902166,0.07532736917057652,False,,5.0%
DOL,1031,0.040737148399612025,0.00010368801547835918,0.15817879416172473,0.7005143119327917,2309.394495381996,True,0.00012183875037184878,0.22722357415940184,0.6481322182075995,2123.7203951782267,True,0.00014201265263473652,0.2095837642967306,0.6201347215054785,2124.944283220633,True,0.05140497013500586,0.06904477999767711,False,,7.5%
DOL,541,0.009242144177449169,3.5465601592284005e-05,0.21133827802655203,0.7454596514022133,1345.578212387778,True,3.4386774954170163e-05,0.2304578319352163,0.7407894817494389,1323.1543745267406,True,3.5288726788748764e-05,0.2295621542727243,0.735365749159812,1323.2151156547523,True,0.018223876246172277,0.019119553908664266,False,,10.0%
DSIL,820,0.003658536585365854,0.00044910767108551704,0.19333728872766862,0.6203723921278572,1369.3978910870123,True,0.0004734010259649854,0.20994211828870557,0.5996219021661735,1357.507161365111,True,0.0004871313842462771,0.20707508966495775,0.5940911852804533,1356.9782349991995,True,0.01373780093728913,0.016604829561036955,False,,5.0%
DSIL,1027,0.0009737098344693282,0.00044765807466587643,0.1676841746009683,0.5908244222535108,1817.069777318993,True,0.00045702306931890866,0.17175313529077113,0.5830062159327345,1813.0110458281586,True,0.000461255713276425,0.17119570561027506,0.5807266742767266,1812.8170722689508,True,0.003511531009306762,0.004068960689802836,False,,7.5%
DSIL,544,0.06066176470588235,0.0003932968354520974,0.310249652629327,0.5381015828369965,935.0590033921974,True,0.00037284129133102685,0.45920598321314937,0.5120672006712722,818.0923554096051,True,0.00042450247374786504,0.3788797472850871,0.5029554801934539,819.7022093283215,True,0.06863009465576009,0.14895633058382235,False,,10.0%
DSL,820,0.02926829268292683,0.0003146498051320735,0.21128189730734473,0.577041357998954,1568.6798664649787,True,0.00034918532220018625,0.2562097850747709,0.5435772274785868,1469.0914683424935,True,0.0003705802524106228,0.24992587574715355,0.5238428180380479,1469.4873522066189,True,0.038643978439808824,0.04492788776742615,False,,5.0%
DSL,1034,0.0029013539651837525,7.89054899839317e-05,0.09503761700163257,0.8480232418734532,2001.823671687026,True,7.993018860037347e-05,0.10028533988568288,0.8438283272933014,1989.161566201,True,7.955564448226921e-05,0.09670556508575193,0.8465281433356975,1988.616462911627,True,0.0016679480841193528,0.0052477228840503015,False,,7.5%
DSL,544,0.001838235294117647,8.334888017836073e-05,0.10127070636147442,0.8112550345683365,1151.3794125296267,True,7.943237136273063e-05,0.10178557090514834,0.8161041055398003,1146.9879238134808,True,8.06926562568366e-05,0.1009059320347994,0.8150126534532185,1146.8063262943892,True,-0.00036477432667501863,0.0005148645436739152,False,,10.0%
DWAE,544,0.10110294117647059,0.000335575361232265,0.33150034304417664,0.46591992774524044,1017.736114222746,True,0.0003782183189499186,0.6210125186614431,0.37898748133823035,832.3217335445597,True,0.00043860190799027796,0.5084924026827895,0.338667060014908,846.5003144624312,True,0.17699205963861286,0.2895121756172665,False,,10.0%
DWSM,768,0.016927083333333332,0.00016458739846352503,0.12698837867963125,0.8262038140828116,1164.1469594399866,True,0.00017774685143841777,0.13691503751222275,0.8184173004266149,1116.0562107646504,True,0.00017823780289229796,0.13257086220180592,0.8187695551969701,1116.5623559816536,True,0.005582483522174664,0.0099266588325915,False,,5.0%
DWSM,877,0.004561003420752566,0.00044407202326538886,0.13516255357599474,0.7851996835270687,1106.089651520565,True,0.00043445994786131856,0.13485315661310038,0.7893150175315469,1089.2243258468898,True,0.0004368440363120166,0.13339529770237518,0.7893884857011902,1088.9750472163444,True,-0.001767255873619561,-0.0003093969628943649,False,,7.5%
DWSM,544,0.016544117647058824,9.324077782108077e-05,0.13200340331730215,0.8222414685117354,992.6711987713414,True,9.58943566877746e-05,0.1503074739256945,0.8128324789755093,953.2841593362712,True,0.0001055097938640753,0.14290375959166185,0.8087342956436261,952.5021495687574,True,0.010900356274359702,0.018304070608392342,False,,10.0%
DWTM,532,0.02819548872180451,0.00015041819337487423,0.10311087224293251,0.8386289592300122,849.6765728133716,True,0.00018398710809556005,0.13146625319184724,0.8100379731403348,792.3542903999016,True,0.00018750315368413472,0.1189255892348489,0.813690046996678,791.7818885687336,True,0.01581471699191639,0.028355380948914724,False,,10.0%
DYNO,749,0.14018691588785046,0.0001672266862036626,0.1293656097777538,0.6734491448635422,1597.009929051484,True,0.00022012140891900504,0.2874746947048029,0.5945615290510042,1168.132794653692,True,0.0003335854678862256,0.24406889606658236,0.4733667941938099,1172.0986944031936,True,0.11470328628882856,0.15810908492704911,False,,5.0%
DYNO,935,0.026737967914438502,0.0001427442806972043,0.12835151941136005,0.6750815822194896,2070.889377364582,True,0.00014004983798781786,0.15149549550317148,0.6756146085786994,1957.7644014636637,True,0.00015259983249956067,0.14117717114525294,0.6613143284305276,1958.8349978198296,True,0.012825651733892884,0.02314397609181143,False,,7.5%
DYNO,544,0.007352941176470588,0.0001559365269799617,0.290831246712865,0.42943022855192764,1324.4673044273814,True,0.00015649219872437186,0.3204968848700596,0.41850826427650223,1306.325652501791,True,0.00016176571176417523,0.3096013378179837,0.41055330126068423,1305.4962868896505,True,0.018770091105118736,0.02966563815719464,False,,10.0%
ECOP,790,0.1,0.00012606856107976312,0.1459180427797266,0.7151231823752995,1669.6117852372295,True,0.00019162185699492842,0.30631280797873595,0.5887829445002377,1344.650287707593,True,0.00022223122501136233,0.23751321777236553,0.5728116200811824,1348.583971624827,True,0.09159517499263894,0.16039476519900936,False,,5.0%
ECOP,931,0.055853920515574654,0.00015031966359689078,0.13134079840739094,0.7425567916232931,1837.1817818213876,True,0.0001430854386556644,0.18066155749276347,0.7354937093919489,1626.3231292241057,True,0.00018681550028440066,0.1646507665564184,0.6990671936320467,1627.2419810441277,True,0.03330996814902745,0.049320759085372534,False,,7.5%
ECOP,544,0.058823529411764705,0.00015739061094907018,0.15267752471360935,0.7298864708575035,1060.3553320737972,True,0.00016877225747896982,0.2249510840886859,0.7001816814735963,931.4347194274993,True,0.00022849589813497405,0.20452576586597704,0.6522661002406862,933.871777434574,True,0.05184824115236769,0.07227355937507654,False,,10.0%
EFERT,818,0.004889975550122249,2.3176950495816036e-05,0.10357517352761497,0.7887424306994331,2326.2150752477373,True,2.2688749374760057e-05,0.10525427692968506,0.7917449314412732,2304.473857279825,True,2.256896299917692e-05,0.10187118182690394,0.794062128472968,2304.234343282226,True,-0.0017039917007110328,0.0016791034020700868,False,,5.0%
EFERT,1033,0.001936108422071636,7.860973312726612e-05,0.18862692703509612,0.48612199376845117,2884.13127135104,True,7.886785139379738e-05,0.18971139165757261,0.4856112102963098,2872.326062762112,True,7.824371683797665e-05,0.18419443547412295,0.49144415929198493,2872.1702455420414,True,-0.004432491560973167,0.0010844646224764942,False,,7.5%
EFERT,544,0.001838235294117647,0.00011182507068079911,0.16962271432311635,0.5150712860771078,1414.819641048898,True,0.00011081744871595925,0.1756582248185976,0.5157084351286361,1409.9143712626187,True,0.00011363029851927162,0.17525589619166138,0.5069342618976606,1409.7322509390187,True,0.0056331818685450286,0.006035510495481261,False,,10.0%
EFGH,444,0.31756756756756754,5.0967181239664066e-05,0.13448052275786368,0.8395825256284428,767.2301570090455,True,0.0003321218865293479,0.27923705188535286,0.7207629481146439,287.2133804644463,True,0.00018998274603883075,0.2619629568601781,0.6949595123934034,301.0786435211999,True,0.12748243410231444,0.14475652912748918,False,,5.0%
EFGH,689,0.0783744557329463,0.00020862434541189657,0.13251239411914906,0.7358105015130534,1261.888097224768,True,0.0002565210741330103,0.23272123521820134,0.6684391688027939,1051.913536840286,True,0.00037226302505646174,0.20055705609580038,0.6044784448307954,1053.2994272382562,True,0.06804466197665132,0.10020884109905229,False,,7.5%
EFUG,705,0.03829787234042553,1.9851982809546836e-05,0.0698853694589062,0.8910054788690455,1700.2634388408128,True,1.4706123495777103e-05,0.0748716658043706,0.9047540272097857,1579.2665731752186,True,1.7445791294224975e-05,0.07052054677805034,0.8982423475217756,1580.350963624115,True,0.0006351773191441423,0.004986296345464408,False,,5.0%
EFUG,654,0.0045871559633027525,6.052704289432459e-05,0.17804415886942165,0.714076889080098,1581.8086978501808,True,5.7106840887032794e-05,0.17776633051510324,0.7241993635543387,1568.7074628245516,True,5.6884797214838164e-05,0.17524841660955798,0.724879361335488,1569.2026902690247,True,-0.002795742259863676,-0.0002778283543184157,False,,7.5%
EFUG,542,0.0018450184501845018,1.3247455188090563e-05,0.13596673749701896,0.8527772624162526,1304.5750559184203,True,1.2771564069569137e-05,0.1349791331056407,0.8551532494537151,1299.822470332246,True,1.2897356014978117e-05,0.13451796570245722,0.8550024170655932,1299.9200499473832,True,-0.0014487717945617373,-0.0009876043913782662,False,,10.0%
EFUL,604,0.0695364238410596,8.882168064211669e-05,0.1502922769913615,0.7251559043972526,1353.2420795427006,True,7.973701151870081e-05,0.18104442775694302,0.746013596346059,1170.1787030267885,True,9.379023203685976e-05,0.14993437413839839,0.7356818274217791,1170.0782612299668,True,-0.0003579028529631101,0.03075215076558152,False,,5.0%
EFUL,693,0.001443001443001443,6.473571296685535e-05,0.12051630376579214,0.6990335277216919,1782.5831246745988,True,6.523481975381537e-05,0.11994946215483983,0.6987781441551979,1776.9126035730183,True,6.49997626566515e-05,0.11929559683890041,0.6998583447229458,1776.9610859324655,True,-0.001220706926891732,-0.000566841610952315,False,,7.5%
EFUL,530,0.0,3.2781100046313814e-05,0.10943721338636567,0.7790043483152318,1431.003158954887,True,3.2781121190673474e-05,0.10943728669395977,0.7790042265683768,1431.0031589548894,True,3.2781115597487566e-05,0.10943728364286481,0.7790042551883665,1431.0031589548914,True,7.025649914615961e-08,7.33075941061756e-08,False,,10.0%
ELCM,446,0.05605381165919283,0.0003985936217653263,0.18321943265659563,0.6293989220902414,759.8633046996397,True,0.00044893445379755575,0.27848189920241506,0.5794709731071671,671.9742840848961,True,0.0005025364024395062,0.25457344131641013,0.5493478770195168,675.3605972086472,True,0.0713540086598145,0.09526246654581944,False,,10.0%
ELSM,450,0.12444444444444444,0.0004372965177129874,0.10706112139892734,0.7154142994957502,715.7719574048588,True,0.0005406931944520461,0.1582287689566394,0.6993900651193512,514.9808508073307,True,0.0006684050735227594,0.1351902836883116,0.6503723156195029,516.1647666283742,True,0.028129162289384252,0.051167647557712054,False,,7.5%
ELSM,436,0.022935779816513763,0.0009535100387958644,0.34135592527013126,0.05283414031024183,818.5930269931985,True,0.0009701991148504453,0.4069996159727369,0.04561666593938617,780.3046541266067,True,0.0009819802416786332,0.3886662939863268,0.038802342509793544,780.7933436818731,True,0.04731036871619554,0.06564369070260562,False,,10.0%
EMCO,566,0.3321554770318021,0.00020640445107881792,0.14723207402693184,0.7328525171013931,1003.1833400348994,True,0.0011431741958751946,0.6625191800622647,0.33748081993772494,349.90737181199745,True,0.000957968783156439,0.3067309231325918,0.43589982746769584,350.888832166147,True,0.15949884910565998,0.5152871060353329,False,,5.0%
EMCO,717,0.061366806136680614,0.00012461782466174497,0.1031758485729479,0.8022397823519742,1368.1572158150916,True,0.00014815105413181308,0.16102201072561026,0.7599642945025775,1192.1053413245463,True,0.00018249191144100593,0.14340882428390317,0.7370873404059906,1194.6898469285031,True,0.04023297571095527,0.05784616215266236,False,,7.5%
EMCO,513,0.07212475633528265,0.0006715733205906419,0.29961464407509797,0.30551658411380433,937.0543538083331,True,0.0007596629722847292,0.5072340231862724,0.22865366039059895,801.6574309701767,True,0.0007573635392352522,0.42420564283844797,0.2404954003595749,806.6287829399529,True,0.12459099876335,0.20761937911117445,False,,10.0%
ENGRO,820,0.004878048780487805,1.9240776242450294e-05,0.1225025666113248,0.8132649691726699,2221.325228488464,True,1.8965478703464976e-05,0.1284105629862714,0.8111347496206442,2202.134524530853,True,1.9271203993893967e-05,0.12552086131677714,0.8112178837944553,2201.75500200071,True,0.00301829470545234,0.0059079963749466,False,,5.0%
ENGRO,1033,0.003872216844143272,7.364090363160946e-05,0.22677533047076787,0.4270993760854743,2952.2352050292698,True,7.659990394636075e-05,0.24352752967510205,0.40462250691870694,2931.160685792308,True,7.747104592766303e-05,0.2392812506792712,0.4018191655796919,2931.287106450404,True,0.01250592020850333,0.016752199204334184,False,,7.5%
ENGROH,817,0.02937576499388005,4.913987365864183e-05,0.150755726905424,0.7277959553625883,2073.6410648371093,True,4.717990769009021e-05,0.17304450695349965,0.7298533487666224,1957.5429210520797,True,4.91515300334188e-05,0.15749663427468,0.7307131945812787,1958.3559053595745,True,0.006740907369256005,0.022288780048075663,False,,5.0%
ENGROH,1016,0.014763779527559055,5.6931216923128055e-05,0.17508016488803235,0.6624281829175995,2665.493566747249,True,6.270067103856839e-05,0.21767534060080346,0.623743465757217,2593.331196398743,True,6.41219236909078e-05,0.20679280088077018,0.622668430609396,2594.9327064050894,True,0.031712635992737825,0.042595175712771105,False,,7.5%
ENGROH,543,0.014732965009208104,2.5347412095803787e-05,0.08815814211855587,0.8746593822254278,1255.7325683159902,True,2.1898428464979973e-05,0.09556674103016938,0.8782840728796284,1220.1100825774395,True,2.8256071616620595e-05,0.09676852289891699,0.8636667507016591,1219.5738098006634,True,0.008610380780361124,0.007408598911613509,False,,10.0%
EPCL,820,0.08536585365853659,2.8889907855089764e-05,0.08826516703743914,0.8737741586865277,1810.2572851497034,True,3.0605732326514245e-05,0.13292251630235613,0.8557354451727821,1511.6121707507373,True,5.1044539155143756e-05,0.11510455778141782,0.829557092841404,1513.0676809618549,True,0.026839390743978675,0.04465734926491699,False,,5.0%
EPCL,1030,0.011650485436893204,2.7881968806522405e-05,0.09207192998315981,0.8445034310302786,2561.633777886266,True,2.6446866086360097e-05,0.09654149924242203,0.8475852476732282,2502.000312025535,True,2.7131003123044468e-05,0.09294406599477736,0.8469380444349515,2502.1767071775103,True,0.0008721360116175497,0.0044695692592622155,False,,7.5%
EPCL,544,0.009191176470588236,0.00014274168425972602,0.2411352144916089,0.5291318741502049,1285.7360607396731,True,0.00015122546882836958,0.26399893078457826,0.5059721334269991,1261.5947183659464,True,0.00014897898846953162,0.2532303112772454,0.5149472935398498,1261.437165827401,True,0.012095096785636472,0.02286371629296935,False,,10.0%
EPQL,810,0.0049382716049382715,1.0213828504486788e-05,0.12244731793137599,0.8335042242596191,2341.310751113073,True,1.0127211202944687e-05,0.1252610710564505,0.8333568107659748,2319.838870781984,True,1.0146204854208464e-05,0.12196892099240611,0.8341529103639953,2319.3058398293547,True,-0.00047839693896988,0.0028137531250745224,False,,5.0%
EPQL,1031,0.01745877788554801,2.7317252410871206e-05,0.09218603375782229,0.8326315816871962,2680.9568392161286,True,2.9096987586430827e-05,0.10811508946547663,0.8212367329236059,2586.819853265945,True,3.077507652829e-05,0.10048389000589023,0.8188443019364979,2585.4739024141495,True,0.008297856248067934,0.015929055707654335,False,,7.5%
EPQL,542,0.005535055350553505,0.0002120322989556418,0.3493637752200369,0.0015004638175853018,1464.8951571278326,True,0.0002131256535385947,0.3694279707589927,1.0513766027992587e-12,1448.3306916442275,True,0.00021111914603693218,0.37968143023811035,6.194704398326278e-14,1448.9225102640667,True,0.03031765501807343,0.020064195538955776,False,,10.0%
ESBL,818,0.21882640586797067,0.0006273101761770173,0.2593003029266426,0.39961740907260246,1443.3474140777826,True,0.0008026034760384966,0.6890548920542899,0.31094510794565045,826.6251318567698,True,0.0009193898339745265,0.6163696871240378,0.20228846462332586,854.0129461382788,True,0.35706938419739526,0.42975458912764736,False,,5.0%
ESBL,973,0.019527235354573486,0.0003533841754924284,0.12483792487271025,0.6513400740750153,1783.6450246021907,True,0.000362797496645398,0.14723444505939814,0.6400161620391659,1705.6863050145196,True,0.00040238714905612024,0.1403593334327501,0.6163999188091736,1706.1034870981039,True,0.015521408560039834,0.02239652018668789,False,,7.5%
ESBL,540,0.06666666666666667,0.001416939066981216,0.27969632889998614,0.1941101559724741,855.9036674420171,True,0.0015451186402123608,0.41573353155484183,0.1612079640439093,726.9613367899594,True,0.0015564567841518015,0.36327798082549867,0.16162155424726374,729.8767773257727,True,0.08358165192551253,0.1360372026548557,False,,10.0%
EXIDE,765,0.1084967320261438,3.18179842777204e-05,0.17231738875641778,0.7858032437761382,1755.5854574496739,True,6.039118941837638e-05,0.3352110672045574,0.6647889327952599,1419.615545120547,True,5.940761200640455e-05,0.25662474008246894,0.6887878210142198,1420.678534143851,True,0.08430735132605116,0.16289367844813962,False,,5.0%
EXIDE,1007,0.0506454816285998,0.00014464017866822892,0.17299429128056593,0.6467601507633933,2200.4287805404074,True,0.0001492251794114576,0.22382151219565383,0.6365035251605423,1979.3199142700157,True,0.0001648448237979755,0.20248095470687022,0.6192190650528733,1982.6252487399256,True,0.029486663426304294,0.0508272209150879,False,,7.5%
EXIDE,544,0.016544117647058824,6.671518201592775e-05,0.16032607187045256,0.710992809733412,1336.833134225728,True,6.953858019770678e-05,0.18461659587582052,0.6980487120771675,1292.906809136268,True,7.371874643289928e-05,0.1789647666401903,0.6884798950546518,1292.2053176132865,True,0.01863869476973773,0.024290524005367964,False,,10.0%
FABL,815,0.03803680981595092,8.866476755145113e-05,0.1833352447586976,0.6194149194674368,2023.4522220933316,True,9.891005550601654e-05,0.23387489671193978,0.5849536138418445,1877.396017605291,True,0.00012009562059982248,0.2258730486959663,0.5317802809967729,1878.9588664375785,True,0.04253780393726869,0.05053965195324217,False,,5.0%
FABL,1033,0.012584704743465635,0.00010650715550299845,0.11124075604688322,0.6661499560250979,2499.733255021796,True,0.0001242874595521191,0.13488869882146076,0.6172200251560149,2435.5494351920174,True,0.00012750269771810143,0.13285887577095357,0.6098138613351088,2437.0369931668124,True,0.02161811972407035,0.023647942774577546,False,,7.5%
FABL,544,0.012867647058823529,0.0001566916045836713,0.2816614669675782,0.48127480177403137,1285.9352816248274,True,0.00015995507101414631,0.3055020339604331,0.47336896615200896,1252.1546848914568,True,0.00016206462285381883,0.28962227767268495,0.47483049697422397,1251.0042506378168,True,0.007960810705106736,0.02384056699285486,False,,10.0%
FASM,455,0.15164835164835164,3.129909053837817e-05,0.09886686993891076,0.8699295292585681,946.5755856333752,True,4.3963602991964465e-05,0.15422632193659924,0.8457736780633616,673.6255347742249,True,3.827901971512683e-05,0.11213124526326289,0.8607213550832065,674.0266141099834,True,0.013264375324352123,0.05535945199768848,False,,5.0%
FASM,477,0.023060796645702306,0.00011623009665661784,0.0981337614422226,0.8180886711321084,912.5595466425525,True,0.00011445186577862892,0.1095376716705433,0.8179020025037832,866.5758979357003,True,0.00011842817712207231,0.10336719425873503,0.8162743524557992,866.9686386031609,True,0.005233432816512423,0.011403910228320699,False,,10.0%
FATIMA,816,0.014705882352941176,2.480150785825669e-05,0.1153324582521057,0.8022744249576346,2190.9759391673697,True,2.4970121822915667e-05,0.1306534688793854,0.7945724942749489,2131.0906143613643,True,2.421719712493174e-05,0.11968674516572611,0.803151649985512,2130.476404115034,True,0.004354286913620414,0.015321010627279696,False,,5.0%
FATIMA,1031,0.002909796314258002,6.393155340149616e-05,0.13603494414693706,0.6604981611973548,2730.837461623131,True,6.293030899653793e-05,0.1326929180567277,0.6683512833852099,2713.49040826274,True,6.257338878884911e-05,0.13223841737832148,0.6694217446229047,2713.6555104569684,True,-0.0037965267686155824,-0.0033420260902093657,False,,7.5%
FATIMA,544,0.007352941176470588,0.00012281223034984657,0.14722741638677211,0.6496129180034219,1267.2203721732737,True,0.0001229445235819863,0.15224943602875451,0.6503740323262053,1247.0481974980632,True,0.00012364016374716546,0.14973325066559207,0.6499319558105838,1246.892482416752,True,0.0025058342788199517,0.0050220196419824,False,,10.0%
FCCL,821,0.05115712545676005,6.483356582788502e-05,0.139007746897562,0.7518758277113899,1919.2066366725708,True,7.796852644193889e-05,0.20319140472046843,0.7032552907903191,1732.444886519348,True,9.132469142299123e-05,0.17915028333477273,0.6859984513154112,1732.762711626679,True,0.04014253643721072,0.06418365782290641,False,,5.0%
FCCL,1033,0.011616650532429816,3.462100629027546e-05,0.09497481705667202,0.8303544065370053,2527.679917272666,True,3.2538024262325567e-05,0.10266185310684944,0.8320770762900789,2469.8600226193776,True,3.589293822535338e-05,0.09960411507789879,0.825098708630206,2469.459286738059,True,0.004629298021226774,0.007687036050177426,False,,7.5%
FCCL,544,0.009191176470588236,0.000195880239417414,0.19643738573943706,0.5637427678274681,1192.898102388639,True,0.0001922936210558059,0.2140303844108271,0.5633240435534993,1170.6372122086786,True,0.00019465670271795222,0.2031247952767421,0.5655182807021331,1169.9610268684512,True,0.006687409537305039,0.017592998671390053,False,,10.0%
FCEL,466,0.02575107296137339,0.00022053413518350923,0.10191771049559568,0.8151517652029077,741.3498624388703,True,0.00022556501747474181,0.1172176615107923,0.8101400013042219,694.5798402825612,True,0.00023278577798165284,0.10997509801253662,0.8087778389731782,695.3051103506803,True,0.008057387516940934,0.015299951015196614,False,,10.0%
FCEPL,820,0.05975609756097561,2.7029252964885945e-05,0.11830999089214156,0.8380933672019906,1926.1541667142449,True,2.0252412250580693e-05,0.1572840932954569,0.8366312040422512,1710.891829015284,True,3.518132656962239e-05,0.13153653486443856,0.8179989886401595,1708.985111477105,True,0.013226543972297,0.038974102403315336,False,,5.0%
FCEPL,1034,0.02127659574468085,0.00014732401682393613,0.1385513467682068,0.5919896701006806,2438.9780806928425,True,0.0001536856849517194,0.16672561676296793,0.5748409169122033,2333.148803955788,True,0.00015800636228134447,0.15447991558121155,0.5722361115485006,2333.54628105681,True,0.01592856881300475,0.028174269994761136,False,,7.5%
FCEPL,544,0.02389705882352941,6.17694564946087e-05,0.11746013690323431,0.8126754213269595,1188.5004640065283,True,6.22697674852475e-05,0.133370185422372,0.8085440638732251,1129.619698945532,True,6.398306793966679e-05,0.12260845023508272,0.8099102668905042,1128.6850490891031,True,0.0051483133318484114,0.015910048519137687,False,,10.0%
FCIBL,439,0.16173120728929385,0.0009652750172139016,0.17491502680425947,0.6976700065042019,460.42890657094586,True,0.005302122819644111,0.7599545083156412,0.03139684163613885,257.0429560865505,True,0.0054567206374948945,0.522677744089862,0.042144073620090816,257.5567793260671,True,0.34776271728560254,0.5850394815113817,False,,7.5%
FCIBL,498,0.15461847389558234,0.000485977388699131,0.2512598591100541,0.6154626555535925,733.7989736692632,True,0.0010497065241701388,0.678856074789862,0.32114392521002366,498.75336265423886,True,0.0012295693557705318,0.5909899060163637,0.2530073990141133,510.5909125839628,True,0.3397300469063096,0.4275962156798079,False,,10.0%
FCL,544,0.012867647058823529,9.83898847927027e-05,0.0838372603430078,0.7261708204897342,1298.4868745710555,True,9.779555985353757e-05,0.08139126014260512,0.7358382969465262,1260.8292091855214,True,0.00010210269496717581,0.07934258870198999,0.7278275514775716,1260.443927045657,True,-0.004494671641017814,-0.0024460002004026843,False,,10.0%
FCSC,812,0.0012315270935960591,0.00019147543236017246,0.144244956999007,0.7852270844178258,1318.7412139282987,True,0.00019350841011753683,0.14749749716098773,0.782222377475996,1315.3384494990491,True,0.00019366727188757792,0.14622109460732924,0.7828054967486511,1315.0808763760285,True,0.0019761376083222426,0.0032525401619807326,False,,5.0%
FCSC,1029,0.0,0.0007633368094354402,0.23892630294828027,0.4573526416047199,1688.6708786131858,True,0.0007633367060156271,0.2389262764570257,0.45735273221637196,1688.6708786131865,True,0.0007633367281225413,0.23892628696496698,0.4573527191176927,1688.6708786131876,True,-1.598331328400704e-08,-2.6491254578875356e-08,False,,7.5%
FCSC,544,0.022058823529411766,0.0006804101384668667,0.3942685784260861,0.48890237555748306,833.935163823524,True,0.0006909597432884201,0.49008092103831125,0.46047763565407546,793.5096268897283,True,0.0007271984879885138,0.4598832849145448,0.4502763022079287,793.7216345898325,True,0.06561470648845869,0.09581234261222515,False,,10.0%
FDIBL,821,0.0097442143727162,0.0011311655936359834,0.27189144187374736,0.41562636107551787,1217.4078993175985,True,0.0011336655846053202,0.3046192495994656,0.4054271857959768,1194.0515658253653,True,0.001121884834609184,0.28760765491505574,0.41454508941031365,1194.2560217820462,True,0.01571621304130838,0.03272780772571826,False,,5.0%
FDIBL,986,0.002028397565922921,0.0004202426083039785,0.15740688346861767,0.6739436319167289,1632.361372188699,True,0.00042958938670102653,0.16250608687767254,0.6673761906716829,1623.1408202950308,True,0.0004353047093030736,0.1622810514449261,0.664559297392281,1622.8971272670196,True,0.004874167976308436,0.00509920340905487,False,,7.5%
FDPL,821,0.0097442143727162,0.0011311655936359834,0.27189144187374736,0.41562636107551787,1217.4078993175985,True,0.0011336655846053202,0.3046192495994656,0.4054271857959768,1194.0515658253653,True,0.001121884834609184,0.28760765491505574,0.41454508941031365,1194.2560217820462,True,0.01571621304130838,0.03272780772571826,False,,5.0%
FDPL,1025,0.001951219512195122,0.0004516989158578665,0.152528158770389,0.6599523100812601,1699.9288535561695,True,0.0004613851689092456,0.15745063361701692,0.6532853600908661,1690.6803171290794,True,0.00046656355068095334,0.15724096006087027,0.6507279129841357,1690.4604358478139,True,0.004712801290481267,0.004922474846627917,False,,7.5%
FDPL,544,0.012867647058823529,6.02739336368265e-05,0.07855941794939801,0.8904653870700614,967.3673703671875,True,5.1454961209599625e-05,0.0826513338935663,0.8950198769998376,940.4272498731125,True,5.8575901198661026e-05,0.0799187279122115,0.8910538449985945,939.5722490922104,True,0.0013593099628134847,0.004091915944168287,False,,10.0%
FECTC,746,0.06836461126005362,4.6599304346711765e-05,0.1960964241053117,0.7360581752552867,1742.7306583496722,True,4.595565801228979e-05,0.2723280665575536,0.7154566199976112,1524.308278335154,True,4.8218630458779887e-05,0.21349574419514003,0.7308437764627576,1524.409567574818,True,0.017399320089828335,0.0762316424522419,False,,5.0%
FECTC,898,0.053452115812917596,0.0001631754830285184,0.13469195146951457,0.7276084905341884,1771.9257416586117,True,0.00017635353986141796,0.18675286062667018,0.7018677129298474,1576.3652873017895,True,0.00020884792368238493,0.16538715486450337,0.6792398371981714,1577.5898678392382,True,0.030695203394988796,0.05206090915715561,False,,7.5%
FECTC,544,0.07536764705882353,0.0004619346832433444,0.34481509725480397,0.3844359203789702,1022.5242372129267,True,0.00048632040397926225,0.563105420637397,0.3373135162554725,865.8502669022042,True,0.0005201649506517644,0.4410274152354972,0.3400504594566668,866.6539760586277,True,0.09621231798069324,0.21829032338259302,False,,10.0%
FEROZ,821,0.12911084043848964,2.114173938842194e-05,0.1444044539483926,0.8362345489718978,1799.4759278527024,True,4.671915881821888e-05,0.23556657593256447,0.7644334240672475,1367.6369748600043,True,3.303715302859248e-05,0.17573818451291107,0.802818342572194,1366.323435889177,True,0.031333730564518464,0.09116212198417187,False,,5.0%
FEROZ,1028,0.029182879377431907,4.525423875042698e-05,0.11100055562576291,0.8125507818745941,2406.7823716551793,True,4.800806021874413e-05,0.14009782254876008,0.7949183938883395,2271.93721969871,True,6.589097482049616e-05,0.14643328455445337,0.7519600467772715,2273.835751526168,True,0.035432728928690455,0.02909726692299716,False,,7.5%
FEROZ,544,0.012867647058823529,4.545041446310738e-05,0.1852218962365373,0.7731815273361303,1226.1651245859703,True,4.5361143155633576e-05,0.20959887998028304,0.7618190064957875,1193.7738800751047,True,4.754507332304848e-05,0.1980956684748894,0.7634293717552568,1193.1041191809438,True,0.012873772238352121,0.02437698374374575,False,,10.0%
FFBL,821,0.05481120584652863,2.645739578359998e-05,0.10895483414638296,0.8419868102073798,1978.8116299747483,True,2.518133770239919e-05,0.14639562820550028,0.8310357451039183,1775.35978844715,True,2.9919913546810617e-05,0.1207408628864236,0.8313259897768348,1775.0724941915762,True,0.011786028740040644,0.03744079405911732,False,,5.0%
FFBL,1033,0.027105517909002903,8.555879836310943e-06,0.05322003629954489,0.9329337872859989,2416.5403398318776,True,7.2327060629242285e-06,0.0563878774323458,0.936004410290425,2285.035105796048,True,8.450107967609966e-06,0.05251317631390057,0.9345651770399406,2283.743095458817,True,-0.0007068599856443203,0.0031678411328009137,False,,7.5%
FFC,821,0.010962241169305725,2.2473458176812462e-05,0.13135509399596845,0.7747757226106822,2313.729050579526,True,2.4036727325717142e-05,0.14498461995476944,0.76131192331587,2266.889228157249,True,2.5202306144254147e-05,0.14085074965810931,0.7568966876417691,2266.9474478720576,True,0.009495655662140862,0.013629525958800986,False,,5.0%
FFC,1034,0.0029013539651837525,1.2070175068418158e-05,0.114458138768181,0.7966367921276176,3177.167114030647,True,1.1886248959462459e-05,0.11602921486962406,0.7977454527080288,3159.5106982399147,True,1.1824900889854853e-05,0.11426145893600478,0.7993206883644373,3159.414115552997,True,-0.00019667983217622198,0.001571076101443053,False,,7.5%
FFC,544,0.0055147058823529415,3.90222872901144e-05,0.13658386538678002,0.7915165878561847,1347.3969121208238,True,4.001532250466579e-05,0.1433950274906995,0.7866460390744607,1331.6170794857348,True,4.108646301119402e-05,0.14201192765328408,0.7841715662084698,1331.070333400695,True,0.005428062266504052,0.006811162103919466,False,,10.0%
FFL,820,0.1573170731707317,0.00018375535740438887,0.2593058324963585,0.57158638808784,1687.8765503102306,True,0.0002444675242093899,0.5391602887190432,0.46083971128095347,1185.6184729935858,True,0.0002862173457550104,0.38586498833535393,0.4518119631901456,1183.609178122072,True,0.1265591558389954,0.2798544562226847,False,,5.0%
FFL,1033,0.010648596321393998,0.00013979344519615347,0.0888008834584801,0.737944045224489,2226.02209552298,True,0.00014809316955995448,0.10041194908796622,0.72321149563547,2175.1672498249914,True,0.00014114687993109048,0.09366069147730086,0.7359167780464736,2175.21827958818,True,0.004859808018820758,0.01161106562948612,False,,7.5%
FFL,544,0.014705882352941176,4.43006179056069e-05,0.12443084391186872,0.819693683308816,1230.4081224384686,True,4.293465844417066e-05,0.13237868979637427,0.8206685266257787,1192.7643073398654,True,4.3156119570343134e-05,0.1234499979033769,0.8245902557180047,1191.7789042466904,True,-0.000980846008491812,0.007947845884505547,False,,10.0%
FLYNG,770,0.09350649350649351,0.00028540386565794674,0.26237416278879655,0.4848588274913746,1556.3453513172622,True,0.0002616630174825577,0.4264162256549936,0.47910323572383573,1275.80120502742,True,0.00033671038076986686,0.36183501242588695,0.41762939136913774,1280.4309333915207,True,0.0994608496370904,0.16404206286619705,False,,5.0%
FLYNG,1033,0.03581800580832527,0.00025575725850982825,0.23414684960787463,0.5327475325131292,2125.0945889639793,True,0.0002652896794002403,0.3447934847961018,0.48288538701384764,1977.7442953940858,True,0.0002608989689166355,0.28821545909398477,0.508873590082638,1979.9890465661258,True,0.05406860948611014,0.11064663518822715,False,,7.5%
FLYNG,544,0.04411764705882353,8.521501595159417e-05,0.2936955103915865,0.6647089628963964,1137.8869758004794,True,9.314585237340666e-05,0.37892004002890844,0.6210799599710162,1048.6571811241363,True,0.00010381031814142732,0.3649712191324056,0.6069464391490106,1046.8735920867157,True,0.07127570874081912,0.08522452963732197,False,,10.0%
FML,768,0.06510416666666667,3.0501118069567332e-05,0.11785205559351623,0.8276802113739306,1831.11606584347,True,3.6121206226859e-05,0.18140694390001005,0.7894796532544248,1612.1035772271196,True,6.039383130560389e-05,0.18160270902141745,0.7287920883506767,1615.319022691117,True,0.06375065342790122,0.06355488830649382,False,,5.0%
FML,782,0.028132992327365727,7.475449591818492e-05,0.18396223662392475,0.740278243120396,1681.714403622626,True,7.991756640558003e-05,0.22652372546845503,0.7149633379908724,1588.605912476379,True,8.634957327826088e-05,0.2059345555148766,0.7138053744766102,1587.3291642698782,True,0.02197231889095186,0.04256148884453029,False,,7.5%
FML,540,0.016666666666666666,6.001950123518583e-05,0.17175505849417205,0.7482721607721514,1243.4721869767773,True,6.17580323925902e-05,0.19412714559583202,0.7372289510662354,1203.9326172384567,True,6.476327868718768e-05,0.18649704781540993,0.7331350311799516,1203.1640127052765,True,0.01474198932123788,0.02237208710165997,False,,10.0%
FNEL,759,0.08300395256916997,0.00018311692703479226,0.12793471106437354,0.8176551391386283,1133.6535389147334,True,0.00022115639426388155,0.18326758971149845,0.7896340333550516,919.4888499565666,True,0.0002502621205590713,0.18719466724726783,0.7640346346209179,931.6833932550921,True,0.059259956182894286,0.05533287864712491,False,,5.0%
FNEL,1034,0.047388781431334626,9.638539987403244e-05,0.12082133179399573,0.8123096798085633,1997.881074632041,True,0.00011373087232366569,0.20052804030866922,0.7608057569370703,1807.2825557144208,True,0.00019150133669695814,0.2167398649211038,0.6770669534278925,1810.4564963650753,True,0.09591853312710807,0.07970670851467349,False,,7.5%
FNEL,543,0.05156537753222836,5.947962029021655e-05,0.09332181707112788,0.888429538874125,962.1238351169726,True,5.936024178700901e-05,0.12047595850417975,0.8795240414954539,866.579949865255,True,6.124684358239964e-05,0.10161507879496767,0.8835700341265325,868.6128735033976,True,0.00829326172383979,0.027154141433051865,False,,10.0%
FRCL,462,0.23809523809523808,0.00011695569242011386,0.13353145049741275,0.8173293485682804,769.7296276375968,True,0.00011826519653132853,0.1312610460362646,0.8687389539631005,400.1354049999396,True,0.0002589659627537865,0.23675814863814248,0.7046402586882963,413.51358128134365,True,0.10322669814072974,-0.002270404461148151,False,,5.0%
FRCL,550,0.13454545454545455,0.0007134903316754436,0.16568947773370324,0.526750289034772,892.5368746846552,True,0.000909189657470121,0.34664367281264163,0.44103733143013246,628.4379149223524,True,0.0012478474427366085,0.2660356294136038,0.3338704906543921,629.420515930486,True,0.10034615167990057,0.1809541950789384,False,,7.5%
FRCL,519,0.09248554913294797,0.00027990852490280735,0.19687569299569155,0.6746191213991763,883.2621415908266,True,0.0003272269006141548,0.3203021723654108,0.6252787697936203,708.6283431775659,True,0.0004402526539820595,0.2692755568012911,0.5743395815265502,711.331942686749,True,0.07239986380559957,0.12342647936971926,False,,10.0%
FRSM,595,0.10588235294117647,5.780132280009554e-05,0.12813652769257877,0.8018867941428613,1291.7365133898284,True,0.00010433596111287495,0.3189735052916225,0.6539170703462732,1033.1104716937457,True,0.00017902471486504976,0.26405745369050027,0.5718895315519774,1034.528315616457,True,0.1359209259979215,0.19083697759904372,False,,5.0%
FRSM,665,0.04661654135338346,0.0004988201905940064,0.25671132464612634,0.2911320960580165,1343.5888200002864,True,0.0005293109418301417,0.35435455713757785,0.2564007144984677,1217.7101061258595,True,0.000597806241113571,0.32301211393259777,0.19977421221688624,1218.4731774641164,True,0.06630078928647143,0.09764323249145151,False,,7.5%
FRSM,529,0.01890359168241966,6.504694161579983e-05,0.2001872737198907,0.7416304931184794,1158.2938433123459,True,6.714843595363154e-05,0.23406271254429722,0.7249380923498409,1114.3168632054849,True,7.79919410788341e-05,0.22127930750033165,0.7125013465440491,1113.4966484243303,True,0.021092033780440944,0.03387543882440652,False,,10.0%
FZCM,469,0.15565031982942432,3.5891189241440625e-05,0.15346774183565437,0.8170337961030656,974.824754177116,True,7.310221281366832e-05,0.23070964015870682,0.7692903598409597,683.6076148527854,True,7.146173301403029e-05,0.18348411899695138,0.7714858560932137,682.1178770570273,True,0.030016377161297014,0.07724189832305245,False,,5.0%
FZCM,683,0.060029282576866766,0.00015860920562454033,0.14117975746224454,0.7567027187427557,1260.3389002440967,True,0.00025765040550420286,0.25002133783658853,0.638827705435187,1103.0980602205252,True,0.00035650577332857356,0.22899773784366373,0.5738745325559216,1103.1329102873915,True,0.08781798038141919,0.108841580374344,False,,7.5%
FZCM,506,0.039525691699604744,0.0003279443855032553,0.19158781356562674,0.5705293055431391,972.2047144241232,True,0.00037542063030663784,0.2662266622130649,0.5156352254548142,893.0132211498151,True,0.0004692842865040638,0.2576657284193198,0.4399054113854563,895.8387978511566,True,0.06607791485369305,0.07463884864743817,False,,10.0%
GADT,710,0.06056338028169014,0.00010642094783902206,0.13241058273731915,0.6849590042467704,1648.7067349512272,True,0.0001896237446142576,0.24029067495963624,0.5037080924628208,1457.0296030932593,True,0.00019651079893050427,0.20769595504970267,0.5005802867301833,1458.2693204286568,True,0.07528537231238353,0.10788009222231709,False,,5.0%
GADT,786,0.02544529262086514,8.424103083496464e-05,0.11057174411538231,0.7820269725794409,1717.1182979941595,True,8.090928551222989e-05,0.1180811962605062,0.7899458034998388,1626.226204873025,True,8.525692975176e-05,0.11167461671349996,0.7854007697329217,1626.6175467130752,True,0.0011028725981176435,0.007509452145123885,False,,7.5%
GADT,542,0.027675276752767528,0.0001345487259173601,0.2182768192439855,0.6537568004536183,1156.0870387970622,True,0.00013592061748806972,0.2694919932245031,0.636394448965858,1092.7244637869812,True,0.00014732281986242282,0.24917121332774544,0.6278502636048633,1092.8696423385359,True,0.030894394083759935,0.051215173980517614,False,,10.0%
GAIL,821,0.02192448233861145,0.0002463664685868045,0.1590897846871338,0.6756488762810582,1552.8138314982148,True,0.0002563559533994258,0.17001023766484752,0.6723568920531446,1477.105345823522,True,0.0002667754955209072,0.16190964166968996,0.6665649085515446,1476.1066147134918,True,0.002819856982556157,0.010920452977713713,False,,5.0%
GAL,819,0.15995115995115994,8.162932586999118e-05,0.13540235135759318,0.7852005964711868,1681.9610025233853,True,9.717065019871222e-05,0.2654851781803125,0.7345148218196498,1172.8838749617275,True,0.0001399382863829089,0.21459719645490072,0.6939421166666939,1178.2139085712577,True,0.07919484509730754,0.1300828268227193,False,,5.0%
GAL,1033,0.06582768635043562,8.624494696539252e-05,0.12073998610282591,0.8039917988872904,2078.0608238503655,True,9.865366182026385e-05,0.18016538467273183,0.7712345001733598,1800.2540102080502,True,0.00012317153218989848,0.15493426865732818,0.7538819289832587,1801.9596554408624,True,0.03419428255450227,0.05942539856990592,False,,7.5%
GAL,544,0.029411764705882353,1.0362665379417366e-05,0.1228094902992685,0.8771905095008744,1134.5480965308725,True,1.5031879870654477e-05,0.13998777927149925,0.8600122207284661,1068.212835996213,True,1.3398132379189871e-05,0.1354268754267925,0.8641236529901839,1065.7135031637567,True,0.012617385127523986,0.01717828897223074,True,,10.0%
GAMON,601,0.22795341098169716,3.984943980866196e-05,0.11942478345365619,0.8625551842962642,1022.5054082676932,True,0.0002017154311125611,0.22499559808028385,0.7750044019196998,536.9345710971379,True,0.00023075366731805546,0.2010000721730511,0.7299163975746801,534.4515987242623,True,0.08157528871939491,0.10557081462662767,False,,5.0%
GAMON,711,0.1111111111111111,0.0001443744589883856,0.11240593551584867,0.8401004966130787,1079.054996981681,True,0.0002135253482015647,0.18571512975958177,0.7946405539680217,799.485330761173,True,0.00030685680214844916,0.15214995212775245,0.7673817764554244,798.0609854688898,True,0.039744016611903785,0.0733091942437331,False,,7.5%
GAMON,544,0.07904411764705882,3.50126368266883e-05,0.11124871576794028,0.8695090453127085,992.2238458219776,True,4.3944166614543944e-05,0.16028698698102428,0.8397130130189745,835.0461392541912,True,6.796589566660987e-05,0.15301013477984532,0.8173305335165354,835.9845466261993,True,0.04176141901190504,0.049038271213084,False,,10.0%
GATI,671,0.14157973174366617,4.196182377547088e-05,0.14958860841734728,0.8363190058616905,1125.098991823302,True,7.30047008921296e-05,0.1964455507701406,0.8035544492298428,794.5965314753421,True,5.530651990043798e-05,0.17773625127567882,0.8104001564672765,796.5115645057476,True,0.028147642858331545,0.04685694235279331,False,,7.5%
GATI,544,0.02022058823529412,5.729840598003752e-05,0.14817469045474757,0.7722151217840975,1258.3885764430556,True,5.940400722029556e-05,0.16808054498388775,0.7633518650699311,1207.8659839473507,True,6.406964946658594e-05,0.16094184589453012,0.7557107320331458,1206.6008706660562,True,0.012767155439782546,0.019905854529140177,False,,10.0%
GATM,820,0.03902439024390244,3.6000402297769446e-05,0.0841246503739633,0.8434284263803007,1967.6706920740519,True,4.070342306809403e-05,0.11241138171090456,0.8206944248778292,1820.7022000365364,True,4.1486099039837145e-05,0.09507969046057342,0.8276908258054448,1819.6585678042347,True,0.010955040086610121,0.028286731336941262,False,,5.0%
GATM,1032,0.01744186046511628,0.00017886985181815717,0.18809963231339893,0.47369149101305186,2456.7124041511165,True,0.0001877630066932847,0.2220899921490599,0.44755314917052336,2374.399519631071,True,0.00019017947122147366,0.2088708644921315,0.44714503688255924,2376.705533108563,True,0.020771232178732557,0.033990359835660955,False,,7.5%
GATM,544,0.011029411764705883,0.00012425603449209828,0.1889878370518865,0.6660961243449983,1193.6379027288524,True,0.00011818632349537432,0.20681821394756938,0.6683770260382293,1167.9846618362924,True,0.0001282116387780967,0.2015332454284007,0.6552872122222879,1167.3282926099062,True,0.012545408376514217,0.017830376895682898,False,,10.0%
GCIL,543,0.03130755064456722,0.00012651906985785302,0.20327605650266753,0.6980712496200334,1101.0483507284061,True,0.0001293933283281093,0.2583181321567691,0.6744186767126901,1030.9904098836219,True,0.00014039797908617748,0.23556691854572911,0.6692907194622669,1030.1306378365814,True,0.032290862043061586,0.05504207565410155,False,,10.0%
GFIL,609,0.0361247947454844,6.812202335177548e-05,0.09173431624490573,0.9027083162724376,766.7481320243,True,7.37309358761491e-05,0.09931706937282311,0.9006829306240378,687.7488046886963,True,8.4698219256746e-05,0.09074254736071369,0.9003706396272051,682.9403193599776,True,-0.000991768884192043,0.007582753127917383,False,,5.0%
GFIL,797,0.02132998745294856,0.00015678184844197433,0.09140763003392423,0.8640306333217079,1166.1509554435695,True,0.00018610543470507385,0.1074436072794498,0.8468589270809015,1102.3220087369577,True,0.00022328610021139311,0.10226301721300243,0.8362768239518343,1100.034929039608,True,0.010855387179078205,0.016035977245525565,False,,7.5%
GFIL,536,0.03731343283582089,0.0002732494338246631,0.18035986790923994,0.6699956498978483,956.2795675119794,True,0.0002708398797268499,0.23557200122737637,0.6525616187171606,879.7356275443075,True,0.0003960601849589073,0.22973992704919288,0.5738488506492037,880.4571938439916,True,0.04938005913995294,0.05521213331813643,False,,10.0%
GGGL,814,0.044226044226044224,4.4717289607414695e-05,0.10443493710702587,0.8537598599657239,1682.8738996801999,True,5.5136181169523375e-05,0.12418646009602799,0.8380812043153789,1528.7536001152948,True,6.153066229513612e-05,0.11346519902242051,0.8329350952755166,1527.3071973657693,True,0.009030261915394647,0.019751522989002124,False,,5.0%
GGGL,1033,0.03291384317521781,0.00010731433046322136,0.17035965917217383,0.7365425117040312,2115.9342611924367,True,0.00010603655658352533,0.21550303720793662,0.7207838102812956,1976.1692908239502,True,0.00010937611738089209,0.18269652571357556,0.7318530762253304,1973.9184588189225,True,0.012336866541401731,0.04514337803576279,False,,7.5%
GGGL,544,0.016544117647058824,0.00017544507108895177,0.24076104937494253,0.5691355330198065,1186.9510493204048,True,0.00018110275971092987,0.27103106040783476,0.5551782121511701,1145.7833669906372,True,0.0001857801387465851,0.2566237648616528,0.5539243303222461,1145.3554249247904,True,0.015862715486710255,0.03027001103289223,False,,10.0%
GGL,820,0.07560975609756097,5.0831426141422796e-05,0.10091747550620225,0.8467375256977416,1726.8598381788365,True,5.929351024932864e-05,0.16300420892652764,0.8113193716046108,1473.2855678506196,True,0.00010993013811577977,0.172356473931823,0.7357215025589361,1479.3590463156377,True,0.07143899842562074,0.06208673342032539,False,,5.0%
GGL,1031,0.049466537342386034,9.060058763053547e-05,0.15090258968146927,0.7627369061908338,2132.7498226577927,True,9.829901168860938e-05,0.2068168760562859,0.7352625973218558,1920.1452867097305,True,0.00010618156880293992,0.1756395364457115,0.7366334057194341,1918.9012106740784,True,0.024736946764242235,0.05591428637481663,False,,7.5%
GGL,544,0.02022058823529412,4.3784293272915745e-05,0.14432125380547672,0.8231368678864791,1145.9007149847885,True,3.8030092591617316e-05,0.16657038685255995,0.8204317966346257,1100.3959149962823,True,4.4603576636503405e-05,0.15283707189066986,0.818044824586597,1099.4644651056924,True,0.008515818085193139,0.02224913304708323,False,,10.0%
GHGL,813,0.03198031980319803,4.563640597359198e-05,0.1287861272691151,0.7351011713896972,2127.6892256559263,True,5.426889658212387e-05,0.1760246634846801,0.6885906927985939,2005.0402995789407,True,6.920214642736336e-05,0.17292951531352496,0.6369233060572825,2006.61580524102,True,0.04414338804440987,0.04723853621556501,False,,5.0%
GHGL,1030,0.009708737864077669,3.106219108646144e-05,0.13977809234347782,0.7755670207964697,2700.8134222616145,True,3.324136354930122e-05,0.15767332056522257,0.759180351868744,2653.3618484017397,True,3.6835429450468265e-05,0.1600383464068859,0.7429739179914576,2654.6992453394246,True,0.02026025406340809,0.017895228221744747,False,,7.5%
GHGL,544,0.011029411764705883,0.0001805447003933833,0.20216842951370695,0.5429831383399621,1234.952950628434,True,0.0001820127683770776,0.21473289521863875,0.5412041686418718,1205.8707175876418,True,0.00018741069424630687,0.2097624870980332,0.5339373303411851,1205.603293499426,True,0.0075940575843262415,0.012564465704931804,False,,10.0%
GHNI,819,0.14163614163614163,0.00012328232134770138,0.22529296048213557,0.636792884274841,1759.3625861764085,True,0.00013392608153489372,0.41521850373895386,0.584781496259335,1297.4988063013482,True,0.0001825593010582334,0.3192245141295703,0.5434155758790097,1300.6166346634598,True,0.09393155364743475,0.1899255432568183,False,,5.0%
GHNI,1034,0.05609284332688588,5.9058207634752005e-05,0.11263412081857205,0.8357893995589168,2089.711740303286,True,5.4459722191427335e-05,0.1454004104300899,0.8305399984097346,1849.9643118217427,True,7.013299153394535e-05,0.1284523377152631,0.8190400344707096,1850.8581445987866,True,0.01581821689669105,0.03276628961151784,False,,7.5%
GHNI,544,0.022058823529411766,1.3806015733506684e-05,0.05988143946907844,0.9257287587172148,1142.186319899589,True,1.3057441253436522e-05,0.06622633549870136,0.9240178713325105,1087.1555952983383,True,1.4487621998285578e-05,0.06214174564589605,0.9238120967696466,1087.3110004149564,True,0.0022603061768176128,0.006344896029622918,False,,10.0%
GLAXO,820,0.046341463414634146,6.766204976145155e-05,0.18873851204672343,0.6704011995633454,2018.1129402225429,True,7.843276332139215e-05,0.26366558128775086,0.6195218534464699,1844.8557224030296,True,7.553471546893026e-05,0.21265329690254076,0.648913836754972,1844.50241430971,True,0.023914784855817328,0.07492706924102743,False,,5.0%
GLAXO,1032,0.00872093023255814,3.548308635051634e-05,0.2728635600113112,0.6555927660365464,2789.9333207447817,True,3.459902305821839e-05,0.29873243607643596,0.6494487242637453,2745.7567774873733,True,3.612069789052251e-05,0.2832090378047069,0.6498659006385079,2744.225553799422,True,0.01034547779339573,0.02586887606512478,False,,7.5%
GLAXO,544,0.01838235294117647,3.194020191751673e-05,0.11015084982632259,0.8453913242670019,1261.3086176181669,True,3.441832437034846e-05,0.12806892171504103,0.8331335842271195,1214.3223360629327,True,3.331411597791705e-05,0.11538594125492459,0.8415714692235918,1214.1739222320273,True,0.005235091428601998,0.01791807188871844,False,,10.0%
GLPL,780,0.041025641025641026,7.83065148387221e-05,0.13552043661726126,0.7883085274279562,1614.8461350193309,True,9.599447565106183e-05,0.20317980050134404,0.7340759566586412,1487.1481963342567,True,0.00012100128972155167,0.19331109483957615,0.7046045427061377,1490.9534461000121,True,0.057790658222314883,0.06765936388408278,False,,7.5%
GLPL,440,0.06818181818181818,0.00035029039525659407,0.3038665882659928,0.3987454658613697,895.3993279672932,True,0.0003986040010637094,0.5276704928676508,0.3132753985033355,784.6013120509657,True,0.00046934714394857957,0.4705409968914875,0.2423390962693126,791.9828623980965,True,0.1666744086254947,0.223803904601658,False,,10.0%
GOC,521,0.04798464491362764,0.0005245055938397269,0.20421754770585893,0.4900092130627297,934.537274095102,True,0.000555632433852646,0.29433771977004863,0.4520487765450488,840.3064791029784,True,0.0005783234493118482,0.26246515424319145,0.44409768333318705,844.047728491837,True,0.05824760653733252,0.09012017206418971,False,,10.0%
GRR,542,0.0018450184501845018,5.254168448483232e-06,0.14886005454764895,0.8511399454521901,1487.945603105026,True,5.414438439135379e-06,0.15129473241876243,0.8487052675811564,1483.1407507113986,True,5.526332716315061e-06,0.1530386589247013,0.8469613410752477,1482.1690662988049,True,0.004178604377052364,0.002434677871113483,True,,10.0%
GRYL,518,0.10810810810810811,0.00024445159017760754,0.15558387242108274,0.8313890362984063,458.45096134745506,True,0.0004978809493197194,0.2509011812410836,0.7490988187589129,316.8079065297122,True,0.0004951923949070224,0.2373449722510122,0.7439325787985055,317.7478193665854,True,0.08176109982992946,0.09531730882000089,False,,5.0%
GRYL,486,0.026748971193415638,0.0002965396122005734,0.16106229481622147,0.7971013618920283,572.4615082041183,True,0.0001271470622476049,0.12759267908390912,0.8637513331379147,538.2787460613908,True,0.0003635040579296221,0.1862473917976259,0.7660582160755764,538.0985780445593,True,0.02518509698140442,-0.03346961573231236,False,,7.5%
GRYL,513,0.09746588693957114,0.0006692577264534568,0.22639899057115265,0.5202677465299621,814.4281763037745,True,0.0010039646819650688,0.5347789761765285,0.3136197352183414,649.7952494810494,True,0.001057286775553222,0.45130541207902863,0.29152924908534367,662.0494583435793,True,0.224906421507876,0.30837998560537583,False,,10.0%
GSKCH,687,0.10334788937409024,8.888980187003078e-05,0.15623778668417648,0.7282751612536589,1502.3050343546888,True,6.643472651025564e-05,0.26764069520593137,0.7217390144928508,1218.8763086089325,True,0.0001297360198169219,0.2533203368029584,0.6245076153313169,1228.4169864223984,True,0.09708255011878192,0.11140290852175488,False,,5.0%
GSKCH,698,0.012893982808022923,0.00017048056284855702,0.16622409491711054,0.3833287202944356,1769.8744641709604,True,0.00017668482965794665,0.18166302671071716,0.3684387842352388,1723.0449305815223,True,0.0001784004525784922,0.17616395441209753,0.3657394066363524,1723.043550640809,True,0.009939859494986991,0.015438931793606614,False,,7.5%
GSPM,538,0.024163568773234202,0.00028342539230162084,0.16500579019743553,0.7520121261710961,807.8739627644129,True,0.0002538436762662403,0.193723120627409,0.7523312628625622,762.1368805243413,True,0.00029065333857940945,0.1779024412810598,0.7441968731958792,760.52084387989,True,0.012896651083624283,0.028717330429973487,False,,10.0%
GTYR,816,0.1090686274509804,0.00011844964950032264,0.21279256213997177,0.6121751197046836,1855.6135282864907,True,0.00011532573695876102,0.3784867356418417,0.5807853853469,1488.1586572465003,True,0.00016435183263993088,0.34264398387310624,0.49374897763298364,1502.358240782745,True,0.12985142173313446,0.16569417350186993,False,,5.0%
GTYR,1032,0.02422480620155039,3.2309353130046985e-05,0.09630670947040218,0.8583514442381184,2338.8462335381755,True,2.8408037091337092e-05,0.0998270146749245,0.8676530440398414,2220.7713132122753,True,3.009077700407604e-05,0.09038837077233396,0.869535566886545,2220.283509971528,True,-0.0059183386980682234,0.003520305204522317,False,,7.5%
GTYR,544,0.009191176470588236,0.00015364864087895908,0.16303364482279514,0.6373150639678813,1206.0422969952406,True,0.0001531110474513004,0.1773702456153981,0.6337891931753539,1183.3446916329508,True,0.0001523503604265867,0.16984074090298668,0.6382958508886191,1182.877070730645,True,0.0068070960801915326,0.01433660079260296,False,,10.0%
GUSM,515,0.09320388349514563,0.0004585137639830213,0.1918612139781213,0.6494881099907563,786.0216703956615,True,0.00040381390543395767,0.3378291768990471,0.6253646932710801,627.6344464210038,True,0.0006040018752524627,0.28482550508843796,0.5577454003778477,630.9653081957412,True,0.09296429111031665,0.14596796292092581,False,,10.0%
GVGL,698,0.11891117478510028,6.943083157733606e-05,0.13849704838626764,0.7799886528418862,1503.5002327857335,True,0.00010100167959273592,0.3132948027766113,0.6724237355110098,1165.959016406015,True,0.0002271329528356751,0.2829799690561309,0.5163834171058439,1163.6033575853753,True,0.14448292066986324,0.17479775439034367,False,,5.0%
GVGL,994,0.02112676056338028,7.866153418761528e-05,0.19056012487206037,0.6860317061912293,2327.4989029443173,True,8.040356452115065e-05,0.23180758131210175,0.6651208046020823,2235.4322399208827,True,8.647641876227349e-05,0.21066345187041136,0.6617555335983453,2233.9907225448374,True,0.02010332699835099,0.04124745644004138,False,,7.5%
GVGL,544,0.009191176470588236,0.00030891684453163,0.2280435606425112,0.28500539919338214,1254.1927425337406,True,0.0003159194385992392,0.24449050655515364,0.2745360169587189,1229.7235262587442,True,0.00032130167361730865,0.23642460364521278,0.26904159076964074,1229.5809964370358,True,0.008381043002701594,0.016446945912642452,False,,10.0%
GWLC,819,0.05982905982905983,4.774356370431117e-05,0.13935746261010162,0.8032362923155032,1810.570894196912,True,7.291106496972206e-05,0.2374937570480847,0.7199567959924233,1602.2186170869418,True,9.603910005970284e-05,0.20574033219148852,0.6943338999469062,1597.6707832603727,True,0.0663828695813869,0.09813629443798308,False,,5.0%
GWLC,1010,0.03564356435643564,0.0003150281665270359,0.15524246553265603,0.49072788180099924,2130.4372482146387,True,0.0003726867028809348,0.2112557588223412,0.41808139299720215,1972.4715637755035,True,0.00038690701815604495,0.19317617721516128,0.4077100719962685,1973.759459659312,True,0.037933711682505256,0.056013293289685184,False,,7.5%
GWLC,544,0.034926470588235295,0.00017449532251149244,0.2098561419141471,0.6538980990829164,1087.6487320842416,True,0.0002247872027013262,0.3070038078305072,0.5664275147196274,1010.8004331182815,True,0.0002207637786070842,0.26998050489300185,0.5820942011648532,1010.2211345350859,True,0.06012436297885476,0.0971476659163601,False,,10.0%
HABSM,713,0.05329593267882188,0.0002042952175586729,0.1772030492302191,0.42479452976620025,1702.6483026835558,True,0.0002509114167528248,0.27433554922049197,0.32371781742245065,1530.4068821640935,True,0.0002708348412497519,0.23443386091718854,0.2997909929362961,1530.914719279812,True,0.057230811686969446,0.09713249999027287,False,,5.0%
HABSM,927,0.010787486515641856,2.0208437502914898e-05,0.15400063346436854,0.7962679803203779,2444.8327172714726,True,2.067726592851371e-05,0.17532743743089602,0.7832525527415154,2400.796226512931,True,2.1163023481175412e-05,0.16828885465516297,0.7833998086816623,2401.421352271569,True,0.014288221190794426,0.021326803966527474,False,,7.5%
HABSM,542,0.0,0.00011064852499083753,0.24150891371082406,0.39758937540291545,1458.7241817018034,True,0.00011064852499083753,0.24150891371082406,0.39758937540291545,1458.7241817018034,True,0.00011224513660194104,0.24420585353279378,0.38905079910904194,1458.7160156843065,True,0.002696939821969724,0.0,False,,10.0%
HAEL,530,0.08490566037735849,0.00016133398442331453,0.1676600685842237,0.8034678266386596,736.1774470986763,True,0.00020717552899617042,0.22997338830115333,0.770026611698807,586.3359021026519,True,0.0002254455209701144,0.20697734845756494,0.7652101552422238,585.2421685799554,True,0.03931727987334124,0.06231331971692963,False,,5.0%
HAEL,608,0.08881578947368421,0.0011736288649098394,0.1990590730015782,0.4903541592698958,841.6517977252875,True,0.001087607778417939,0.33071760130823047,0.49379442051080435,663.2749530918295,True,0.001972683307364456,0.37118747146062725,0.23224573874069815,670.0189635705875,True,0.17212839845904904,0.13165852830665226,False,,7.5%
HAEL,541,0.09426987060998152,0.0002247021631749125,0.15565069544635438,0.7400674646434053,918.7267071148516,True,0.00023288411074072084,0.27876414834277996,0.6974285626543879,737.8994021646524,True,0.0003447826963289073,0.2425515473694011,0.640999805932579,742.7721325302954,True,0.08690085192304672,0.12311345289642558,False,,10.0%
HAL,520,0.18846153846153846,3.497286693168536e-05,0.1408807408997111,0.8273802578179099,1080.397732844834,True,0.00012691758997513254,0.3603475090743247,0.6396524909256684,705.8686430336633,True,0.0001370428972254325,0.33121108498757607,0.6006928420210637,713.4214642182203,True,0.19033034408786498,0.21946676817461364,False,,5.0%
HALEON,544,0.011029411764705883,9.625915548626343e-06,0.0696305075653372,0.9129453422967448,1327.604015872874,True,9.90801607212736e-06,0.07555261152758667,0.9094270191805256,1297.444722524092,True,1.017448333559495e-05,0.07305087827730587,0.9097704218967217,1297.657793846136,True,0.0034203707119686705,0.0059221039622494726,False,,10.0%
HASCOL,818,0.14058679706601468,4.7554658252916305e-05,0.20587078027356673,0.7197281419644125,1922.7921339608315,True,4.8351863135546216e-05,0.3042697822350329,0.6957302177649031,1474.7211905436789,True,5.739487058218216e-05,0.2990225538057253,0.6565252918508471,1505.4145277753487,True,0.09315177353215856,0.0983990019614662,False,,5.0%
HASCOL,1034,0.029013539651837523,0.00045724321093180726,0.32860404414660693,0.38976676417301426,1984.599284605128,True,0.0004556135287096309,0.4569789663039554,0.353947351596185,1868.6835385651461,True,0.000500419847632052,0.4035977287455333,0.33435212355341243,1867.0550755043403,True,0.07499368459892636,0.12837492215734847,False,,7.5%
HASCOL,544,0.04411764705882353,0.0001303427583099254,0.21363707953970662,0.6962211217695713,1074.2586294827088,True,0.0001266099817612037,0.29481001967326026,0.670775734179412,984.9525150563535,True,0.000155824322009171,0.2620883315633029,0.6495292922975782,983.8776917626357,True,0.04845125202359629,0.08117294013355364,False,,10.0%
HBL,821,0.028014616321559074,0.00010574762456952544,0.21547189409947853,0.501851136460375,2106.5249068971875,True,0.0001057357948815548,0.2878312657501112,0.4745328968835997,2003.4935132405578,True,0.00012337864815771608,0.2818094139943895,0.42131019200973574,2006.6074124336483,True,0.06633751989491099,0.07235937165063266,False,,5.0%
HBL,1034,0.007736943907156673,0.0001490973710394838,0.3600163353114023,0.1415412229261374,2809.819606959785,True,0.00015126988269830355,0.39197325051226994,0.12773978677115083,2771.011837501021,True,0.00015259237664678966,0.3831683922289921,0.12521242997550858,2771.043736874617,True,0.023152056917589814,0.03195691520086763,False,,7.5%
HBL,544,0.011029411764705883,2.6332294668070947e-05,0.12896270458524015,0.832759543336759,1301.990400892731,True,2.5437287556673494e-05,0.14324269325490313,0.8274687667777827,1274.5665103899362,True,2.6575242956762336e-05,0.13478750795032873,0.829082101154955,1273.3647509137643,True,0.005824803365088588,0.014279988669662985,False,,10.0%
HCAR,819,0.12454212454212454,4.705246447352156e-05,0.1620355165304328,0.7703113635428737,1870.054593756412,True,4.886521840282469e-05,0.2546208320232256,0.7453791679752142,1458.0474493198892,True,5.920614598880498e-05,0.21844309127765238,0.7247619381750585,1468.5651308016527,True,0.05640757474721958,0.09258531549279281,False,,5.0%
HCAR,1034,0.031914893617021274,7.119268758481908e-05,0.12820190159682537,0.7804813253563365,2275.5283658661047,True,7.234508398295778e-05,0.16243058612381034,0.7645346031387088,2133.6248123356318,True,7.975197496212498e-05,0.15107714403436207,0.7564375817808906,2136.1431766904166,True,0.02287524243753669,0.034228684526984965,False,,7.5%
HCAR,544,0.01838235294117647,4.8219108217944565e-06,0.10058151653931474,0.899418483460623,1262.7734583368845,True,5.133444893947159e-06,0.10185711918249964,0.898142880815942,1219.8311697343156,True,5.023279002968748e-06,0.10307536708503981,0.8969246329084197,1218.8096617701578,True,0.002493850545725068,0.001275602643184895,True,,10.0%
HICL,535,0.014953271028037384,7.009933850600043e-05,0.2145352855941225,0.7025465782846405,1204.8063739421257,True,8.781111436787681e-05,0.25819030037691937,0.650745144285638,1170.3201168091705,True,9.024071961404856e-05,0.2449989703638274,0.6516150642804699,1169.8745670872308,True,0.030463684769704902,0.043655014782796875,False,,5.0%
HICL,667,0.0029985007496251873,0.0007541798758364896,0.1705195527277753,0.42574409382252326,1162.0534406757886,True,0.0009117371229856976,0.18643649540064933,0.3295018190389457,1154.03184594947,True,0.0009568491999294708,0.18692743760190683,0.3036838311634551,1154.2986256129839,True,0.01640788487413153,0.015916942672874024,False,,7.5%
HICL,524,0.03244274809160305,0.00014025913623303592,0.19855665073765127,0.6809307794206294,1083.6451926228428,True,0.00016136465071051138,0.26642532716442463,0.6343293322882214,1015.778472228874,True,0.00020231438014590766,0.256395151497142,0.5858925943494788,1017.3391501474005,True,0.05783850075949071,0.06786867642677336,False,,10.0%
HINO,734,0.08310626702997276,8.607211723707885e-05,0.15591809157123881,0.7102366326027396,1677.91096802669,True,0.0001170672604508995,0.2635246677804764,0.6291872414936452,1418.0374773187737,True,0.00016357040385616323,0.25530295544653125,0.5418405520578717,1424.7979857455507,True,0.09938486387529244,0.10760657620923758,False,,5.0%
HINO,862,0.04524361948955916,8.507009704663407e-05,0.13413750780805792,0.7762916163735425,1812.9694259873922,True,9.582432558687947e-05,0.1994248220575266,0.7332936001318445,1654.3138908991434,True,0.00018756792741685276,0.20963047905757476,0.6151763175277711,1657.5687734185778,True,0.07549297124951684,0.06528731424946868,False,,7.5%
HINO,544,0.022058823529411766,2.9293348469789793e-05,0.1257501259678756,0.8396024151233787,1230.4155923533956,True,2.695697276313944e-05,0.1416792007399109,0.8380909332174387,1177.750693344671,True,2.9665264729535983e-05,0.13282312270697155,0.8361531084061261,1177.2132067422865,True,0.007072996739095949,0.015929074772035284,False,,10.0%
HINOON,812,0.04433497536945813,7.066877344731267e-05,0.24025865690917414,0.6056708083826865,2039.5434335204832,True,6.482470179519729e-05,0.3138616202526995,0.6010866458923344,1878.885249591033,True,6.852561229675133e-05,0.28540795283786224,0.5945368875897397,1882.2601946195396,True,0.045149295928688105,0.07360296334352534,False,,5.0%
HINOON,1024,0.005859375,2.4561167836061686e-05,0.17015105456219673,0.7520794771613653,2838.9688142973937,True,2.4195554626636035e-05,0.17358600919800676,0.7540288609858792,2805.8958875689646,True,2.465579498376845e-05,0.17431658080848478,0.7498203259672285,2806.632425354669,True,0.004165526246288048,0.0034349546358100336,False,,7.5%
HINOON,544,0.0055147058823529415,1.536427872456605e-05,0.1154209123138513,0.8468872608641566,1446.5293321336674,True,1.4323301865010586e-05,0.118838223113998,0.849728337319785,1431.5388969290038,True,1.4791699036045152e-05,0.11672409026808331,0.8487381921454945,1431.1444193796272,True,0.0013031779542320016,0.0034173108001466918,False,,10.0%
HIRAT,815,0.014723926380368098,2.871517461152029e-05,0.10241619068054202,0.8876269826178858,1526.2065767387608,True,3.0677237827088255e-05,0.11035376771823288,0.8826940046598701,1473.9369084260045,True,3.143188514750967e-05,0.10301760998869683,0.8856443254872455,1471.0770992977386,True,0.000601419308154813,0.007937577037690866,False,,5.0%
HIRAT,976,0.0020491803278688526,0.0002368960191865143,0.17852169733095063,0.7616459243466165,1540.834531570544,True,0.0002375640029033843,0.18325736333625653,0.7591154903853117,1532.3281439042241,True,0.00023722513124225977,0.1807915045936373,0.7605626949589939,1531.9697655215957,True,0.0022698072626866628,0.004735666005305894,False,,7.5%
HIRAT,544,0.02389705882352941,0.00013237115500291968,0.27643341532881305,0.7191254675406824,933.6103190115996,True,0.00013989448412946894,0.29140239144882363,0.7085976085511632,894.0147352503301,True,0.00018546255719327758,0.2997185833749497,0.6713288818792216,888.6120570303257,True,0.023285168046136673,0.01496897612001058,False,,10.0%
HMB,800,0.01,0.0001524877945179486,0.2926920314280289,0.1874539424473166,2159.9101968030786,True,0.00016172436793296732,0.3269216970373477,0.14713400139275956,2119.8263320888705,True,0.00016059256841551348,0.3064447657873019,0.16011102388491028,2119.100422952762,True,0.013752734359272989,0.03422966560931878,False,,5.0%
HMB,1013,0.0029615004935834156,3.8588672652096136e-05,0.11376105027594326,0.7668287052840985,2663.4872968456275,True,3.89567583919518e-05,0.11563075901378704,0.7650956766573946,2646.8372078018806,True,3.917612807679226e-05,0.1139017340175921,0.7651696022374689,2646.8986149260313,True,0.00014068374164884212,0.0018697087378437838,False,,7.5%
HMB,544,0.001838235294117647,1.74306898916908e-05,0.10197740810904962,0.8570767910260413,1398.8965445535173,True,1.743829763439458e-05,0.1038941636826336,0.8560770382132356,1393.9283322256113,True,1.748364798678784e-05,0.10335673524407687,0.8560628991732249,1393.7317447236455,True,0.001379327135027253,0.001916755573583978,False,,10.0%
HPL,704,0.13636363636363635,0.0002031978627031332,0.25570273711149216,0.5183746773979195,1495.9168603032458,True,0.0002230129482859835,0.5175778783149252,0.4477308723052349,1117.4748629111048,True,0.0003965631523546514,0.4269979829437437,0.26864769254144255,1118.9161064648083,True,0.17129524583225153,0.261875141203433,False,,5.0%
HPL,742,0.06064690026954178,0.00021394457086843692,0.2551114235278563,0.5638908526902943,1504.1660821323146,True,0.00030640923251832415,0.4457279049979729,0.4100944318368033,1331.319125428645,True,0.00043349230398668224,0.4276173545900274,0.2803705278114834,1333.7765778858345,True,0.1725059310621711,0.19061648147011656,False,,7.5%
HPL,533,0.00375234521575985,1.2193364393204037e-05,0.16990948954248292,0.8300905104567426,1310.9009412922758,True,1.4062059004676096e-05,0.18170077723308814,0.8182992226753081,1303.481769347675,True,1.6734953879311096e-05,0.1836907688591003,0.808640423196048,1302.8464352992576,True,0.013781279316617379,0.011791287690605223,True,,10.0%
HRPL,618,0.021035598705501618,2.321566465426105e-05,0.0723923085331655,0.9035270923958347,1291.2077858589269,True,2.1127430400525322e-05,0.07808951662069787,0.9046283389092815,1235.3475840283654,True,2.448794864409522e-05,0.07902532622614732,0.8968916915766193,1235.9832528369022,True,0.006633017692981816,0.0056972080875323655,False,,7.5%
HRPL,518,0.005791505791505791,0.0003232031389388476,0.16967380720163436,0.3714020776474307,1158.3395082039717,True,0.0003220530840685388,0.17807623269659426,0.37398698666066565,1143.8286368327133,True,0.00032532640006178846,0.17533161458668672,0.37000903195383905,1144.0403367016488,True,0.005657807385052366,0.008402425494959898,False,,10.0%
HSM,770,0.16623376623376623,9.330579200868809e-05,0.1523442906842211,0.7541622376497767,1594.8620423246084,True,0.0001378686185060165,0.352953867488775,0.6470461325111938,1101.2086919511512,True,0.0001803729283868458,0.29528686012519123,0.5975661814805825,1112.087048260502,True,0.14294256944097014,0.2006095768045539,False,,5.0%
HSM,497,0.03621730382293763,0.00022641688468119837,0.11773588154266011,0.6302337142999781,1044.0072467873495,True,0.00029317235275484185,0.1597733534646798,0.5499495792807166,964.2449771291699,True,0.00036254548594099006,0.1518292976783122,0.47489862591835724,965.1755700884781,True,0.034093416135652074,0.04203747192201969,False,,7.5%
HSPI,647,0.241112828438949,0.0003075794275438643,0.15697653104688358,0.6157361464529993,1225.3916805265194,True,0.0006028222774827501,0.6560370256382497,0.3439629743616267,657.0729247634129,True,0.0007497178895628722,0.5000251836420488,0.247384135132384,670.2991742417083,True,0.34304865259516526,0.49906049459136614,False,,5.0%
HTL,821,0.09013398294762484,9.846206503062754e-05,0.18710556687012828,0.6521209102691503,1903.5592856140333,True,0.0001154277038343822,0.3385394284976687,0.5780842266613067,1594.624922623445,True,0.00013392500704734975,0.284376957198291,0.5533794905689844,1604.1881886527874,True,0.0972713903281627,0.15143386162754044,False,,5.0%
HTL,1033,0.041626331074540175,0.00010850492561163633,0.14145787323224374,0.7330370175134371,2217.323143501666,True,0.0001141174031110771,0.19200876443008408,0.7079778485816526,2033.212747321045,True,0.00013110055068648132,0.17348695836831457,0.6913026423464076,2033.8857969678108,True,0.032029085136070834,0.05055089119784034,False,,7.5%
HTL,544,0.025735294117647058,0.00012596359577872089,0.16774399035230916,0.7109069164762922,1136.7537848332922,True,0.00012435692142838634,0.20879284302753498,0.697207667272391,1078.5192221453278,True,0.00012569511590563036,0.18642328163073335,0.7047159785024049,1077.9523937994888,True,0.018679291278424187,0.041048852675225816,False,,10.0%
HUBC,821,0.013398294762484775,2.8236466616100778e-05,0.10137144629201314,0.8001160117803907,2211.76551287626,True,2.7202948858600708e-05,0.1123570135346163,0.7996281774254408,2157.4689068157504,True,2.866364498544934e-05,0.1097842128464317,0.7943232466130288,2158.4857583317744,True,0.008412766554418555,0.010985567242603161,False,,5.0%
HUBC,1032,0.01065891472868217,8.961943052599786e-05,0.18369038437878765,0.5617893659930839,2688.613230445696,True,8.473486228134932e-05,0.19233853880436483,0.5790921552896386,2631.862085296208,True,8.322786216812805e-05,0.18023240841031662,0.5898912552249255,2632.465116485962,True,-0.0034579759684710276,0.008648154425577176,False,,7.5%
HUBC,544,0.003676470588235294,0.00010234888731203775,0.23025374285420952,0.5829234670851102,1319.4411068464854,True,0.00010282521680697007,0.2358384532202054,0.5807976416576548,1309.6884878213798,True,0.00010729749834403825,0.23755822494303902,0.568805417270271,1309.1363580616212,True,0.0073044820888295,0.005584710365995893,False,,10.0%
HUMNL,817,0.0024479804161566705,9.495405458492424e-05,0.2103209088092206,0.690290680649575,1799.5807584635959,True,9.759111468874663e-05,0.2099250165934231,0.687998835153358,1789.015695162924,True,9.862534177939203e-05,0.2104044629114389,0.6858237928251996,1788.6686825469626,True,8.355410221830284e-05,-0.0003958922157974998,False,,5.0%
HUMNL,1034,0.024177949709864602,5.0832486642631754e-05,0.16328448341475227,0.8081552516779091,2096.9941428641023,True,4.3598438866236346e-05,0.18400428890411236,0.8096150765649004,2005.3374002021226,True,5.435077583402308e-05,0.1759384942569363,0.797497809262529,2005.8210310625639,True,0.012654010842184038,0.020719805489360088,False,,7.5%
HUMNL,544,0.02022058823529412,6.74058052416802e-05,0.12757571270256998,0.7868049504773964,1212.0450030627876,True,7.038651063632223e-05,0.14644267498434566,0.7765648288277489,1160.1666163406599,True,6.818261305365812e-05,0.13158911954203878,0.7874040499659314,1160.0886296245064,True,0.004013406839468797,0.018866962281775673,False,,10.0%
HUSI,454,0.07048458149779736,0.0005146736772239794,0.20631941101160206,0.5914157183052888,732.6651861439115,True,0.0005974833964214966,0.3319196597146957,0.52543392515055,621.3912378734658,True,0.0007110614329163877,0.294616055843313,0.4795243607479815,624.8875217249579,True,0.08829664483171096,0.12560024870309366,False,,10.0%
HWQS,790,0.05569620253164557,0.0004990254532507419,0.16258237010404347,0.6590534331340359,1243.1942305142143,True,0.0006191050377966707,0.2242041059664009,0.6040441900778426,1086.6926488561849,True,0.0007069212088475907,0.20895147401424463,0.569134256059997,1088.095892739446,True,0.04636910391020116,0.06162173586235742,False,,5.0%
HWQS,540,0.06666666666666667,0.00021069599381210802,0.1662662517974699,0.7121153377434686,971.0250316731676,True,0.0002172588733686716,0.25350023913749964,0.6795385925531492,839.9775036647444,True,0.0003249116124044158,0.23973189911091722,0.6083403525853581,845.9222332899467,True,0.07346564731344732,0.08723398734002974,False,,10.0%
IBFL,508,0.10236220472440945,2.645685108120987e-13,0.13847979961154083,0.8615202002041676,1179.6859468817647,True,1.4177253149071072e-17,0.12160871941265855,0.878067035423646,966.7687275748885,True,1.4531185698844842e-12,0.13831185544899183,0.8616881442855823,969.9589048881633,True,-0.00016794416254900524,-0.016871080198882282,True,,5.0%
IBFL,499,0.03807615230460922,0.00014898726291076656,0.25145285764256886,0.6045345476099047,1063.6601113662857,True,0.0001497428541689637,0.2999024137953782,0.5985218075275747,981.8204085480694,True,0.00015156719841002584,0.26890679327130795,0.6045124698537578,982.5255650164131,True,0.017453935628739092,0.048449556152809325,False,,7.5%
IBFL,529,0.013232514177693762,1.124439263448315e-05,0.11894987242768867,0.8810501275702805,1249.1960550099047,True,1.3258308835833315e-05,0.12880710946206214,0.8711928905379152,1219.5003906873344,True,1.202822627779167e-05,0.1231669206683921,0.8768330793314053,1218.8615157176669,True,0.00421704824070343,0.009857237034373467,True,,10.0%
IBLHL,800,0.1025,4.674842522609821e-05,0.23176632997697372,0.701433769697368,1878.500926798547,True,4.8433241514707215e-05,0.33473064460578694,0.6652693553873972,1548.9900839706936,True,5.4578316997918154e-05,0.3012521980139552,0.6510619362491822,1556.972427462941,True,0.06948586803698148,0.10296431462881322,False,,5.0%
IBLHL,1015,0.024630541871921183,0.00014133694194977495,0.15622244773021113,0.6264083891982521,2317.1592935085837,True,0.0001558992146058403,0.19191843908667217,0.5935867106308441,2201.917414610297,True,0.00016730845712059107,0.1756969360992886,0.5816959093531763,2202.547459590963,True,0.019474488369077475,0.03569599135646104,False,,7.5%
IBLHL,544,0.051470588235294115,6.315350315665021e-05,0.1419419734539043,0.8119441162025928,1104.0923206405175,True,6.223838718273246e-05,0.19168725315766744,0.7968976607717657,991.2592644821872,True,7.363806767954424e-05,0.16902226174789203,0.7891460071846168,993.07098042885,True,0.02708028829398773,0.049745279703763134,False,,10.0%
ICCI,544,0.0900735294117647,0.0007286867880279134,0.2963591930339663,0.39695038010830075,900.3799649035204,True,0.0009108588355566795,0.5914769575972167,0.25444601590167987,733.3396250822584,True,0.001095938065595324,0.4943597126228729,0.185114755663099,739.222461322076,True,0.19800051958890663,0.29511776456325045,False,,10.0%
ICI,804,0.02736318407960199,2.2431347843371175e-05,0.1186339199620306,0.8184047770572502,2098.149617490919,True,1.8977491476400143e-05,0.13220501435017007,0.8267320626201133,1993.1942467142323,True,1.89486590530618e-05,0.11325365697842543,0.8369864965841688,1992.1357848568284,True,-0.005380262983605166,0.01357109438813947,False,,5.0%
ICI,685,0.00291970802919708,2.8383456053370136e-05,0.1299676142359809,0.7589872062805956,1885.6961330400873,True,2.8198253538934086e-05,0.13454694686428054,0.757516232706062,1876.5874319620834,True,2.8312202833264913e-05,0.13241524983637942,0.7579784775358007,1876.3512316075823,True,0.0024476356003985122,0.004579332628299626,False,,7.5%
ICIBL,819,0.003663003663003663,0.0012106459765376036,0.24038987378653343,0.4425992900991381,1189.4778825714811,True,0.0012226156633896807,0.2506302543567378,0.4365051593907104,1176.5475850549037,True,0.0012360045208554015,0.249319446473038,0.432458618442502,1176.4976360011472,True,0.008929572686504572,0.010240380570204377,False,,5.0%
ICIBL,1032,0.0029069767441860465,0.0003793721635578988,0.3106927115398497,0.6106199637673844,1682.7278585529107,True,0.00037687907435925394,0.32002976410263684,0.6084506151036857,1671.4284165879885,True,0.00039235354773078723,0.31934276741618156,0.6008387008506089,1670.6540401969298,True,0.008650055876331886,0.009337052562787163,False,,7.5%
ICIBL,543,0.03314917127071823,0.00011649069377440402,0.18636727742553946,0.8118437830731013,886.8492813810354,True,0.00011878476974168866,0.18411617505483852,0.8158838249451279,833.0298395827165,True,0.00014420066204732078,0.19010708146508776,0.7955556710959895,829.3836067345167,True,0.0037398040395482945,-0.002251102370700947,False,,10.0%
ICL,816,0.06862745098039216,0.00019587802526950602,0.16857652724237182,0.4986526198155381,1889.5613823587573,True,0.000241759064053075,0.25830577438621233,0.42087221944866987,1638.9915765433987,True,0.00024527962604244764,0.21843079836237272,0.4246484143066646,1640.9808584000791,True,0.049854271120000904,0.08972924714384051,False,,5.0%
ICL,1001,0.013986013986013986,5.7458024796617645e-05,0.09279258109949337,0.8085462228662066,2333.872816346634,True,5.7184746742651275e-05,0.10218080126176833,0.8058694756793392,2266.649114827316,True,5.788084068855724e-05,0.09495543506234941,0.8085054540412931,2266.3465788526773,True,0.0021628539628560373,0.00938822016227496,False,,7.5%
ICL,544,0.02389705882352941,2.9347146896365215e-05,0.18244632909328162,0.7998751200189291,1244.1432320159304,True,2.8833812379904358e-05,0.20869840883139723,0.7913015911658425,1185.1002596295205,True,3.069797978923562e-05,0.19593676960415968,0.7918996256994162,1183.3037227711443,True,0.013490440510878055,0.026252079738115608,False,,10.0%
IDEAL,453,0.1346578366445916,0.0009811910174191512,0.2408078666023512,0.4409120340759147,681.9245976092806,True,0.0023295746814814937,0.6539588564804348,4.226360425181999e-12,477.41211144481827,True,0.0022595016024768017,0.4980917540289619,0.023470258030279308,487.45412624708257,True,0.2572838874266107,0.41315098987808363,False,,10.0%
IDRT,487,0.08624229979466119,0.000490270719484922,0.22676192692601205,0.5608892752686327,808.1920788806885,True,0.000562886901313138,0.3714179991149833,0.5025543702417721,657.9757529488301,True,0.0006905735121644003,0.31848747351599915,0.44840790196902985,660.3455505709578,True,0.0917255465899871,0.14465607218897125,False,,10.0%
IDSM,406,0.1354679802955665,0.000967295395050239,0.2423804612812387,0.4405372248875462,613.7077423836204,True,0.0022761810403392133,0.6798050723774749,3.862857764207598e-13,429.69580940155396,True,0.002207211246031267,0.515733008173221,0.024642502070204332,438.1669154043027,True,0.2733525468919823,0.4374246110962362,False,,10.0%
IDYM,954,0.04716981132075472,3.182863183756333e-05,0.1188219081853325,0.8438189227505695,2075.6217197000315,True,3.738185439859354e-05,0.17205290809319262,0.8095780126522014,1897.289495073272,True,0.00010652326773710737,0.2660804374247531,0.6368868103726912,1901.417639592973,True,0.14725852923942062,0.05323099990786012,False,,7.5%
IDYM,544,0.027573529411764705,9.224511936464991e-05,0.18996042488929957,0.717508064224007,1183.5289529296135,True,9.745053722778592e-05,0.23577291289846714,0.6952143058974174,1119.4283860888586,True,9.454710385748422e-05,0.20574884564409648,0.7107365603493017,1118.1783635960348,True,0.015788420754796917,0.04581248800916757,False,,10.0%
IGIHL,755,0.0423841059602649,3.922803476106497e-05,0.1515755847698913,0.7670021993537008,1865.3856945478483,True,3.349566255087547e-05,0.17152789452594636,0.7822053684291165,1719.8750385542294,True,3.540797706650657e-05,0.14961053876661815,0.7851787330680184,1720.0494192207611,True,-0.0019650460032731576,0.019952309756055053,False,,5.0%
IGIHL,981,0.013251783893985729,7.404641794038182e-05,0.1125039915136988,0.7523794132345727,2322.837452538244,True,7.319630019420627e-05,0.12103442517141236,0.7530379654665191,2260.386911206813,True,7.411516129843945e-05,0.11694410808920083,0.7526184906299198,2261.192961506089,True,0.004440116575502029,0.008530433657713554,False,,7.5%
IGIHL,544,0.03308823529411765,7.65987702666041e-05,0.17571779173094193,0.7535050280860351,1158.1880417929638,True,7.196207669534536e-05,0.2218705751814219,0.7431175709188029,1085.173179203173,True,7.728224057198949e-05,0.20031422594252601,0.7412761237160392,1084.4174698708123,True,0.024596434211584084,0.04615278345047996,False,,10.0%
IGIL,519,0.1676300578034682,6.008091547665048e-05,0.10748856011611421,0.8341089882930077,1065.0896712813346,True,0.00010554187362388817,0.25232511601988217,0.74767488398008,721.4037341784506,True,0.0001503225364466653,0.20708025600329086,0.6985109881638922,727.1843193323647,True,0.09959169588717665,0.14483655590376796,False,,5.0%
IGIL,697,0.07317073170731707,0.0008629008185172163,0.22069763969701822,0.28780793288260226,1233.1075360291698,True,0.0008001879832600356,0.32924995475877755,0.33015755452382545,1041.1372346814003,True,0.0007768516964498342,0.27181501687021264,0.35707800196726275,1043.6972495955383,True,0.05111737717319442,0.10855231506175933,False,,7.5%
IGIL,510,0.023529411764705882,3.926969519571715e-05,0.05864894854795634,0.9140442810912828,955.7379190762647,True,3.818468021034791e-05,0.06806582439717614,0.9102722455824055,907.2479378914276,True,4.244412381320046e-05,0.0641123746373443,0.9082290694709572,907.5421796260403,True,0.005463426089387963,0.009416875849219797,False,,10.0%
ILP,1033,0.016456921587608905,6.239432821100996e-05,0.2001627003437529,0.6711841316791725,2568.9569329658707,True,6.790938340502019e-05,0.2483523605758564,0.634025759449997,2491.6081282138102,True,7.026377410972935e-05,0.22982489881920426,0.635646756066478,2492.0921966456594,True,0.029662198475451373,0.048189660232103526,False,,7.5%
ILP,544,0.009191176470588236,0.00021061464408705875,0.4379361842372067,0.28894470222662005,1282.462902425197,True,0.00017846118389946926,0.43399440626985064,0.3612431522114,1260.7332192913227,True,0.00020613075296021112,0.4451771276505352,0.3004296984331617,1259.2394510561653,True,0.007240943413328482,-0.003941777967356064,False,,10.0%
IMAGE,768,0.053385416666666664,0.00031022834166739366,0.20989217185313191,0.4780442465256112,1595.9020169097953,True,0.0003375747096368957,0.30684331886528915,0.43651221030378756,1419.757319312394,True,0.00035192907751132387,0.2582547423368885,0.43581308630723437,1419.6540207136388,True,0.048362570483756584,0.09695114701215723,False,,7.5%
IMAGE,544,0.01838235294117647,0.00018779073420865044,0.16127855156779852,0.6345876024337453,1159.9146423381974,True,0.00020550082001318147,0.18345048417507073,0.6101778791351835,1113.467218375579,True,0.00022483495585538316,0.18140608638381964,0.5854122225147893,1113.2595974999572,True,0.020127534816021114,0.02217193260727221,False,,10.0%
IML,524,0.12022900763358779,2.9322383552548837e-05,0.03594251648071599,0.9503704335138741,896.0629191040741,True,2.945420053665747e-05,0.05300868742445257,0.9469913125753926,659.7952265559268,True,4.415646769875842e-06,0.01817466235979954,0.98182533763742,659.5703415749292,True,-0.01776785412091645,0.01706617094373658,True,,7.5%
IML,509,0.03536345776031434,0.0006788476397565146,0.14248457476951404,0.4926492344031771,882.7009891046678,True,0.0007399786991561358,0.1899554156102336,0.4558059814589823,811.8624061020736,True,0.0007961432853228764,0.17410126433086606,0.4306542787596353,812.1279107832422,True,0.031616689561352024,0.047470840840719564,False,,10.0%
IMS,444,0.31756756756756754,5.0967181239664066e-05,0.13448052275786368,0.8395825256284428,767.2301570090455,True,0.0003321218865293479,0.27923705188535286,0.7207629481146439,287.2133804644463,True,0.00018998274603883075,0.2619629568601781,0.6949595123934034,301.0786435211999,True,0.12748243410231444,0.14475652912748918,False,,5.0%
IMS,689,0.0783744557329463,0.00020862434541189657,0.13251239411914906,0.7358105015130534,1261.888097224768,True,0.0002565210741330103,0.23272123521820134,0.6684391688027939,1051.913536840286,True,0.00037226302505646174,0.20055705609580038,0.6044784448307954,1053.2994272382562,True,0.06804466197665132,0.10020884109905229,False,,7.5%
IMS,542,0.08487084870848709,0.0004910165924171548,0.22099280743341682,0.5433246590914269,929.717757446796,True,0.0005330393638494691,0.3629620064842808,0.5015051421338481,757.8504138949554,True,0.0006318868595147728,0.3072599696655568,0.4591665053367553,758.9043103395319,True,0.08626716223213998,0.14196919905086397,False,,10.0%
IMSL,713,0.21739130434782608,2.588956350571843e-05,0.07510733846858487,0.9080288842302047,1331.6287048445802,True,0.0008136401665889224,0.7661440363150378,0.2167748192574479,766.1350344241188,True,0.0010190649076385863,0.560353571823123,0.10772631856954387,778.8785620519852,True,0.4852462333545381,0.6910366978464529,False,,5.0%
INDU,820,0.024390243902439025,9.586644831990367e-05,0.1551962225129122,0.5294831317522232,2174.8466002947853,True,9.758478014529722e-05,0.18091888717362473,0.5245702517148606,2075.5209082810766,True,0.00011848948644128086,0.19351612493886414,0.44201047295042595,2077.689473888822,True,0.03831990242595193,0.02572266466071252,False,,5.0%
INDU,1033,0.003872216844143272,2.6149982356730497e-05,0.13489211537846993,0.7678199472065121,2850.320365849351,True,2.5423534288164367e-05,0.13689473339987385,0.7708414267270838,2829.0797401942705,True,2.4964522612633216e-05,0.13502423650711182,0.7736982392458187,2829.5509498666042,True,0.00013212112864188774,0.002002618021403918,False,,7.5%
INDU,544,0.0,9.249133267962494e-06,0.05261720223706453,0.9047674397733021,1559.031365655422,True,9.249133267962494e-06,0.05261720223706453,0.9047674397733021,1559.031365655422,True,9.249133267962494e-06,0.05261720223706453,0.9047674397733021,1559.0313656554229,True,0.0,0.0,False,,10.0%
INIL,819,0.08913308913308914,6.725162832421942e-05,0.163893921794723,0.7508120162269416,1804.2688512633404,True,6.681580738801817e-05,0.26037742854493673,0.718417323399855,1500.121686069703,True,9.500511865686423e-05,0.21000563913679893,0.6937908820588135,1500.4792833171357,True,0.04611171734207592,0.09648350675021372,False,,5.0%
INIL,1034,0.017408123791102514,7.181538695004818e-05,0.08650633514912495,0.7952005337423655,2374.8196748309447,True,7.728095188687145e-05,0.10141030307145635,0.779751879122903,2289.8589246587985,True,8.672098572515604e-05,0.09938415283898475,0.7634335750563145,2290.283855328722,True,0.012877817689859794,0.014903967922331396,False,,7.5%
INIL,544,0.009191176470588236,7.388332361915221e-05,0.0900251578001569,0.8161817124320372,1188.5112842581761,True,7.551103381011481e-05,0.09495610138825918,0.8130083170432922,1164.6705736194592,True,7.527394782621131e-05,0.09064459295672406,0.8157552988827245,1164.580850332465,True,0.0006194351565671635,0.004930943588102282,False,,10.0%
INKL,503,0.05168986083499006,0.0008326261022022885,0.3389215249447032,0.20838178585445327,900.355860722895,True,0.0009030925601571321,0.5002358010890566,0.1477334024312803,807.396288326887,True,0.0009519335824633723,0.4585069333510143,0.11899844925347429,812.273338455241,True,0.1195854084063111,0.16131427614435345,False,,10.0%
IPAK,544,0.003676470588235294,0.00023527527826039906,0.4454100329253491,0.1519701493246628,1348.7021835208911,True,0.00023797743962683266,0.46309139014580886,0.14351048342768144,1337.8397431653061,True,0.00023831076041327758,0.4618653591334579,0.14289857293285702,1337.7894647910045,True,0.0164553262081088,0.01768135722045977,False,,10.0%
ISIL,513,0.0,6.601844430341119e-05,0.2944837163785945,0.595794405748503,1284.7174484966465,True,6.601844430341119e-05,0.2944837163785945,0.595794405748503,1284.7174484966465,True,6.601844430341119e-05,0.2944837163785945,0.595794405748503,1284.7174484966476,True,0.0,0.0,False,,10.0%
ISL,820,0.1,0.00010569760905194432,0.193791574414231,0.6813741277921626,1774.235121312911,True,0.0001038596246811465,0.3214725677978282,0.6477141579233106,1439.1684114387797,True,0.00012687855193650586,0.24634767157795484,0.6405541385553052,1442.6419245337822,True,0.052556097163723836,0.12768099338359717,False,,5.0%
ISL,1032,0.016472868217054265,5.28718368698545e-05,0.08927652446608843,0.8219705170189688,2386.5234494793526,True,5.36242407445902e-05,0.10136132706008286,0.8153723461862827,2308.305510409642,True,6.004464095130215e-05,0.09905926466959834,0.8036055964689002,2309.1980611052427,True,0.009782740203509915,0.012084802593994429,False,,7.5%
ISL,544,0.011029411764705883,0.0002642814024396126,0.2237948483194379,0.4619685350941809,1184.0562049528053,True,0.00028521946493880086,0.27124314972559455,0.41408344053970186,1158.561140252857,True,0.0002863311045126983,0.25589748508652344,0.41903735476030607,1158.228181095598,True,0.032102636767085524,0.047448301406156634,False,,10.0%
ITTEFAQ,629,0.06359300476947535,0.00025355756490634453,0.2046738287095246,0.5690759657806301,1268.138395839339,True,0.00025121609155955016,0.2788994620216577,0.5634830490640427,1109.133244513201,True,0.00033633873121856973,0.2858190428326425,0.4646722127923738,1112.2113469533097,True,0.08114521412311787,0.07422563331213311,False,,5.0%
ITTEFAQ,1032,0.01065891472868217,0.00018622495468785538,0.1340701269031671,0.6755049233689978,2144.330779602407,True,0.0001987177116894597,0.15757633185303044,0.6504692055887159,2096.0574609304886,True,0.0002015472209743767,0.15012382972636396,0.6508704874692663,2095.4376800594246,True,0.016053702823196847,0.02350620494986333,False,,7.5%
ITTEFAQ,544,0.025735294117647058,0.00024699646495747885,0.28941627936542824,0.5276241587157549,1111.8969858451724,True,0.0002647691462713663,0.36616820491465574,0.4897883449437942,1050.3804695845417,True,0.0002690919430358719,0.3356240225550565,0.49447305573217437,1049.3761749556602,True,0.04620774318962828,0.0767519255492275,False,,10.0%
JATM,536,0.06343283582089553,0.0005161429787350178,0.18059255838540184,0.7716040257712287,518.295227638975,True,0.0005870833762159561,0.2376688292756715,0.7479505990525531,417.30760488772205,True,0.0006062671046201081,0.1981893034540374,0.7553478666931817,414.93096132151453,True,0.017596745068635566,0.057076270890269676,False,,5.0%
JATM,701,0.07703281027104136,5.559552852202085e-05,0.08649846240712768,0.8931015671360868,1105.031760114877,True,0.00010558912816685528,0.15855634387524795,0.835296485959057,908.8553641273161,True,0.00013751508597549178,0.13445104058166818,0.82605370811844,909.1220947754658,True,0.0479525781745405,0.07205788146812027,False,,7.5%
JATM,534,0.09550561797752809,0.0004261368610612755,0.23800657610719167,0.5647744680941096,913.7358201230379,True,0.000532475219548011,0.507815746988302,0.43569876833392296,740.6434353272708,True,0.0007068110784726436,0.45349544831850525,0.3384101757343573,749.2474925273647,True,0.21548887221131358,0.26980917088111034,False,,10.0%
JDMT,636,0.1619496855345912,0.0005148705371096373,0.19658328466011465,0.6082117110741424,998.483251608855,True,0.0010536052014699618,0.4739075532033092,0.3744771947330306,644.0832591212737,True,0.0015900523846718328,0.3338832560287335,0.23799056667027946,643.0966207993604,True,0.13729997136861882,0.27732426854319453,False,,7.5%
JDMT,539,0.05380333951762523,0.0006948911482208153,0.25737762872110603,0.33215304551668756,978.7821537397083,True,0.0007472351662977787,0.4003744380487419,0.2779075802117501,871.0752447731116,True,0.0007173483590098055,0.35490798019871705,0.3034693114605296,878.3221446326952,True,0.09753035147761102,0.14299680932763587,False,,10.0%
JDWS,419,0.11217183770883055,6.171810057169059e-05,0.18009382948623592,0.7450807110467386,929.9591598821348,True,5.627080260730745e-05,0.25983474908135323,0.7401652509186423,738.6551526573332,True,6.605433129854823e-05,0.21897915206064444,0.7264068213949062,740.498284996364,True,0.03888532257440852,0.07974091959511731,False,,5.0%
JDWS,598,0.06354515050167224,7.953379639603815e-05,0.13050978001459387,0.8095312330646451,1164.8876068370007,True,8.465261479710093e-05,0.1830727817964451,0.7869173462277624,1014.4965338280184,True,0.000138496444702366,0.1718331123569945,0.738137146707108,1015.639988777441,True,0.041323332342400626,0.05256300178185122,False,,7.5%
JDWS,543,0.0055248618784530384,1.8932685098876533e-05,0.15146330743066344,0.7993098262130309,1438.5408658568883,True,2.165718731020952e-05,0.17449894111598294,0.7748460434279248,1426.5257705620356,True,2.4063229632788814e-05,0.1747560256131324,0.7641782470967301,1426.1007951408596,True,0.023292718182468947,0.023035633685319495,False,,10.0%
JGICL,446,0.05605381165919283,1.6203021427527433e-05,0.1359607042592087,0.8432467755596464,1069.0718898524876,True,1.5030380325825893e-05,0.16064837065934795,0.8393516293404366,963.7413693889189,True,1.5143543478939121e-05,0.1502061696969466,0.8404265399041397,966.2700003172906,True,0.014245465437737914,0.024687666400139252,False,,5.0%
JGICL,706,0.018413597733711047,0.00014943919401462171,0.1465468728162437,0.6879599769244376,1492.1410041918089,True,0.00016208510803545327,0.17229325573800097,0.6623211590766377,1435.9304357628923,True,0.00016661240299353287,0.17287254233392338,0.6522939451785308,1438.0006711449623,True,0.026325669517679673,0.025746382921757266,False,,7.5%
JGICL,543,0.001841620626151013,0.00016884306592022523,0.36424557292443793,0.4294187015157911,1258.6611063532002,True,0.00017387459722052523,0.3681743726018053,0.42009527153094783,1253.1906927510963,True,0.00017546198676959927,0.37089664211265516,0.414764919567553,1253.3488663629444,True,0.006651069188217229,0.003928799677367367,False,,10.0%
JKSM,490,0.1306122448979592,0.00019407879956832494,0.17826654821447985,0.7343059755411121,821.8195418789264,True,0.00021568691733033754,0.3160360457939878,0.6839639542052764,596.9054440642018,True,0.0002186267374622359,0.20208451956025797,0.7242419008341936,594.5737083373049,True,0.02381797134577812,0.13776949757950796,False,,7.5%
JKSM,454,0.07709251101321586,0.00013124409515415732,0.12305122810107937,0.8314902352551066,712.2280417156257,True,0.00010077154187514354,0.1617142669204302,0.8351649677951574,586.6028811073902,True,0.00014405635967731323,0.13022416675651716,0.8275745061956727,585.6488564625748,True,0.007172938655437791,0.038663038819350834,False,,10.0%
JLICL,560,0.060714285714285714,3.565054587598199e-05,0.15619989956205765,0.7946897975272752,1297.382268158984,True,3.3310991413124235e-05,0.21857912742581675,0.7748324414045862,1155.3308596544573,True,4.091808182034773e-05,0.1932889939110563,0.7629811680617768,1158.2314174429132,True,0.03708909434899865,0.0623792278637591,False,,5.0%
JLICL,920,0.02826086956521739,0.00037460002653987674,0.25500379257617023,0.28529496622075856,1998.7227630699958,True,0.00039105424951915214,0.3317400703679382,0.24875559138037176,1891.1361468026623,True,0.00044739927575338656,0.320514766216616,0.17586079670160343,1893.9823666805949,True,0.06551097364044578,0.07673627779176795,False,,7.5%
JLICL,538,0.00929368029739777,0.0001379499932010519,0.20689771246476993,0.5974041717629588,1231.6354498984251,True,0.00014156414447693335,0.244007195556039,0.5730208854826968,1210.360580557777,True,0.00015058423116707506,0.23585580550678453,0.5600189618116025,1210.0777320898023,True,0.028958093042014604,0.037109483091269074,False,,10.0%
JOPP,691,0.23733719247467439,0.00042789327097075543,0.2386449054488432,0.39610047649111896,1360.7928900181141,True,0.0005794650964710047,0.7542869193146999,0.24571308068519238,757.3272223839591,True,0.0006436211252245367,0.5875685135227027,0.18021533685682034,779.3672104845118,True,0.34892360807385947,0.5156420138658567,False,,5.0%
JSBL,771,0.0012970168612191958,0.00010548351546849237,0.13114861872268938,0.7829603549790267,1529.2597112272188,True,0.00010291554462251863,0.12969934177689302,0.7869017872705297,1524.5887049138375,True,0.00010300900154967149,0.12915974384326523,0.7870699526027626,1524.3688241576087,True,-0.001988874879424146,-0.0014492769457963572,False,,5.0%
JSBL,1006,0.0,5.461103468839153e-05,0.09574408551192358,0.8472961815095442,2133.7131603919006,True,5.461103468839153e-05,0.09574408551192358,0.8472961815095442,2133.7131603919006,True,5.461103468839153e-05,0.09574408551192358,0.8472961815095442,2133.713160391902,True,0.0,0.0,False,,7.5%
JSBL,544,0.02389705882352941,0.00018840285089036593,0.23553889802936231,0.5839755641906752,1147.525559986585,True,0.00018929046056683066,0.285611494093564,0.5687558120753509,1092.148235054575,True,0.00020039926485380526,0.26206780304479016,0.5638882866061814,1092.0610576041045,True,0.026528905015427845,0.050072596064201697,False,,10.0%
JSCL,820,0.0475609756097561,5.3807010260955546e-05,0.10158853379343435,0.8446192824997393,1710.1455915345136,True,7.904037394195505e-05,0.14532388791198825,0.7966393237464091,1544.9991268445065,True,8.768421739041658e-05,0.12769683822261174,0.7927661066580322,1544.4331306978027,True,0.026108304429177387,0.04373535411855389,False,,5.0%
JSCL,1034,0.05609284332688588,7.483378385720647e-05,0.13745896328116608,0.7915480398836408,2127.3851018307487,True,8.314703023001778e-05,0.19128024007892153,0.7643705381301246,1885.116013636225,True,0.00010141987233472461,0.16901507253718218,0.7496971533310711,1886.3638194667394,True,0.031556109256016096,0.053821276797755446,False,,7.5%
JSCL,544,0.014705882352941176,9.01477692339671e-05,0.12826531390515256,0.7699097664302853,1170.7501891928011,True,9.820013444922679e-05,0.1557753224326764,0.7448152223341711,1136.8036585846212,True,0.00011330921713135866,0.15626863413055805,0.7222286660778406,1136.2949325216393,True,0.028003320225405498,0.027510008527523833,False,,10.0%
JSGCL,412,0.2524271844660194,7.328575388323224e-05,0.1683398263060551,0.7719722209204649,821.5231511085476,True,0.00016251387562698217,0.3038454626251895,0.6961545373748033,436.46432449414306,True,0.00015570051141388386,0.30763082742896686,0.6333146792609812,448.44649313074274,True,0.13929100112291176,0.13550563631913443,False,,5.0%
JSGCL,583,0.09948542024013722,0.0005341492388113895,0.29648692766279583,0.4065143448483464,1044.271408526627,True,0.0005242226749210819,0.4516985603177347,0.4120463812915551,831.092026314534,True,0.0005978184078800049,0.3750161319027713,0.3749314033870858,832.6403941742756,True,0.07852920423997545,0.15521163265493887,False,,7.5%
JSGCL,501,0.021956087824351298,0.0006586551010673698,0.16875407424854064,0.2798396044408289,982.953023225813,True,0.0007942261820556343,0.23260909553432726,0.15403453813504303,938.2496633618292,True,0.000874399428688655,0.22522794786595784,0.08758298682700577,939.577952693572,True,0.05647387361741721,0.06385502128578663,False,,10.0%
JSIL,544,0.04779411764705882,2.5605442680070738e-05,0.1587693645694974,0.8339787093971655,1110.907155172636,True,3.2074045841060756e-05,0.18852706142555936,0.8114729385743846,1014.9666921163332,True,3.4380615155561655e-05,0.1747371814216559,0.8114498556683938,1010.7468838433568,True,0.015967816852158506,0.02975769685606197,False,,5.0%
JSIL,536,0.06902985074626866,0.00033660852704668214,0.12525406327407024,0.6827429506223379,942.980129345834,True,0.00016007929769098518,0.15242243890370882,0.7881949677318174,801.0624574781828,True,0.00024159877510490803,0.12261899772453902,0.756750608259727,799.0501331874833,True,-0.002635065549531218,0.027168375629638586,False,,7.5%
JSIL,514,0.027237354085603113,0.0003608852268551899,0.1984906957980983,0.5630706669294194,961.6370514112817,True,0.00035418528319346924,0.23685635993711135,0.5602180796409459,906.9830380742667,True,0.00042148628246853125,0.23380142405860044,0.5082360294409458,909.1224100426061,True,0.03531072826050213,0.038365664139013045,False,,10.0%
JSML,570,0.20877192982456141,0.00017828676817952373,0.16817185367180085,0.7062510361858858,1076.1923607062743,True,0.0002951828558713325,0.3951171089712049,0.6048828910287549,634.9388554545706,True,0.0004830395145623157,0.3068403872919047,0.48614688870373535,640.7302849215164,True,0.13866853362010387,0.22694525529940404,False,,5.0%
JSML,859,0.047729918509895226,0.0003705784474000572,0.20578512528276227,0.44544316375701454,1743.505439471797,True,0.0003699112089601264,0.27577585124288073,0.44099139995415504,1571.9649522807927,True,0.00041892807709936536,0.2513326214768742,0.3990890268242506,1572.172233755991,True,0.045547496194111914,0.06999072596011846,False,,7.5%
JSML,543,0.06261510128913444,0.0003139990877232199,0.18190386322605773,0.6522402291617606,955.3095047134251,True,0.0003970055813791285,0.3011550208883442,0.5642996766573829,829.4938990401546,True,0.0005423634928019355,0.2857808113597544,0.4772132769394829,832.7100567093778,True,0.10387694813369669,0.1192511576622865,False,,10.0%
JUBS,619,0.022617124394184167,0.0007935677792469305,0.20462841003609983,0.5965046206982945,868.4300609407944,True,0.0009497673800475785,0.2550689429085329,0.5336689767111084,818.8070702435349,True,0.0010655629880725402,0.2419703394239644,0.5049192431277474,817.5098808417483,True,0.03734192938786457,0.05044053287243305,False,,5.0%
JUBS,669,0.07025411061285501,0.0033356354184417283,0.14302363958030023,0.1910037414360697,829.5434634115936,True,0.003910782680883223,0.1803290572109169,0.15116564790137715,678.0743567717518,True,0.002982893389986904,0.20874631424679752,0.29041633906077685,682.5570558389543,True,0.06572267466649728,0.03730541763061668,False,,7.5%
JUBS,519,0.15028901734104047,0.0004440733125509119,0.3086920431257816,0.5385970149237231,821.4883381219788,True,0.0005349705495710864,0.5468857983137068,0.4531142016861741,577.7964206672326,True,0.0006751639420838034,0.521676264528119,0.3700434295527417,597.8652327036405,True,0.21298422140233741,0.23819375518792518,False,,10.0%
JVDC,683,0.09077598828696926,0.00015913068612417863,0.18758986853668408,0.5713386393520747,1548.401526410164,True,0.00016483841162105576,0.2961031452546634,0.5532615674732863,1280.1160311443912,True,0.0002308997095039139,0.24946589005891168,0.46568478586028617,1279.2858605574643,True,0.0618760215222276,0.10851327671797933,False,,5.0%
JVDC,822,0.030413625304136254,3.760899111023183e-05,0.0851475316163545,0.8689397558643885,1783.008009024757,True,3.6325771761126335e-05,0.10167527555451727,0.8639620845836327,1674.17649178365,True,4.152440298385099e-05,0.09548153129390573,0.8577236602897245,1676.051875892216,True,0.010333999677551234,0.01652774393816278,False,,7.5%
JVDC,544,0.02389705882352941,0.00015953649479196464,0.32515045733034886,0.52602613056439,1186.3070527093357,True,0.0001519676033845818,0.38764078391908474,0.5185176514015039,1130.648080637748,True,0.00016266324537859086,0.36627208279911916,0.5089998698607985,1129.8321620673535,True,0.041121625468770295,0.06249032658873588,False,,10.0%
KAPCO,815,0.014723926380368098,1.7321398398866833e-05,0.16201449648518917,0.767078218638877,2335.227604493596,True,1.8237202713617426e-05,0.18483850099712007,0.7519613958711202,2273.9959806572438,True,1.9103131972454503e-05,0.17941470062973897,0.7468406802131975,2274.6924362888203,True,0.01740020414454979,0.022824004511930895,False,,5.0%
KAPCO,1027,0.01557935735150925,7.181580248235234e-05,0.2293827919449627,0.6109897025913402,2616.553573410885,True,7.700218311421526e-05,0.28322358828141203,0.5744818461264907,2544.192776283943,True,7.822974699516658e-05,0.25542196798864336,0.5806439998419634,2541.8186825849766,True,0.026039176043680667,0.05384079633644934,False,,7.5%
KAPCO,542,0.0018450184501845018,2.93333881164725e-05,0.2958144730584834,0.6771446166042266,1473.9596564171477,True,2.9593896895294615e-05,0.30342011809651737,0.6732645055973314,1468.5132457415841,True,2.9493967867737213e-05,0.29157582381766145,0.678062605833478,1467.792708807437,True,-0.004238649240821957,0.007605645038033959,False,,10.0%
KEL,821,0.0,1.2792813483929472e-05,0.08365089934649142,0.9027951643650094,1900.187544763582,True,1.2792813483929472e-05,0.08365089934649142,0.9027951643650094,1900.187544763582,True,1.2792804721414185e-05,0.08365093879520916,0.9027951410399695,1900.1875447635841,True,3.944871773686742e-08,0.0,False,,5.0%
KEL,1034,0.0,9.490978201714774e-05,0.16943517094990757,0.7350288761437638,2230.406367081987,True,9.490978201714774e-05,0.16943517094990757,0.7350288761437638,2230.406367081987,True,9.490974727990257e-05,0.1694351441392754,0.7350289287189485,2230.4063670819905,True,-2.681063215881352e-08,0.0,False,,7.5%
KEL,544,0.001838235294117647,5.445527817690074e-05,0.09623225749679273,0.8661813546724878,1083.8126144782373,True,5.3604578360368465e-05,0.09748774593664444,0.8664988285359106,1079.0316099822385,True,5.4625170221914715e-05,0.09720546717977166,0.8655580900169295,1078.8342249770944,True,0.0009732096829789261,0.0012554884398517097,False,,10.0%
KHTC,715,0.17902097902097902,0.00014782878153163695,0.20970797134114016,0.6332429646846589,1495.594445092147,True,0.00024013530701469393,0.5426958786033486,0.4573041213965824,1010.8219660253924,True,0.0004011863986568511,0.500505739511797,0.2614444187476079,1025.2928020421916,True,0.29079776817065683,0.3329879072622084,False,,5.0%
KHTC,958,0.07724425887265135,0.0003935569846956296,0.2633915895761645,0.3770598588589138,1949.1860286263027,True,0.00046842039176615114,0.43714051028628353,0.29202061010793184,1646.7065292263017,True,0.0005125730852737074,0.3672216359164282,0.2631668899369658,1650.3656445838608,True,0.10383004634026372,0.17374892071011905,False,,7.5%
KHTC,541,0.022181146025878003,0.00024936109990167843,0.40995181450641927,0.2699079163846122,1245.9062792646687,True,0.00025920858444127037,0.5064600264330472,0.23247026253922748,1196.4153939154724,True,0.000264860328410078,0.47231777193289637,0.23077239228185964,1197.0359216829174,True,0.0623659574264771,0.09650821192662795,False,,10.0%
KML,561,0.1746880570409982,0.00021928368962803612,0.16409869199235644,0.6333984235989185,1129.3950965181657,True,0.00021730840963681626,0.3456244593191763,0.6236341559912466,747.8824054110446,True,0.00031237792475873744,0.25357395082998435,0.5565986860082898,752.1237418877657,True,0.08947525883762791,0.18152576732681985,False,,5.0%
KML,610,0.07049180327868852,0.0005813598621744568,0.2645363676306718,0.331198224685188,1148.506401186428,True,0.0007373000282586274,0.42715414153761067,0.2057455760925078,982.547271958305,True,0.0007718395179451547,0.37239588671622226,0.18807674798044477,983.6594891029403,True,0.10785951908555047,0.16261777390693888,False,,7.5%
KML,493,0.06490872210953347,0.00026388043260817365,0.24617464664605465,0.6176613280213765,901.553920902077,True,0.00033411261763146405,0.4201666848085218,0.5202793861490793,783.9427234739015,True,0.00036069432035521425,0.34240371863658925,0.5173669619512946,785.3445991235147,True,0.0962290719905346,0.17399203816246717,False,,10.0%
KOHC,819,0.06105006105006105,4.847206518138806e-05,0.1764234164615466,0.7321165687378997,1988.2367482451377,True,4.879536215046761e-05,0.26158946418137974,0.7000588699045747,1772.0379199257732,True,6.73048210091664e-05,0.24280843408783742,0.6546076984649585,1774.2474651319326,True,0.06638501762629082,0.08516604771983313,False,,5.0%
KOHC,1034,0.019342359767891684,5.3615465561788307e-05,0.10916883517115858,0.798291966768724,2407.361091581888,True,5.642862051571498e-05,0.13872930639639874,0.7756683821667376,2323.615275157891,True,6.535146806431198e-05,0.13661778489892407,0.7575384442749813,2327.2833347944756,True,0.027448949727765487,0.029560471225240165,False,,7.5%
KOHC,543,0.014732965009208104,0.00015976915900767165,0.26166724594142154,0.5612881868831548,1197.8180417163521,True,0.0001571694115966138,0.2842857545277908,0.56171939243476,1161.173906505117,True,0.00016142080412716577,0.26808776400622314,0.5617388367994288,1160.6849024745463,True,0.006420518064801595,0.022618508586369268,False,,10.0%
KOHE,658,0.015197568389057751,2.069511459239342e-05,0.21979235339163766,0.7328093984389894,1773.0667373612346,True,1.9543338986635328e-05,0.24205014319458323,0.7290481216686487,1727.8038441818044,True,2.1294531110758383e-05,0.235539848069992,0.7208983944464918,1728.1452486253932,True,0.015747494678354346,0.02225778980294557,False,,5.0%
KOHE,975,0.015384615384615385,2.2379329038335658e-05,0.17069613923997062,0.7822745926905568,2570.4826250104143,True,2.4282507306545346e-05,0.19899412785176657,0.7636428185645808,2498.084148616152,True,2.4555489388852483e-05,0.17046597434296867,0.7744674467714863,2492.1490781007883,True,-0.00023016489700194986,0.028297988611795943,False,,7.5%
KOHE,543,0.020257826887661142,0.0003058678901373088,0.47466524267812726,0.1264081548784468,1285.0886706569638,True,0.0003161129282367826,0.5846583224058147,0.09887949104078073,1238.49006026752,True,0.00032532599389420165,0.5408373782348275,0.08864188587456669,1237.4691920114087,True,0.0661721355567002,0.10999307972768746,False,,10.0%
KOHP,671,0.026825633383010434,0.00012692507608936683,0.1303631595297507,0.8523353752607604,875.6909559515996,True,0.00015410336022776854,0.14729729915670345,0.8388631865915956,812.9134002450058,True,0.00016769409501522165,0.1424088564002951,0.8345517186734306,814.3541699076119,True,0.012045696870544409,0.016934139626952754,False,,5.0%
KOHP,892,0.014573991031390135,0.0017085808312697361,0.3395125182044865,0.2090892748895003,1286.2771123008588,True,0.0016531224746411009,0.38626878776775914,0.21652949471678562,1243.7605274493942,True,0.001810225812962316,0.37996966034886903,0.16882111362574082,1245.0784645264418,True,0.04045714214438251,0.04675626956327261,False,,7.5%
KOHP,544,0.11580882352941177,0.0002941517532253125,0.2968778496423897,0.5974194923891629,919.6319727204816,True,0.00034763810191242256,0.47947827535486365,0.520521724643308,717.2087758547018,True,0.000436983003610668,0.4676414347024791,0.45509178526946714,730.8898963296621,True,0.17076358506008937,0.18260042571247392,False,,10.0%
KOHTM,414,0.2028985507246377,0.00018670205457742056,0.1366812790266146,0.7950657857705055,645.9173494175978,True,0.0002759940318499487,0.23482319791383624,0.7651768020860855,361.111121841888,True,0.0002303420700906971,0.16307532844746903,0.7854642290252061,363.1407141987929,True,0.026394049420854437,0.09814191888722165,False,,7.5%
KOHTM,539,0.10018552875695733,0.00013097923373887754,0.17209329391107284,0.761661147289134,958.7819997329385,True,0.00014309396291782225,0.2834423492126714,0.7165576507848681,781.3365836370787,True,0.00029906100335839927,0.32589979352114495,0.5759401622449973,795.9344064161289,True,0.15380649961007212,0.11134905530159858,False,,10.0%
KOIL,788,0.01015228426395939,0.0006265516253809821,0.28461406853921406,0.41392524079893767,1380.1908445842687,True,0.0006430726439193893,0.31637456054457136,0.3947328341676809,1347.6047687722541,True,0.0006616135348923807,0.3070052381533201,0.38773880831946816,1347.0385938481115,True,0.022391169614106032,0.0317604920053573,False,,5.0%
KOIL,957,0.008359456635318705,0.0002669483671206506,0.14276798602043914,0.6907232368504077,1769.1027499059467,True,0.00027688403690134453,0.1652325033894687,0.6718983169441418,1739.465648137843,True,0.0003086907303553419,0.16403522705594747,0.6485910505502298,1739.1716429121416,True,0.02126724103550834,0.022464517369029574,False,,7.5%
KOIL,544,0.13419117647058823,0.00030489825048215884,0.27462407869045946,0.5806316096962509,951.7671557571664,True,0.0003249873120088041,0.4691606093839551,0.5308393906160136,713.4793255736038,True,0.0003877374240366514,0.4141267210228315,0.4869958060413223,725.0925950761509,True,0.13950264233237203,0.19453653069349564,False,,10.0%
KOSM,819,0.002442002442002442,0.00027617304279122645,0.16315318110004787,0.698927654016084,1433.9957442937987,True,0.0002855032032638965,0.168992502853233,0.6904083691196836,1425.793617138633,True,0.0002843314137526094,0.16647736895728368,0.6924549672194835,1425.449853187142,True,0.0033241878572358163,0.005839321753185134,False,,5.0%
KOSM,1033,0.003872216844143272,0.00014139989993435594,0.15231047182211513,0.8013716468396033,1750.4353746315028,True,0.00014108157880570604,0.15548655995921615,0.8007185757988072,1732.6821288726792,True,0.0001437456598522704,0.15450845106689431,0.7994110388928721,1731.888266358503,True,0.0021979792447791857,0.0031760881371010186,False,,7.5%
KOSM,544,0.014705882352941176,0.00011901431528419206,0.2730313790808866,0.696904412020169,993.9125795624643,True,0.00011132349117673254,0.29414772197158057,0.6963902710897839,967.1324708632428,True,0.00011957821426230633,0.28380251844307425,0.6913510590767318,966.224355637911,True,0.010771139362187654,0.021116342890693973,False,,10.0%
KPUS,430,0.3627906976744186,0.0013570124818328131,0.14510996990779462,0.46654044819219914,607.2116851156352,True,0.002258611291388184,0.56769098697214,0.432309013027789,126.0218768733276,True,0.0013798603703147148,0.317045388881905,0.5289759101580546,135.39944486475218,True,0.17193541897411035,0.4225810170643454,False,,7.5%
KPUS,465,0.14838709677419354,0.00033112077366815,0.4014331414263328,0.4505564616277662,839.5826824545072,True,0.00043676571592385816,0.682540628669519,0.31745937133047586,634.989629446831,True,0.0005283279536898683,0.6879170576866496,0.2230932692309627,657.8871822334603,True,0.2864839162603168,0.28110748724318624,False,,10.0%
KSBP,606,0.11551155115511551,0.00022698955592489873,0.20927572915650666,0.4986448626782437,1326.94944903987,True,0.00028944168708492084,0.46424066222257454,0.37047522994365734,1039.4432219650846,True,0.00047577838360127374,0.3734339309117358,0.1734477011532786,1042.4799057796909,True,0.16415820175522916,0.2549649330660679,False,,5.0%
KSBP,865,0.06705202312138728,0.00022387799882929308,0.150612486656447,0.6778417734947126,1666.5852146681718,True,0.00021451762382106393,0.23179771962963658,0.6622441002169641,1441.4772079407617,True,0.0002963059134703965,0.21796867149175675,0.5945025742235613,1447.7738645472493,True,0.06735618483530975,0.08118523297318958,False,,7.5%
KSBP,544,0.01838235294117647,0.00011989059448313036,0.21527287753022306,0.6410595451853549,1218.2721416935879,True,0.0001310493875313777,0.26461814563291264,0.6051679218288367,1173.9775570381985,True,0.00014390224062085498,0.25572334063482594,0.5867487875106031,1173.7250457325952,True,0.040450463104602874,0.04934526810268958,False,,10.0%
KSTM,455,0.08351648351648351,0.0006244817349630376,0.1461182667553359,0.8189737175945195,363.6152283786888,True,0.0009692863766331032,0.21084227608120476,0.7717197514933345,255.3335149493823,True,0.0010646748337477595,0.18418399109497147,0.7625069449238623,253.95323043175173,True,0.038065724339635565,0.06472400932586886,False,,5.0%
KSTM,534,0.10112359550561797,0.0003198435432786636,0.1919586129658159,0.6988592968328332,832.2725075188409,True,0.0003786786509176901,0.3353575466619232,0.641936052505596,645.0774024383632,True,0.0008030565859631601,0.32653961003407284,0.4685028298934951,644.9943651272026,True,0.13458099706825694,0.1433989336961073,False,,10.0%
KTML,744,0.05913978494623656,1.5665428777842235e-05,0.051586723302191766,0.9210265475352454,1730.0988976337494,True,1.0603093914113367e-05,0.07172636117750675,0.9206691074786834,1537.510658786944,True,2.0184108398752653e-05,0.06778427145079803,0.9016709168244081,1539.2068235248842,True,0.016197548148606265,0.020139637875314982,False,,5.0%
KTML,1002,0.011976047904191617,3.603614872887888e-05,0.06846847884905091,0.8804171763946085,2225.218706995788,True,3.834054383781635e-05,0.07734785573966557,0.871568804245018,2171.1461963693055,True,4.2783762985917516e-05,0.07536564144355787,0.8655309201319347,2171.9463286962246,True,0.006897162594506956,0.00887937689061466,False,,7.5%
KTML,540,0.022222222222222223,0.00046683989609794295,0.21107826974131388,0.4354507002090665,1042.3044380686747,True,0.0004955517464218778,0.24829247351509232,0.40813887851272623,991.5402677336306,True,0.0005172513933662222,0.2382769318288676,0.392439352607177,992.456577120342,True,0.027198662087553727,0.03721420377377843,False,,10.0%
LCI,804,0.02736318407960199,2.2431347843371175e-05,0.1186339199620306,0.8184047770572502,2098.149617490919,True,1.8977491476400143e-05,0.13220501435017007,0.8267320626201133,1993.1942467142323,True,1.89486590530618e-05,0.11325365697842543,0.8369864965841688,1992.1357848568284,True,-0.005380262983605166,0.01357109438813947,False,,5.0%
LCI,1017,0.003933136676499509,3.2311399751207664e-05,0.09572885004076026,0.7902620019212131,2734.966410134055,True,3.2376224553448626e-05,0.09846482164205075,0.789321015974684,2713.8815699034426,True,3.3098292029199095e-05,0.09831961390384172,0.786114602328787,2713.8222797157546,True,0.0025907638630814633,0.0027359716012904933,False,,7.5%
LCI,543,0.007366482504604052,0.00024510706612875454,0.3699555883657567,0.04945507147106145,1393.046173249917,True,0.00025111366636118435,0.4018821324268915,0.03141357054296767,1371.9598910821483,True,0.00025316453907172406,0.39471260562250127,0.027692651645929035,1371.6458262832452,True,0.024757017256744562,0.03192654406113482,False,,10.0%
LEUL,692,0.20086705202312138,4.4877582899459777e-05,0.14234751565542747,0.834175981252077,1257.047525746745,True,0.00015309074317687495,0.26916510849959874,0.7308348915003746,754.0836018408568,True,0.00010644022630725762,0.2108674117554174,0.7570452527457353,757.2608370213441,True,0.06851989609998993,0.12681759284417127,False,,5.0%
LEUL,739,0.09878213802435724,7.345521680323978e-05,0.07038670990361405,0.8990972953500385,1185.4139053916192,True,7.458604447184203e-05,0.10086639868736619,0.8907911491710149,917.9606245996821,True,0.00011601943131940723,0.07712867434356963,0.8827922044690495,915.6569244592747,True,0.006741964439955575,0.030479688783752137,False,,7.5%
LEUL,538,0.13940520446096655,0.0002644232876582248,0.15399579750290293,0.7455165991449693,853.5421216839587,True,0.0003114530504190618,0.3163174668075787,0.68368253319199,600.9130272965965,True,0.0011834249886823744,0.45216764519883385,0.28399375236389207,612.4228085222709,True,0.2981718476959309,0.1623216693046758,False,,10.0%
LIVEN,429,0.1655011655011655,0.0003166366883941429,0.13994973550556455,0.8147995349664836,489.5688853365152,True,0.00045034475135988456,0.21475624993737835,0.7852437500626024,279.2317064094941,True,0.00035271513151619206,0.15289194372137233,0.8143338420757001,278.8735861430725,True,0.012942208215807771,0.0748065144318138,False,,5.0%
LIVEN,543,0.11049723756906077,7.18030071686325e-05,0.20923924261126609,0.7569506738310128,1011.9342777852956,True,0.0001453527626937814,0.40349850231446815,0.5965014976855301,820.4461333585806,True,0.00019779023223651665,0.4468072544972906,0.5160938664962952,835.53300729491,True,0.2375680118860245,0.19425925970320207,False,,10.0%
LMSM,429,0.1655011655011655,0.0003166366883941429,0.13994973550556455,0.8147995349664836,489.5688853365152,True,0.00045034475135988456,0.21475624993737835,0.7852437500626024,279.2317064094941,True,0.00035271513151619206,0.15289194372137233,0.8143338420757001,278.8735861430725,True,0.012942208215807771,0.0748065144318138,False,,5.0%
LOADS,795,0.09056603773584905,3.995340183518045e-05,0.1469685763256679,0.800508576423077,1786.9455894000398,True,5.327929074830203e-05,0.26720963595001956,0.7290733203469668,1490.2072172285095,True,0.00010408895046305923,0.2550701327383008,0.6369547027638558,1492.998676899833,True,0.10810155641263292,0.12024105962435166,False,,5.0%
LOADS,1033,0.02904162633107454,0.00011628765433892173,0.08483394547802883,0.7939577192441598,2142.098762892033,True,0.00011353026421951697,0.08823757006740991,0.8045478061034154,2004.4232793410242,True,0.00012044616410656996,0.07947344781338705,0.8012696657911589,2003.9156198341054,True,-0.005360497664641778,0.0034036245893810796,False,,7.5%
LOADS,544,0.01838235294117647,0.00015142127274389496,0.29581197440698836,0.5600901190310901,1181.7357206113547,True,0.00015236892524428183,0.3208733519614852,0.5570627467407858,1135.1873115471244,True,0.0001565070269558518,0.3098587252493405,0.5543355445606359,1134.8293972128301,True,0.01404675084235213,0.025061377554496833,False,,10.0%
LOTCHEM,819,0.018315018315018316,7.987182889328403e-05,0.08165106014981272,0.8106807065496503,1801.7841147981962,True,0.00013695520263253333,0.13315585111491168,0.6979142542991131,1735.8323874818373,True,0.0001803037384188947,0.14195696109566197,0.6290649819106942,1736.0502683658628,True,0.060305900945849256,0.05150479096509897,False,,5.0%
LOTCHEM,1032,0.01937984496124031,4.2474756693830906e-05,0.10784683177188308,0.8167945121227984,2437.8058416708836,True,4.35075253633068e-05,0.1276555850559956,0.8056464024640144,2344.177931646416,True,0.00010250074690808,0.17730647832632035,0.6522004767400742,2344.0628179060654,True,0.06945964655443727,0.019808753284112537,False,,7.5%
LOTCHEM,543,0.01289134438305709,9.135356351288186e-05,0.24321252867423332,0.643218666844791,1263.05861544557,True,9.631039185799896e-05,0.2868586268659496,0.6163327351049694,1233.1128632120865,True,9.917641031556871e-05,0.27039936762671835,0.6159964511772136,1231.8957977686118,True,0.027186838952485026,0.043646098191716276,False,,10.0%
LPGL,522,0.21455938697318008,2.1272438448163578e-17,0.08289142775241176,0.9161730078487635,805.5400935440301,True,9.838252212733279e-05,0.12551175523995262,0.8744882447600428,425.2175533559674,True,0.0009031492151396377,0.3090801573050703,0.4943190116823766,431.03075459802267,True,0.22618872955265856,0.042620327487540854,True,,7.5%
LPGL,544,0.10477941176470588,7.13517193290444e-05,0.23354583480995258,0.7385375279763586,1034.6788397071891,True,0.00010111717699955365,0.3250693681847625,0.6749306318152342,841.9574958434144,True,0.00013936750222268932,0.3569985409125783,0.6094024278958117,848.5641439992614,True,0.12345270610262574,0.09152353337480992,False,,10.0%
LPL,791,0.010113780025284451,4.430208418972512e-05,0.09965010489974443,0.7978704747127572,1971.1834681018477,True,0.00015224552550991783,0.2109935715451688,0.45328885094027965,1930.6746835090103,True,6.784596576050537e-05,0.12546109367798985,0.7209227921247578,1930.6514146662537,True,0.02581098877824542,0.11134346664542435,False,,5.0%
LPL,1026,0.02729044834307992,7.343261898447789e-05,0.18122039736670428,0.7039514388585633,2417.6824131027934,True,8.525411580498788e-05,0.24068465196358454,0.6576943401981937,2293.377561244937,True,9.210291255524596e-05,0.2240361234151059,0.646948458231123,2293.7152828175836,True,0.042815726048401614,0.05946425459688026,False,,7.5%
LPL,544,0.02022058823529412,0.00010632514668054504,0.18143006622795949,0.7003170634219555,1191.9989995291712,True,0.00011750905048147221,0.2559797193148299,0.6475739024908616,1147.7570197522878,True,0.00014082408216721618,0.24313042909417537,0.6166812244776243,1146.3191170433515,True,0.061700362866215885,0.0745496530868704,False,,10.0%
LSECL,543,0.007366482504604052,0.0004968299736394736,0.2149433828741536,0.4848553910379165,999.9583878946266,True,0.0005245966626258897,0.2428933489653271,0.4543484074914068,982.8776709212593,True,0.0005230552745455092,0.23423053574122152,0.45918131317933064,982.6109323896732,True,0.01928715286706792,0.027949966091173506,False,,10.0%
LSEFSL,539,0.10204081632653061,0.00031018964232285527,0.08461910992611815,0.8170339217140761,804.5908960636616,True,0.0002766253490929461,0.15830295626397206,0.8074808636830352,616.611981517217,True,0.0003408526219637687,0.14889406111838965,0.7732246205209206,623.2043055583874,True,0.0642749511922715,0.07368384633785391,False,,10.0%
LSEVL,541,0.024029574861367836,0.0011567412674744365,0.21762845595554048,2.505604824421498e-14,1008.3587042653153,True,0.0011629171178867753,0.2799311486996414,2.674488638601841e-14,956.2585069244666,True,0.001160981336182366,0.26931138456692283,2.124087454305502e-14,957.1659670325989,True,0.05168292861138235,0.06230269274410094,False,,10.0%
LUCK,821,0.02679658952496955,3.7638780830686656e-05,0.13395008016487897,0.7870491963832429,2017.4263880960184,True,4.362458884020873e-05,0.16885859938154574,0.7554801737379082,1916.3597661068086,True,5.6169343777215405e-05,0.1672491033581367,0.7223265813883106,1916.094341666376,True,0.033299023193257726,0.03490851921666677,False,,5.0%
LUCK,1034,0.006769825918762089,2.6462921868755406e-05,0.08150438630786061,0.8391705785653745,2690.367727590068,True,2.604259273706839e-05,0.08450795525428527,0.8396344498093595,2654.606300638202,True,2.7204510825917636e-05,0.08380087530834024,0.8358091231835783,2655.2963380623332,True,0.002296489000479629,0.003003568946424659,False,,7.5%
LUCK,538,0.0055762081784386614,7.362514424187327e-05,0.27188925787779994,0.6315379443234781,1282.9974316784997,True,7.123245588912448e-05,0.28233162036253284,0.633173386629889,1269.0322696400542,True,7.384472414462533e-05,0.2844883999480282,0.6244077554487675,1268.8821874050016,True,0.012599142070228275,0.010442362484732903,False,,10.0%
MACFL,698,0.19197707736389685,2.193520964949358e-05,0.07474752565799304,0.9089728231554309,1356.0126574744108,True,0.000133175979716321,0.25103827911769083,0.7489617208822654,845.9693174991514,True,0.00010983443577070991,0.18545941123221937,0.7648232555630692,858.3924748738277,True,0.11071188557422633,0.1762907534596978,False,,5.0%
MACFL,968,0.04132231404958678,4.681631791426846e-05,0.08304062933822141,0.8622528220193257,2057.777811881032,True,8.810111595397501e-05,0.15531710242381347,0.7681043165142907,1884.967494400028,True,7.860223201488348e-05,0.12313870586601772,0.7961514234289988,1885.9138750796637,True,0.0400980765277963,0.07227647308559206,False,,7.5%
MACFL,544,0.08823529411764706,1.901088189782176e-05,0.10721136093751395,0.889101096932492,1030.1652582488523,True,0.0003345834992247521,0.5651857939353566,0.4348142060645006,859.2507213728694,True,0.00045434420343663085,0.4909003683566928,0.3433607016170245,866.1301100250033,True,0.3836890074191789,0.4579744329978427,False,,10.0%
MACTER,493,0.07910750507099391,0.00017783216634737975,0.06512472347483311,0.8219828100330149,894.0856426235491,True,0.0006648913829621866,0.16537034193422312,0.4988865013844951,740.4478509752818,True,0.0009010272523462294,0.15251243119448293,0.3626202769531591,740.848318920745,True,0.08738770771964982,0.10024561845939,False,,7.5%
MACTER,538,0.06133828996282528,3.6821951298381315e-05,0.12978087056351092,0.8449571537139751,1109.1004492109273,True,4.107237135347205e-05,0.18032191335021786,0.8196780866497599,983.8535479258885,True,4.606088743725544e-05,0.16159957418460233,0.8161084888872825,984.2936196958174,True,0.031818703621091404,0.05054104278670693,False,,10.0%
MARI,819,0.029304029304029304,3.119940232787715e-05,0.1520509090809239,0.7577838486782423,2164.109933841233,True,3.0292943771139283e-05,0.18442363473363704,0.7492311059376011,2050.3756761012946,True,3.624467135834702e-05,0.17180571312306056,0.7314152839361518,2050.4657489481133,True,0.01975480404213667,0.03237272565271315,False,,5.0%
MARI,1034,0.005802707930367505,1.4227827209222759e-05,0.11501947770883089,0.8238090810933176,2930.7575966230106,True,1.4342403792257798e-05,0.12173451454151579,0.8198895036927214,2900.4114751908187,True,1.4374141197685605e-05,0.11737421155193134,0.8220305335193416,2900.008851826273,True,0.0023547338431004483,0.006715036832684901,False,,7.5%
MARI,543,0.014732965009208104,0.00011232394735102784,0.39204097338158406,0.4647124297002739,1326.672846670357,True,0.00011215563882906713,0.4388604447467901,0.4545372918660162,1294.9007377890562,True,0.00012977104811653744,0.5250390784199686,0.36240375102023437,1299.7092124102558,True,0.1329981050383845,0.046819471365206033,False,,10.0%
MCB,821,0.007308160779537149,3.1419418799998646e-05,0.14312349348150072,0.7228322498479316,2299.769291575085,True,3.127839433074447e-05,0.15494947513848545,0.7175813902333114,2269.263738477557,True,3.1860914785245895e-05,0.1489233155549811,0.7182639704180493,2268.7623042556224,True,0.005799822073480371,0.01182598165698473,False,,5.0%
MCB,1034,0.0019342359767891683,9.445469913899959e-06,0.04169685206357372,0.9141974580009347,2899.7298471723966,True,9.389272470143207e-06,0.04203755828693787,0.9143362090750297,2888.4423468192067,True,9.51892975943277e-06,0.041912449349773756,0.913709941591373,2888.6563509224716,True,0.00021559728620003382,0.00034070622336414974,False,,7.5%
MCB,544,0.0,3.732951539124545e-05,0.21459931461877285,0.7139279527490787,1422.9824846319698,True,3.732951539124545e-05,0.21459931461877285,0.7139279527490787,1422.9824846319698,True,3.732951452970218e-05,0.21459932294021325,0.7139279415068366,1422.9824846319698,True,8.321440397862645e-09,0.0,False,,10.0%
MCBAH,501,0.11177644710578842,9.234044571188553e-05,0.12463051390625107,0.7672428085718648,1071.3858606011852,True,3.0001735383764177e-05,0.13308174155708247,0.8669182584429143,843.3435620850212,True,3.7979687619806536e-05,0.09526279383241942,0.8708885747707583,845.6477926193752,True,-0.02936772007383165,0.008451227650831394,False,,5.0%
MCBAH,606,0.0297029702970297,0.00012361007027169866,0.26106345291227634,0.6334564226066715,1255.0836932931638,True,0.00012727267848404577,0.3105590149577925,0.6128222136421856,1181.1889707528487,True,0.0001346746023273211,0.2821163421361942,0.6134869995168987,1179.2848930564464,True,0.021052889223917848,0.04949556204551614,False,,7.5%
MCBIM,501,0.11177644710578842,9.234044571188553e-05,0.12463051390625107,0.7672428085718648,1071.3858606011852,True,3.0001735383764177e-05,0.13308174155708247,0.8669182584429143,843.3435620850212,True,3.7979687619806536e-05,0.09526279383241942,0.8708885747707583,845.6477926193752,True,-0.02936772007383165,0.008451227650831394,False,,5.0%
MCBIM,775,0.023225806451612905,8.24005724697257e-05,0.24245732186339158,0.6748834487116766,1684.9281340385696,True,8.54952482662459e-05,0.2842117835306794,0.6539269683137321,1610.1467428920027,True,8.745815498959904e-05,0.25681180539891746,0.6608655905706111,1607.8263462583277,True,0.014354483535525875,0.0417544616672878,False,,7.5%
MCBIM,540,0.009259259259259259,6.281976893669903e-05,0.15819807678261533,0.7776062418286798,1166.57929668018,True,6.492857837643579e-05,0.17081411218376188,0.7690368992867613,1144.9270565584766,True,6.611829757264547e-05,0.16431092862403668,0.769837000401502,1144.7978487651953,True,0.006112851841421352,0.012616035401146558,False,,10.0%
MDTL,819,0.0,0.0007154350862020821,0.2020133534643376,0.5519337293065701,1279.649003401481,True,0.0007154350862020821,0.2020133534643376,0.5519337293065701,1279.649003401481,True,0.0007154352039172188,0.20201335955767738,0.5519336756252876,1279.6490034014826,True,6.093339777191176e-09,0.0,False,,5.0%
MDTL,1033,0.000968054211035818,0.000128013345268455,0.13834431676809897,0.823206656706843,1711.0332770893585,True,0.00012827771162890678,0.13971668545855287,0.8224176967724588,1706.4475733217232,True,0.0001277877570749113,0.1388755699363699,0.8231757209671207,1706.4344087944237,True,0.0005312531682709343,0.0013723686904539012,False,,7.5%
MDTL,544,0.022058823529411766,0.0003493884260109267,0.17637175113544268,0.7371784452708914,831.0767287980648,True,0.0003576799293852581,0.20949865029901177,0.7247610393203123,785.2735840030621,True,0.00039170461465364936,0.191270437284279,0.7186348640960254,784.6492381580551,True,0.014898686148836326,0.03312689916356909,False,,10.0%
MEBL,801,0.018726591760299626,5.845042929745633e-05,0.15690418187176564,0.6660417541113819,2108.0595346691944,True,5.402051547895408e-05,0.17769863579368173,0.6754221786979139,2034.3585579819066,True,6.076068328647591e-05,0.1680918777320978,0.6566611762809514,2033.7473702467717,True,0.011187695860332164,0.02079445392191609,False,,5.0%
MEBL,1031,0.002909796314258002,2.1491976604323623e-05,0.10257189071212786,0.8327930927631506,2724.2090396472213,True,2.127812627542511e-05,0.10479119865742603,0.8324885473906576,2708.3169338056264,True,2.2861837528430408e-05,0.10820575699093779,0.8237011494635875,2708.953657753825,True,0.005633866278809935,0.0022193079452981768,False,,7.5%
MEBL,544,0.001838235294117647,3.538737206283784e-05,0.09867821060750184,0.8222664387952512,1363.6069049108767,True,3.609550633951317e-05,0.1030555167027157,0.8176804629281492,1358.8452497992826,True,3.616013549832826e-05,0.10195225914600531,0.8180760849774751,1358.7563281792154,True,0.0032740485385034657,0.004377306095213862,False,,10.0%
MEHT,522,0.013409961685823755,0.0002421069837624893,0.2036205050197793,0.5535057432913992,1100.6929960355737,True,0.00026091653511837694,0.23067746419428692,0.5257644170890852,1069.9403218762875,True,0.00027247681189500317,0.2238641243630003,0.5136620395841234,1069.728043576806,True,0.020243619343220998,0.027056959174507622,False,,10.0%
MERIT,813,0.08364083640836409,0.00016608232574685203,0.15003326660899735,0.6416665872038696,1764.129384075814,True,0.00015123514184224514,0.21705910383603128,0.6606330427516838,1478.5013505528268,True,0.00022118096024444062,0.20115622524948173,0.5700512598883314,1480.9731732543482,True,0.051122958640484384,0.06702583722703392,False,,5.0%
MERIT,1003,0.014955134596211365,0.0001501264221921663,0.10651135971909628,0.7126261290390521,2154.3820267985366,True,0.00019106829249426846,0.13064744225235392,0.6512676460311637,2084.441463026634,True,0.0001914673014840041,0.12308573205264087,0.6545490947893637,2084.506296446471,True,0.016574372333544585,0.024136082533257636,False,,7.5%
MERIT,544,0.01838235294117647,0.00023732759823307198,0.2800120403732865,0.3847773048067361,1244.520330939549,True,0.00023881169454435856,0.30897861557523176,0.3853653670152616,1197.505195845834,True,0.00023510671525343524,0.29067604310447726,0.39778306327957647,1197.8011296380505,True,0.01066400273119078,0.028966575201945288,False,,10.0%
MFFL,539,0.1150278293135436,0.000190920617047416,0.1864695814637315,0.5925474625089782,1148.4293528531666,True,0.00022406912690628035,0.35579650607589053,0.5232834207187111,896.5473569244386,True,0.0002914899541020556,0.2819557638453964,0.46363220274285,897.6200151463702,True,0.0954861823816649,0.16932692461215904,False,,5.0%
MFFL,968,0.08677685950413223,0.00010122446295044724,0.21268137051154998,0.7046345231311837,1971.272771659088,True,0.00012344622994161597,0.37649146959953494,0.6235085304001386,1651.3182918939501,True,0.0001521704724205201,0.3042811553441657,0.6089514867536507,1659.8257727306163,True,0.09159978483261574,0.16381009908798497,False,,7.5%
MFFL,544,0.027573529411764705,2.5528153870111968e-05,0.13797684067574473,0.8361264522906509,1218.9840335073727,True,2.5618207524872837e-05,0.1718009909283851,0.8199248961055966,1156.3077283291937,True,2.7996184787908005e-05,0.1521879754566171,0.8237849982822081,1155.0196578453654,True,0.014211134780872381,0.03382415025264038,False,,10.0%
MFL,474,0.08438818565400844,0.00016124361888530042,0.08847401297460003,0.6751836108491585,1058.5621807489422,True,0.00021070641264112798,0.1457788490209294,0.6151466526129099,882.9870258935803,True,0.00025665810148604683,0.12682124720310273,0.5566065721722124,883.5278024170395,True,0.0383472342285027,0.05730483604632938,False,,5.0%
MFL,1011,0.025717111770524232,5.2720117100390186e-05,0.06898135116175998,0.8617535046067097,2206.153450320553,True,4.82067261100789e-05,0.08266705546459,0.8622716172030203,2089.7054852751753,True,6.0220360115672365e-05,0.07952366603565708,0.8461314495296774,2089.351036901868,True,0.010542314873897105,0.013685704302830018,False,,7.5%
MFL,544,0.025735294117647058,0.00017045780732274476,0.11668590174141347,0.7497397238211903,1062.0802250724828,True,0.0001985965653789943,0.1361159447413539,0.7231034448684751,1000.7050653064728,True,0.00019639729082243887,0.12397638491314214,0.7302335383505486,1000.7396668893211,True,0.007290483171728673,0.019430042999940444,False,,10.0%
MIRKS,509,0.08840864440078586,0.00024021508484222293,0.21560719984126753,0.4660759047363855,1123.1604884009519,True,0.00031309608766541,0.3400533903291618,0.3746235924273244,931.5795889648915,True,0.0003280848491104914,0.2737396149806828,0.3698713569985612,933.0330107547635,True,0.05813241513941525,0.12444619048789429,False,,5.0%
MIRKS,654,0.045871559633027525,2.7923368103805477e-05,0.07870169282268107,0.8949896267102351,1333.3517663245893,True,2.8942959345530128e-05,0.09564317164112399,0.8886088924319411,1206.062399712748,True,4.2715069650679e-05,0.09566018039201186,0.8683069484011852,1206.4251716266222,True,0.0169584875693308,0.01694147881844292,False,,7.5%
MIRKS,544,0.025735294117647058,0.0002607813241220445,0.22383439483202955,0.43112419129086343,1215.7272438290825,True,0.00028671494302056054,0.2723852618859579,0.3911473751312402,1151.2603635115402,True,0.000301031782997883,0.26283519510744296,0.3702676843976409,1152.7246135738076,True,0.039000800275413416,0.04855086705392836,False,,10.0%
MLCF,819,0.08791208791208792,7.997759261215126e-06,0.0757002329252273,0.9150874628545507,1841.6309223896228,True,1.6828671876230875e-05,0.1338207555117376,0.8661792444882368,1545.8224164202452,True,1.335512720140519e-05,0.09833994240887413,0.8887769927670801,1545.4336697028252,True,0.022639709483646825,0.058120522586510306,False,,5.0%
MLCF,1034,0.015473887814313346,2.8652511282747628e-05,0.05722419304045963,0.8934093435719468,2388.104418159927,True,2.905919912365401e-05,0.06522187959910934,0.8885004138049626,2314.561930142524,True,3.1831315070743205e-05,0.06324657491039781,0.8838743548662118,2315.1524898448533,True,0.006022381869938184,0.007997686558649714,False,,7.5%
MLCF,544,0.012867647058823529,0.0001301765228877732,0.2508580330700879,0.6222701025910538,1173.7630080278996,True,0.0001202823046853518,0.2665464444072807,0.6326599233442773,1142.4423223632134,True,0.00012734885140639512,0.25840682882383514,0.6258991916118458,1141.5207923293922,True,0.007548795753747228,0.015688411337192787,False,,10.0%
MQTM,431,0.05336426914153132,0.0001571468378439275,0.15375076311277208,0.7629930543108379,773.2287433088825,True,0.0001464805537952216,0.1921153908527588,0.7636284119617451,683.6538346726566,True,0.0002363329504462792,0.17437364764239355,0.710991967171396,683.0659034805934,True,0.020622884529621466,0.03836462773998672,False,,10.0%
MRNS,599,0.09348914858096828,0.00025532627194540397,0.1710906269211829,0.5196687919918868,1288.2497972109518,True,0.00034474284128705455,0.2785836210283254,0.4232071512562131,1052.91691178798,True,0.0003536137153925851,0.2208442814503306,0.4265229482288194,1054.5219862753527,True,0.049753654529147706,0.1074929941071425,False,,5.0%
MRNS,881,0.01362088535754824,0.00026961812050808176,0.11675623212750386,0.45378107135287493,2006.2584117689892,True,0.0003353131731822827,0.1523275329437236,0.33575831627278435,1951.2350021238742,True,0.00036103223459762877,0.1596551559377441,0.28645941864360724,1953.7010030313147,True,0.04289892381024024,0.03557130081621973,False,,7.5%
MRNS,542,0.00922509225092251,0.00017739678862766677,0.16737779046688084,0.5577553086026272,1248.0468282209824,True,0.0001913446991261748,0.1958220864230354,0.5224343379811788,1223.5040727973844,True,0.00019601306110484214,0.19058100389129495,0.5165933924508925,1223.2448319037012,True,0.023203213424414115,0.028444295956154553,False,,10.0%
MSCL,508,0.16535433070866143,0.0001425255440148856,0.10037360697379155,0.8478225507588204,773.6964443956838,True,0.00023861260688258344,0.2256000225583467,0.7743999774414769,486.01590867624674,True,0.0003332265887406377,0.16501863719655208,0.7519148020908,485.6010086884953,True,0.06464503022276052,0.12522641558455516,False,,7.5%
MSCL,543,0.07550644567219153,0.0003603821603132584,0.29600669628588727,0.46812738032117596,1033.4337504877735,True,0.0004572978418920152,0.5860466274313995,0.3199540586254051,885.2972887275939,True,0.0006022297135135528,0.5280997162018779,0.21253699956437327,892.7268394544544,True,0.23209301991599063,0.2900399311455122,False,,10.0%
MSOT,487,0.21560574948665298,2.8300994128360927e-05,0.10198980276472397,0.8761854824041293,977.7345608922708,True,6.756769838418394e-05,0.15360716606347002,0.8463928339357928,577.7560618073896,True,1.440675419325284e-05,0.07574022991248439,0.9213763957252357,584.8200090329218,True,-0.026249572852239583,0.051617363298746055,False,,5.0%
MSOT,631,0.12361331220285261,0.00048055907222245965,0.14482899031232827,0.6469882753489178,1027.5864001487478,True,0.0004055205490622241,0.17423316881257678,0.7224473078341507,744.8182636040679,True,0.0006034617722168691,0.14060530664105603,0.6520890347750414,745.095322406234,True,-0.004223683671272238,0.029404178500248512,False,,7.5%
MSOT,512,0.04296875,0.00034011050412295103,0.13075689434608367,0.6753209861825904,915.0079618331415,True,0.00035278023184770533,0.1718202482344483,0.6623858891955452,826.9849696375906,True,0.0004520552757920237,0.1647331005372293,0.6019680541115076,827.7918893254299,True,0.033976206191145636,0.04106335388836463,False,,10.0%
MTIL,597,0.038525963149078725,0.0001500681297816063,0.04955061732386326,0.9330466824462902,619.7636122143294,True,0.00020659482514948313,0.07588389822273262,0.9082512073335508,550.6444264128223,True,0.00026627979996490927,0.08560643931123928,0.8905187617331087,553.6107163496963,True,0.036055821987376016,0.026333280898869355,False,,5.0%
MTL,818,0.030562347188264057,4.22826889638543e-05,0.22990481513455174,0.6603348485915189,2155.0583554940135,True,4.070718574077594e-05,0.2938899155961727,0.6410880259841885,2039.7977814876429,True,4.593037646886932e-05,0.27676918020492347,0.6236996514438562,2039.6588690370834,True,0.04686436507037173,0.06398510046162098,False,,5.0%
MTL,1027,0.010710808179162609,8.900972201615833e-05,0.3336781151168585,0.40281973150786077,2800.199270766814,True,8.644624185366124e-05,0.3528144470266764,0.4137307045939215,2742.4781052830585,True,8.743193792612122e-05,0.3467123946760704,0.4084380093122978,2741.8427125894177,True,0.013034279559211881,0.019136331909817894,False,,7.5%
MTL,543,0.001841620626151013,7.209009240185568e-05,0.2827422623004932,0.5380319153496416,1449.507280966106,True,7.511098285203103e-05,0.3042143799281031,0.5169711130282193,1444.9564812039798,True,7.612883541392365e-05,0.2963344721170512,0.5162812468681326,1444.489653460204,True,0.01359220981655801,0.021472117627609866,False,,10.0%
MUGHAL,820,0.10609756097560975,6.548028551854047e-05,0.18867638150343347,0.7297063508814652,1817.5927426697267,True,6.210026196149712e-05,0.3000790015741269,0.699920998425801,1462.29708937515,True,9.610327704766825e-05,0.2564269708594985,0.6551394198048952,1459.312467303363,True,0.06775058935606504,0.11140262007069346,False,,5.0%
MUGHAL,1032,0.01744186046511628,5.2864010448986254e-05,0.08974692630015357,0.8335977556463876,2313.929649882154,True,4.999957918635523e-05,0.1015904523495071,0.8329017306108688,2234.7660045788343,True,5.527799715737823e-05,0.09831884913737607,0.8248622777826018,2235.6075082311536,True,0.008571922837222495,0.011843526049353528,False,,7.5%
MUGHAL,544,0.012867647058823529,8.144268031508042e-05,0.15557202599396913,0.751870920370515,1186.350343944413,True,8.08387705085343e-05,0.17350227278473906,0.745035827836152,1155.5843942627473,True,8.096120468062819e-05,0.16287466576102683,0.749986233990243,1155.113852469802,True,0.007302639767057695,0.017930246790769933,False,,10.0%
MUREB,737,0.0407055630936228,5.586728580304574e-05,0.157571001313636,0.7161876531499726,1829.333577749915,True,0.00017943463593313055,0.363531705102224,0.312118966349573,1696.2713206882304,True,0.0002075195373155708,0.34874021794133736,0.24230216108106206,1698.3192477881319,True,0.19116921662770137,0.205960703788588,False,,5.0%
MUREB,855,0.012865497076023392,8.623103842191509e-05,0.1509849112279824,0.6724938880605478,2081.2744148181464,True,8.354773182143901e-05,0.15536318301864,0.6826458230895922,2026.6159718795054,True,8.42713982480493e-05,0.15266182282850171,0.6811373008649265,2026.850632990647,True,0.001676911600519304,0.004378271790657584,False,,7.5%
MUREB,544,0.0,0.0001621169472961321,0.5816238078573825,0.006293981268309802,1484.5164775433593,True,0.00016211695188939025,0.5816237800776067,0.006293995077240849,1484.5164775433595,True,0.00016211694421917926,0.581623771951439,0.006294013582582478,1484.5164775433611,True,-3.590594355173948e-08,-2.7779775813030483e-08,False,,10.0%
MWMP,544,0.10845588235294118,0.0007284679419255081,0.33407644380884305,0.39292221529530647,877.6092440958871,True,0.0007719412109209105,0.7163339889366789,0.28366601106324235,685.392547640959,True,0.0010740306251749744,0.564655970519502,0.18613719560623904,693.2594874856336,True,0.23057952671065896,0.38225754512783583,False,,10.0%
NAGC,516,0.12790697674418605,0.000309887262643685,0.2500452439376361,0.6189749865330761,855.1265280250642,True,0.00027436406112435393,0.3777643762728198,0.6222356237268241,625.009709332143,True,0.0003551999600844353,0.2895520032317296,0.599638652145225,621.7665345110468,True,0.039506759294093474,0.12771913233518367,False,,7.5%
NATF,744,0.04704301075268817,9.261393675366773e-05,0.17006904641061468,0.6253103095729415,1834.8137044044774,True,0.00010035176295633915,0.23426887662450274,0.5923572370823591,1674.8866711483104,True,0.00011712812472165573,0.21322080156703815,0.556781965548919,1676.9506417610867,True,0.04315175515642347,0.06419983021388806,False,,5.0%
NATF,1030,0.003883495145631068,5.7098802772938335e-05,0.18200800604639605,0.6303736984510263,2774.0202742609717,True,5.714789540457576e-05,0.18391546096803565,0.6314300106470284,2752.009092992218,True,5.509213625857763e-05,0.17685523089666888,0.6432494190453717,2752.0410066210834,True,-0.005152775149727173,0.0019074549216396008,False,,7.5%
NATF,544,0.007352941176470588,4.9368761547179165e-05,0.16076422098292736,0.7561287599071915,1327.319280509345,True,5.819388668225865e-05,0.19163085101993882,0.7193160419056059,1307.8865723216948,True,4.6515119244562986e-05,0.15715234193186972,0.7667002506718384,1307.2538272080155,True,-0.0036118790510576426,0.030866630037011455,False,,10.0%
NBP,820,0.024390243902439025,3.05125576288393e-05,0.1536090565256948,0.7557155531089792,2174.556650895055,True,3.177344110917086e-05,0.19619510985346844,0.7300843575380928,2081.9957642333366,True,3.302337249208786e-05,0.1863162352915996,0.726566691571497,2083.7272566785005,True,0.032707178765904815,0.042586053327773654,False,,5.0%
NBP,1034,0.004835589941972921,3.813673495486844e-05,0.16640659846165207,0.7310590638455309,2699.901486164832,True,3.934754111671855e-05,0.1777863264477203,0.7210052235825926,2677.0806454644976,True,4.046448867427232e-05,0.17530717765682946,0.7179568741506526,2677.1230532948334,True,0.008900579195177394,0.011379727986068233,False,,7.5%
NBP,543,0.016574585635359115,3.602841682087e-05,0.03644777453607592,0.9228185157810467,1145.114776235731,True,3.271854635525114e-05,0.03979358785286127,0.9259246011937909,1103.6595999172482,True,3.70205105501956e-05,0.03874002944112882,0.9208632550194615,1103.4449580955445,True,0.002292254905052901,0.003345813316785351,False,,10.0%
NCL,819,0.042735042735042736,0.00012125040731687702,0.14997618624160255,0.6154095579766583,1956.6953436784327,True,0.0001211740996112369,0.187864396274852,0.6148976986494279,1794.7722481517262,True,0.00012890513003805144,0.16284339506758364,0.6100591646925716,1794.4192956281966,True,0.01286720882598108,0.037888210033249436,False,,5.0%
NCL,1031,0.011639185257032008,0.0001377378289286142,0.10083556926421089,0.6123164085122366,2485.334959800167,True,0.00014540078614828122,0.11307017975262706,0.5944928093179679,2425.8339424629285,True,0.00014938064773619013,0.1129212207968761,0.5843377372923984,2427.010408329688,True,0.012085651532665206,0.012234610488416175,False,,7.5%
NCL,543,0.0055248618784530384,0.00012456823259569008,0.23849461979008157,0.602732016319478,1231.9984916413846,True,0.00012129665570611171,0.24719363403909494,0.6060743524774398,1218.057385436066,True,0.00012885374134232434,0.2522808787931895,0.588591852275924,1218.1339089566602,True,0.013786259003107926,0.00869901424901337,False,,10.0%
NCML,689,0.030478955007256895,0.000941860387647982,0.4583546888882648,0.3969810699663944,973.3459459373385,True,0.000995274181435152,0.5374659949484462,0.36868373859124864,906.3320695454412,True,0.0010379638049360558,0.49437761578950246,0.3633940671536888,906.4845257403041,True,0.03602292690123765,0.07911130606018135,False,,5.0%
NCML,774,0.012919896640826873,0.0011175823523011585,0.1935034739106926,0.5814164580329513,993.8683372892682,True,0.001261212010191013,0.20741935825678715,0.5491858909123214,957.2122160252756,True,0.0013228319727788753,0.2000646314620882,0.5383799231792626,955.930929417717,True,0.00656115755139558,0.013915884346094531,False,,7.5%
NCML,506,0.043478260869565216,0.0003240125207509256,0.1325968438451019,0.6906514530717578,886.8587807633976,True,0.000368582766760484,0.20375576494067127,0.6380480538152566,805.3543325295815,True,0.0014029708830269466,0.3501598212695336,3.2704062333732955e-13,808.1620052438003,True,0.2175629774244317,0.07115892109556937,False,,10.0%
NCPL,819,0.026862026862026864,4.904669485397292e-05,0.2831013928469649,0.617689859311209,2123.082528876348,True,4.886052168800141e-05,0.32822673051253687,0.6082531652244435,2018.6300333159293,True,5.0746788104854846e-05,0.3076673132797811,0.6055801936367484,2018.4142006085096,True,0.02456592043281619,0.045125337665571974,False,,5.0%
NCPL,1032,0.03972868217054264,0.00017082615945480148,0.257747033664188,0.49379838372206314,2377.0809952628765,True,0.00021111667570670529,0.37754958813859846,0.39687058185077095,2192.911390375702,True,0.0002262359318324495,0.335977724285709,0.3819554156156515,2192.402400012587,True,0.07823069062152099,0.11980255447441046,False,,7.5%
NCPL,543,0.034990791896869246,5.5348137593726844e-05,0.11867076905858545,0.8302983145580152,1132.5517616647307,True,5.5629131831539736e-05,0.1475535107133427,0.8199697774376196,1055.9828070748454,True,5.7442626031330274e-05,0.13087947098129266,0.8226434370267941,1057.1998796289492,True,0.012208701922707205,0.028882741654757238,False,,10.0%
NESTLE,522,0.06321839080459771,4.117921712290399e-05,0.13267039241536083,0.8009395691160119,1218.2375154310357,True,5.242046938525342e-05,0.1883898654198306,0.7623681103967895,1072.5739766321703,True,5.449611471787799e-05,0.16167732209858443,0.7640914753742898,1073.125400311977,True,0.029006929683223603,0.05571947300446978,False,,5.0%
NESTLE,829,0.0048250904704463205,5.891966423446158e-05,0.14188659765658773,0.708980198840587,2107.3878182425965,True,6.31008807099181e-05,0.14582055023738202,0.6969727438577461,2085.8987043036605,True,6.31121698762657e-05,0.1439439129748965,0.6977781908805343,2086.014932832754,True,0.0020573153183087722,0.003933952580794292,False,,7.5%
NESTLE,544,0.0055147058823529415,4.023682180996723e-05,0.25385568051954527,0.5089266533387184,1669.0526569891872,True,4.237742374457344e-05,0.27628391487202664,0.4855552989016873,1652.231715917184,True,4.2580874149403716e-05,0.2707540398185065,0.4855184535705408,1651.9968680456723,True,0.01689835929896122,0.02242823435248137,False,,10.0%
NETSOL,819,0.12942612942612944,4.572201645273543e-05,0.13272904718823886,0.8170098051839856,1750.0330144565223,True,4.755631929185931e-05,0.20427665667936754,0.7957233433201238,1328.8282876381015,True,5.358959963719208e-05,0.16223468088725485,0.7958345214925537,1330.0791466245078,True,0.029505633699015987,0.07154760949112868,False,,5.0%
NETSOL,1034,0.07640232108317214,0.00012362127357736427,0.17994674477035716,0.7189474707578014,2067.337289879464,True,0.00015273992248857169,0.30338635295989846,0.6484484669922757,1753.7712250703019,True,0.00020286619632426197,0.2670696189450281,0.6038229090756109,1755.6148610553387,True,0.08712287417467096,0.1234396081895413,False,,7.5%
NETSOL,544,0.014705882352941176,8.118132405533809e-05,0.17444167689313772,0.7069241546441958,1259.0953784387311,True,8.206145290755448e-05,0.2022061932339582,0.6939300934959928,1224.2105206090139,True,8.517141738528341e-05,0.19110025395059077,0.6921530111927292,1223.077849590692,True,0.01665857705745305,0.027764516340820472,False,,10.0%
NEXT,701,0.10413694721825963,2.9188732010346397e-05,0.08374592986138096,0.9053979979820554,1154.7729778780586,True,0.00013624739665980568,0.22912931733862704,0.770870682661289,887.4416865471743,True,7.3434068263976e-05,0.12067335296261475,0.856400157451414,883.7679802127941,True,0.036927423101233786,0.14538338747724608,False,,5.0%
NEXT,878,0.02050113895216401,0.0006057161259283709,0.1640702486983999,0.5189048281809816,1517.9302632943177,True,0.0006831585615832481,0.20643640733556817,0.4627331765476803,1447.5074275692261,True,0.0007101213833119732,0.1957482081120616,0.451708898221412,1447.1609417986767,True,0.031677959413661694,0.04236615863716828,False,,7.5%
NEXT,543,0.029465930018416207,0.0001382174356771898,0.11145054651954606,0.792886855162745,1020.1239162762823,True,0.00023356702293265838,0.18004398094842178,0.6832786762111123,955.6155794707064,True,0.0003885729318503752,0.19722981686203025,0.556072290105939,956.5119238088721,True,0.0857792703424842,0.06859343442887572,False,,10.0%
NICL,624,0.05128205128205128,0.00011630622753750584,0.14718846750579276,0.6248778711947613,1491.3985085833629,True,0.00013857710018048985,0.22062673094556595,0.5619984907489077,1347.1152378666386,True,0.000180829707214277,0.21050268525996962,0.47705345702492363,1347.9539828522388,True,0.06331421775417687,0.0734382634397732,False,,5.0%
NICL,847,0.03659976387249114,8.864339867192432e-05,0.10452203019743717,0.7792170579933819,1852.8683858838301,True,0.00011969983719066233,0.14818530256903417,0.7185527513802898,1715.595584963324,True,0.00014866843410888284,0.15243699810512013,0.6708775972591117,1717.9002462711787,True,0.04791496790768296,0.043663272371597006,False,,7.5%
NICL,541,0.0018484288354898336,0.00036095487297086717,0.32888659168024226,0.09225057547913507,1265.9212837393297,True,0.0003630415116399336,0.3355465452484521,0.08783558920766188,1260.8615524547836,True,0.00036261089054758226,0.3334191693240517,0.08952296249595135,1260.8941294751592,True,0.004532577643809432,0.006659953568209864,False,,10.0%
NML,821,0.024360535931790498,3.567060200681697e-05,0.09280975042533277,0.828261277485494,2019.4060940624595,True,3.281262460321361e-05,0.0990476034905012,0.8368095816106296,1925.171503856322,True,3.564826856323031e-05,0.09233480297509691,0.8327246885714584,1924.754894292611,True,-0.00047494745023585194,0.006237853065168428,False,,5.0%
NML,1034,0.007736943907156673,5.182973205416212e-05,0.091693560496591,0.79031024855374,2544.705778032003,True,5.6358368321752395e-05,0.1064179971416978,0.7702424879193389,2507.2327298513474,True,5.9595128891592096e-05,0.10605234831760266,0.7616773722336542,2507.679756091129,True,0.01435878782101166,0.014724436645106809,False,,7.5%
NML,544,0.01838235294117647,5.333941559631612e-05,0.21087399674089563,0.7470999911454925,1207.6543340176543,True,4.904415293477425e-05,0.24938339426887488,0.7365997555104601,1164.282690877975,True,5.7394083447800664e-05,0.2339534128421716,0.7291693815256064,1163.0604535848397,True,0.02307941610127598,0.038509397527979244,False,,10.0%
NONS,655,0.17862595419847327,0.0003449752168076779,0.21497219176139293,0.42892935909720276,1355.4451142028288,True,0.00048766326053275406,0.5545188422890325,0.29285663447481697,895.6273304312103,True,0.0005248155522886231,0.40022496564912546,0.2686609290332577,904.1122462951009,True,0.18525277388773254,0.33954665052763955,False,,5.0%
NONS,501,0.027944111776447105,0.0005822049934824703,0.23382481865876242,0.19207322961268358,1033.6641404624052,True,0.0006891743766864506,0.3072196170713002,0.08735092909827508,972.8461852615388,True,0.000593765753642416,0.26430565705840425,0.1949076148865499,973.8926248584913,True,0.03048083839964183,0.07339479841253777,False,,10.0%
NPL,795,0.02012578616352201,5.0389105406827196e-05,0.18470968240051183,0.6941963079556106,2022.1426279702846,True,5.468687689247337e-05,0.2193152321236676,0.6671289546196446,1945.055316917714,True,5.7730789587611404e-05,0.20308949048268005,0.6651547313432111,1944.080625426824,True,0.018379808082168214,0.03460554972315577,False,,5.0%
NPL,1023,0.024437927663734114,7.909832100926978e-05,0.1670075415625697,0.669248005162211,2515.284813385122,True,8.196311127242282e-05,0.20448806266637543,0.6511492707305269,2395.51658174258,True,9.076332398130764e-05,0.19631580411247346,0.6296252508877447,2395.1101789026807,True,0.029308262549903763,0.03748052110380573,False,,7.5%
NPL,543,0.02394106813996317,5.855432457278331e-05,0.11259985615129207,0.8244597520694705,1153.5417957554794,True,6.69673116441526e-05,0.15404095913841165,0.7908341728291474,1103.8673311535372,True,7.13194477030867e-05,0.146246123884192,0.785443440855492,1105.9356476496127,True,0.03364626773289993,0.041441102987119574,False,,10.0%
NRL,820,0.07926829268292683,2.946613529784824e-05,0.12980035869934575,0.8283214595212621,1879.3606709622154,True,3.027434594558072e-05,0.20258972370559564,0.7970649756189683,1609.2183890396527,True,3.188062748271123e-05,0.14676343339561912,0.8179170891962082,1611.6976101860425,True,0.016963074696273367,0.07278936500624988,False,,5.0%
NRL,1034,0.041586073500967116,6.792115413166907e-05,0.1260191987587123,0.8015145513705657,2189.0576532623427,True,7.701544816734855e-05,0.17329287341439545,0.7696753867163812,2007.8557237318835,True,0.00011936285781696498,0.18176201455436686,0.7061400940414814,2010.7680403198017,True,0.05574281579565457,0.04727367465568316,False,,7.5%
NRL,544,0.025735294117647058,0.0002330128829423896,0.14396950609006615,0.661764765609658,1078.9267798910705,True,0.0002455999212019874,0.17662747467239476,0.6424672003444605,1018.5908914845594,True,0.0002550276850680832,0.16955834612257076,0.6340636688466608,1018.6718862965271,True,0.02558884003250461,0.03265796858232861,False,,10.0%
NRSL,821,0.014616321559074299,0.0002347109632803332,0.11059299384873239,0.7175392006936595,1561.9974214335302,True,0.00023061754349226965,0.11001423348764544,0.7285791620901683,1508.3099283615466,True,0.00023525857566566175,0.10569909023647031,0.7266054434083868,1507.8098020211646,True,-0.004893903612262079,-0.0005787603610869496,False,,5.0%
NRSL,1022,0.023483365949119372,6.896862315068618e-05,0.08422996078260718,0.8385975067384919,2156.200341283572,True,7.61397803902782e-05,0.09825799617357492,0.8255598665885795,2048.345700987624,True,8.469252844117281e-05,0.09096917187049611,0.8187974064307462,2047.4993336311863,True,0.006739211087888927,0.014028035390967739,False,,7.5%
NRSL,544,0.029411764705882353,7.503098952761839e-05,0.18900176338955044,0.7492509727468397,1130.4718087694737,True,7.381652256741494e-05,0.2343938857772794,0.7327306252817839,1068.6920636785921,True,8.127258348293507e-05,0.2122735729467764,0.7305521974230031,1069.7679987729464,True,0.023271809557225964,0.04539212238772897,False,,10.0%
NSRM,421,0.11163895486935867,0.0006878498899416556,0.31963539561706455,0.37509506504407064,718.9815265384952,True,0.0008577475122872038,0.6552045933825528,0.2709399273542801,560.5033655138138,True,0.0010192940873505409,0.5566978217085925,0.1787033842377463,570.2882709037825,True,0.23706242609152794,0.3355691977654882,False,,10.0%
OBOY,743,0.014804845222072678,2.8469500109242336e-05,0.10438418597335604,0.8956158140253156,1109.9294228871909,True,2.914575924047826e-05,0.09867866129369463,0.9013213387056931,1063.7194788328113,True,2.9193025720707346e-05,0.10130886965988525,0.8986911303399039,1061.1417097070655,True,-0.0030753163134707856,-0.005705524679661414,True,,5.0%
OBOY,755,0.07947019867549669,4.5771046703046154e-05,0.09014376109540999,0.88946941500036,1290.763818724034,True,4.6264749123664105e-05,0.12571903313563215,0.8742809668640548,1090.5797838537092,True,5.817848412839564e-05,0.11601139512311431,0.8640764738329061,1098.1249164584194,True,0.025867634027704325,0.035575272040222164,False,,7.5%
OBOY,542,0.06457564575645756,0.0004317799761937959,0.2735869859835344,0.47286606644132234,999.0337446843519,True,0.00045420054729483454,0.4083023319196597,0.43825107963645055,864.9751424134827,True,0.0004696999930104257,0.3294801678103978,0.44842598185106075,865.3956782616417,True,0.05589318182686337,0.13471534593612527,False,,10.0%
OCTOPUS,653,0.06278713629402756,4.7084300338274424e-05,0.12005420502993124,0.8292990288141695,1406.7078043320457,True,4.988921428777978e-05,0.17355487817504328,0.805695722134679,1235.8066390366903,True,5.540984606565227e-05,0.1449136943404743,0.807442823731624,1238.5377063619242,True,0.024859489310543062,0.053500673145112046,False,,7.5%
OCTOPUS,544,0.03308823529411765,7.965253049631135e-05,0.24220151260082773,0.684940512444491,1217.0672674714774,True,7.404697864380491e-05,0.28786598874561337,0.6850021070303147,1142.0109951043175,True,7.889704431764377e-05,0.2618056441055777,0.6815291965677857,1140.797929044987,True,0.01960413150474999,0.04566447614478564,False,,10.0%
OGDC,821,0.0048721071863581,2.697320007549613e-05,0.13939046252122594,0.7588108615143978,2263.6099469583214,True,2.7127991615900482e-05,0.14534378590312766,0.755527102756447,2243.452776275363,True,2.6708859348975872e-05,0.14128615656521196,0.7596811563794608,2243.507843497037,True,0.0018956940439860126,0.005953323381901715,False,,5.0%
OGDC,1034,0.012572533849129593,1.5664934710451245e-05,0.09230524879972485,0.8746857331226832,2560.2250753635517,True,1.438459932758767e-05,0.09984331410268904,0.8744014373380513,2498.6478823028874,True,1.557862985577588e-05,0.09451432665807974,0.8740646345193979,2498.9287926750662,True,0.002209077858354891,0.007538065302964192,False,,7.5%
OGDC,544,0.0055147058823529415,0.0001110343154308589,0.2530179609080837,0.5384375999000931,1338.5496388852002,True,0.00010407836773668002,0.25128225957129513,0.5602529414800108,1323.0649632358688,True,0.00011150081137357247,0.2548957286123102,0.539638352330698,1322.8384488971892,True,0.001877767704226485,-0.0017357013367885754,False,,10.0%
OLPL,799,0.03504380475594493,3.605658341795145e-05,0.10010110240571575,0.7966607246013971,2064.5659777367564,True,4.8200776713046045e-05,0.14803108693332928,0.7369718318218335,1927.8311168401967,True,5.631705062971157e-05,0.14887363966166595,0.7061493349675749,1929.9312162301833,True,0.048772537255950196,0.04792998452761353,False,,5.0%
OLPL,1008,0.001984126984126984,6.656886808560611e-05,0.23039541930562576,0.49506635157263845,2839.306928186227,True,6.68272723199531e-05,0.23633869332929716,0.49174264615105323,2828.466728008854,True,7.254613920067564e-05,0.28174514310852694,0.43422069431718546,2833.2489068235923,True,0.051349723802901176,0.005943274023671397,False,,7.5%
OLPL,537,0.0,3.834549547760443e-05,0.3098354271654824,0.6294124024632961,1447.3924191260421,True,3.834549547760443e-05,0.3098354271654824,0.6294124024632961,1447.3924191260421,True,3.8345488876610905e-05,0.3098354690961921,0.6294124212625903,1447.3924191260437,True,4.193070968216972e-08,0.0,False,,10.0%
OML,505,0.06732673267326733,0.00041656344256866965,0.2080776281844271,0.5984332071473618,863.3786169674745,True,0.00048161484222869445,0.32237715211878615,0.5413975917382949,745.758668405498,True,0.0006158258847186171,0.32539490623472744,0.45073548905962635,752.8616332228299,True,0.11731727805030034,0.11429952393435905,False,,10.0%
OTSU,572,0.0944055944055944,0.00012167970592960047,0.12977696577535072,0.7492903977373822,1166.9611929977395,True,0.0001839035263374452,0.216875892383591,0.6650236767068445,949.1689522561353,True,0.00024820644218534075,0.18778066068233104,0.6080701632273259,951.925171414557,True,0.05800369490698032,0.08709892660824028,False,,5.0%
OTSU,589,0.057724957555178265,0.0001746503837576551,0.19744894067723656,0.6923931087079478,1095.4328335796135,True,0.0002030585281367844,0.2927694217047929,0.6346490769387914,966.7352958967854,True,0.000254346281970521,0.2670692450149662,0.5993817451900778,967.9824478096252,True,0.06962030433772964,0.09532048102755636,False,,7.5%
OTSU,543,0.049723756906077346,8.870476971356969e-05,0.11865313165432437,0.8076068962848821,1089.356204417942,True,8.298638007397745e-05,0.15257220803086927,0.8054244669449533,982.1779808876404,True,0.00010515907193338038,0.14455938653152153,0.7813669143535702,985.6252837413115,True,0.025906254877197166,0.0339190763765449,False,,10.0%
PABC,705,0.015602836879432624,5.9358501088162266e-05,0.09137588563318919,0.7970490671863812,1684.2022821227756,True,6.194523695517182e-05,0.09694850099088634,0.7932732339295424,1629.0040750130004,True,6.556919725113822e-05,0.0921775380520155,0.7880205552696304,1628.0917210763646,True,0.0008016524188263208,0.005572615357697153,False,,7.5%
PABC,544,0.011029411764705883,9.20925064326392e-05,0.1503175875429549,0.717181888575761,1242.6680736479857,True,9.251206167912459e-05,0.1663140436825815,0.710490636452007,1214.6991195560013,True,9.409294968529088e-05,0.15938024142053014,0.7107255413008788,1214.072941734015,True,0.009062653877575239,0.015996456139626608,False,,10.0%
PACE,818,0.003667481662591687,5.25084298285945e-05,0.0726245229369114,0.897998827118252,1494.3165579877361,True,5.463361876704361e-05,0.07223837377609489,0.8973486520136886,1480.2753233451695,True,5.511108955044721e-05,0.07194177250706812,0.8969826180836616,1479.8452706617,True,-0.0006827504298432818,-0.0003861491608165152,False,,5.0%
PACE,1034,0.0029013539651837525,0.0005130926797510623,0.19842695790870865,0.5386458937468421,1830.484676486003,True,0.000521671957408283,0.20281152222104448,0.5331400955409735,1815.9161980952324,True,0.0005225548723027656,0.20135756404497235,0.5333157813438227,1815.889687193617,True,0.002930606136263697,0.004384564312335831,False,,7.5%
PACE,544,0.0625,0.00011411899163312568,0.11712757282890485,0.8351708056773783,915.8828920988676,True,0.0001150408082107009,0.1606929590684143,0.822414125493447,794.4767915877081,True,0.00012467399177177788,0.13582650179926192,0.8225845645973193,797.721196085122,True,0.018698928970357076,0.04356538623950945,False,,10.0%
PAEL,821,0.09013398294762484,6.26039202530931e-05,0.13759025563793673,0.7811337724449464,1815.5993349674393,True,6.344803518828136e-05,0.205437670770641,0.7639746545388144,1502.279204928925,True,0.00010165505341365586,0.17889744022345788,0.713035575415354,1502.0106291358327,True,0.041307184585521156,0.06784741513270429,False,,5.0%
PAEL,1033,0.02032913843175218,6.540860636397838e-05,0.11957784150605957,0.7969989082378695,2269.4841936660696,True,6.014459536815099e-05,0.1324040382996829,0.8012342065265845,2176.4110709075235,True,6.723199312609444e-05,0.1271191666265619,0.7917762910716195,2175.844293712031,True,0.007541325120502318,0.012826196793623318,False,,7.5%
PAEL,544,0.014705882352941176,8.228562152126317e-05,0.21220935870099,0.7129175425168164,1178.0808418460072,True,8.079852804009912e-05,0.2390522211909328,0.7039526366038753,1142.453409353602,True,8.535592434775205e-05,0.22010381798976314,0.7070471411567192,1140.7963370274042,True,0.007894459288773137,0.026842862489942804,False,,10.0%
PAKD,549,0.13479052823315119,0.0005601818804435714,0.2692711037808535,0.14921056117636616,1138.665283558583,True,0.0005816859754122666,0.49017730198431264,0.18234337831876854,841.1117785878397,True,0.0007110264633393999,0.35028740474773823,0.1021731098247155,840.7613304415124,True,0.08101630096688472,0.22090619820345914,False,,5.0%
PAKD,903,0.048726467331118496,0.00021786338582362503,0.22595127041376498,0.5482652850004603,1894.850328655275,True,0.00021300223121356783,0.305272718462796,0.5359450444415554,1715.84640212364,True,0.00026179195488926763,0.2832979800885782,0.4823343733047637,1719.6760111287224,True,0.05734670967481323,0.07932144804903105,False,,7.5%
PAKD,544,0.06433823529411764,0.0002683349749190996,0.19185453473099917,0.6122342303460322,1049.0380880175494,True,0.0003305065742753894,0.3305717193885306,0.5243457977742494,920.2047342930953,True,0.00040655266143531935,0.33904805586320985,0.44342458666401874,931.5902872627822,True,0.14719352113221068,0.1387171846575314,False,,10.0%
PAKL,489,0.11860940695296524,0.0006630613960364959,0.22935085687287882,0.5030526060827198,790.0557661504388,True,0.001031812345475193,0.5088310217950816,0.31204603657318875,592.6814779846455,True,0.0011863431730874097,0.4571431773153507,0.23318590916864107,607.8769575220308,True,0.22779232044247189,0.27948016492220273,False,,10.0%
PAKOXY,999,0.02002002002002002,0.00010479611370022272,0.3013624433502631,0.4591433275840483,2568.7377472647477,True,0.0001097348249074974,0.36360713796746835,0.4293121671332788,2476.172271507131,True,0.0001159801223162942,0.34529334193525796,0.4131328267403386,2476.7954406081835,True,0.04393089858499488,0.062244694617205276,False,,7.5%
PAKOXY,543,0.01841620626151013,7.588533818152064e-05,0.18368294484348807,0.7151536256636315,1241.9675927676171,True,9.217743046113254e-05,0.22959005521849624,0.666834870123129,1198.184802163999,True,0.000106504869858218,0.23140728534766966,0.6371150379875095,1198.8088105895868,True,0.04772434050418159,0.045907110375008164,False,,10.0%
PAKRI,795,0.027672955974842768,8.626419196820369e-05,0.17757976496140704,0.6221090839854139,1979.3483055679062,True,8.271240038548521e-05,0.20760101695398636,0.6258194741698659,1876.09827222734,True,9.453089389189443e-05,0.19463039792156567,0.6002927791246897,1875.535636749735,True,0.01705063296015863,0.030021251992579323,False,,5.0%
PAKRI,981,0.01834862385321101,8.483757154851301e-05,0.1780289035364786,0.6498658164365767,2407.448517532613,True,9.116629569234359e-05,0.2239031113926146,0.6161755561909914,2330.815894070351,True,9.984266062247312e-05,0.22297621606577117,0.5905640825621419,2334.0342149048033,True,0.04494731252929257,0.045874207856135996,False,,7.5%
PAKRI,543,0.01841620626151013,5.705160283880872e-05,0.1254370585556791,0.7947182895357456,1235.6412060634598,True,5.9010014223286414e-05,0.14655805515100695,0.7829410834797313,1188.9398254438418,True,6.230552266334082e-05,0.1375085076960021,0.7808920211523086,1188.7930885076328,True,0.012071449140322987,0.021120996595327846,False,,10.0%
PAKT,485,0.09278350515463918,0.0001344370265061703,0.19734149997620298,0.6620328293823776,1019.9770693007556,True,0.00012519663665950642,0.2702027067839565,0.6703080813237443,837.6657093889398,True,0.0001400979922312774,0.20265872667450857,0.6776267051707674,835.0699452903713,True,0.005317226698305588,0.07286120680775354,False,,5.0%
PAKT,767,0.011734028683181226,2.686082884114078e-05,0.06971374720180194,0.8958068443218525,1668.4696148908765,True,2.587480315228451e-05,0.07502914386827036,0.8945933387104148,1629.0518254329952,True,2.5608829548238837e-05,0.06961760432237446,0.898407007780927,1628.9231037296522,True,-9.614287942748267e-05,0.005315396666468422,False,,7.5%
PAKT,544,0.0055147058823529415,3.242488265732505e-05,0.09897460855405718,0.8198788854997201,1389.9612931205354,True,3.157623183503938e-05,0.10344010910053482,0.8207469938427824,1375.0972769122889,True,3.1413769316735485e-05,0.10042666369153258,0.8226801822743908,1374.643650443888,True,0.0014520551374753998,0.004465500546477638,False,,10.0%
PASL,821,0.0,0.0006202558122347761,0.496949494155592,0.4091496755640984,1287.365176093871,True,0.0006202558122347761,0.496949494155592,0.4091496755640984,1287.365176093871,True,0.0006202555431338758,0.4969493970870984,0.409149808688852,1287.3651760938726,True,-9.706849357637992e-08,0.0,False,,5.0%
PASL,1034,0.0,0.0006215027406826458,0.12640758551777836,0.6351150554336595,1638.1494849555502,True,0.0006215027406826458,0.12640758551777836,0.6351150554336595,1638.1494849555502,True,0.0006215028467912182,0.12640756170395134,0.6351150466045202,1638.149484955552,True,-2.3813827021434975e-08,0.0,False,,7.5%
PASL,544,0.003676470588235294,0.0002631511386354398,0.2713100192064267,0.676135538916171,899.4540856281691,True,0.000264873376176929,0.28869619855911544,0.6674407492103838,894.2988483829432,True,0.00027848908916668015,0.283344794408288,0.6619214775534994,893.4326228565959,True,0.012034775201861303,0.017386179352688713,False,,10.0%
PASM,540,0.02962962962962963,0.0031703236263888263,0.22151618280761462,1.2234137044371347e-11,732.6028325327735,True,0.003239270059140472,0.2712882705114041,0.0029024419509036514,675.2133713880127,True,0.003149818996330584,0.26098590957462797,0.024967087232597024,676.3925043176373,True,0.03946972676701335,0.049772087703789464,False,,10.0%
PCAL,679,0.05891016200294551,0.00015366293789245087,0.147730579443072,0.6000366993925264,1560.411861493182,True,0.00017116682896341266,0.19233272050716593,0.5779617183963119,1381.7119975754106,True,0.00017511182161548565,0.16809909691727434,0.5764917544502539,1383.5631917370663,True,0.020368517474202347,0.044602141064093936,False,,5.0%
PCAL,986,0.028397565922920892,7.990058566519024e-05,0.1277331611676838,0.7417323497594399,2287.5914109474015,True,8.582622861502028e-05,0.15696948318425388,0.722746637527898,2154.984466817653,True,9.176580900574609e-05,0.14420660786648526,0.7170189225051758,2155.344350266281,True,0.016473446698801464,0.029236322016570088,False,,7.5%
PCAL,544,0.014705882352941176,0.00020184457777636008,0.1209419296596,0.6421540049902881,1163.3314750006293,True,0.00028442119624487287,0.1628210667767424,0.5213032285673446,1126.0154211496242,True,0.0002808572331267832,0.15018700349204955,0.5323849636397866,1126.388568740807,True,0.02924507383244955,0.041879137117142404,False,,10.0%
PECO,447,0.16778523489932887,8.820015545104994e-05,0.14657492271831354,0.7616023162624539,932.3778169607219,True,0.00010101276671631033,0.2814424107764715,0.7185575892234426,643.0963134789631,True,0.0001478189631618162,0.267994158404224,0.6415176806773717,653.222327076869,True,0.12141923568591048,0.13486748805815793,False,,5.0%
PECO,532,0.02443609022556391,0.00022715183025202206,0.1550348508745262,0.692430010048205,1001.7538203732286,True,0.00027717143747029685,0.1941340829408077,0.641293705487544,947.680845590006,True,0.00032125384876718487,0.1828813131338354,0.6128642613291321,947.8631286691976,True,0.0278464622593092,0.03909923206628149,False,,10.0%
PGLC,502,0.10358565737051793,0.0002307303382242631,0.2009027027519268,0.7658212900408365,625.363696825415,True,0.00028771836585946817,0.27534106438434436,0.724658935615232,472.68996416425534,True,0.0002871677075248727,0.23476128988432882,0.733291877052113,470.3917427441221,True,0.03385858713240203,0.07443836163241757,False,,7.5%
PGLC,541,0.053604436229205174,0.00013224895418581338,0.23148330743272044,0.6976227446763184,1022.3400991507557,True,0.0001360627893306255,0.33779820664176163,0.6547998563552027,924.9635566897666,True,0.00018139085379666577,0.3014180183100614,0.6191009524113964,929.7224272369128,True,0.06993471087734093,0.10631489920904119,False,,10.0%
PHDL,517,0.19922630560928434,4.2969680550771954e-05,0.116940559497034,0.845899197631448,1037.1716889618037,True,0.00013201825415940744,0.26823910325643896,0.7317608967434552,640.0107027843377,True,0.00015808225328248449,0.19945723426268663,0.7123274033926035,640.624934847887,True,0.08251667476565264,0.15129854375940496,False,,5.0%
PHDL,739,0.07983761840324763,5.97789911362125e-05,0.1692029283379849,0.7857941846319187,1477.9566221811767,True,5.7167308691458195e-05,0.2327217016519509,0.7672782983477417,1259.044787638086,True,8.398913616825102e-05,0.22406040560835577,0.73036821468578,1266.8536653466615,True,0.05485747727037088,0.06351877331396602,False,,7.5%
PIAHCLA,821,0.007308160779537149,0.00025188837949537764,0.21438181396284128,0.6171317295023684,1590.0882797528218,True,0.00026351820026873185,0.23476555170186475,0.5991753651177135,1564.368240196199,True,0.00027184069818187687,0.23211632748448707,0.5922409564357554,1563.5859224209937,True,0.01773451352164579,0.020383737739023466,False,,5.0%
PIAHCLA,1034,0.037717601547388784,8.160833685353099e-05,0.1112807151146977,0.8264843148132293,2062.507883956111,True,7.116208253089411e-05,0.15530655397058601,0.8174737262352569,1921.0942648138866,True,8.397401636875412e-05,0.1399441212521349,0.8085378695847681,1931.0702755644445,True,0.028663406137437203,0.044025838855888316,False,,7.5%
PIAHCLA,544,0.0661764705882353,4.988820734249503e-05,0.18146484060889817,0.8037022312887907,1029.9627504271266,True,0.00027427960798633624,0.5278967790031139,0.47210322099655777,892.3082511593594,True,5.96468176795629e-05,0.21160976216202715,0.7803177122684349,887.8322554710295,True,0.030144921553128978,0.34643193839421577,False,,10.0%
PIBTL,820,0.03048780487804878,6.280528439037093e-05,0.11272266252385335,0.8052407307822341,1824.5655522507313,True,7.235624669490025e-05,0.1284351499656557,0.7900671270237829,1710.6248238704766,True,8.507253734505447e-05,0.12131369220180327,0.7724591370841674,1708.4294997018053,True,0.008591029677949918,0.015712487441802342,False,,5.0%
PIBTL,1034,0.0029013539651837525,5.920437071558948e-05,0.08862369766761552,0.8232232939437331,2337.046812275507,True,5.714433224615293e-05,0.08691834251646915,0.8286079647007849,2321.1808561632847,True,5.8164444314623384e-05,0.0867168018478631,0.8268850771840905,2321.022477988604,True,-0.0019068958197524244,-0.001705355151146365,False,,7.5%
PIBTL,544,0.02022058823529412,7.851127942739251e-05,0.06494458392507203,0.8674588065652606,1084.5248968852052,True,7.570910616171042e-05,0.07167544883485613,0.8692726789057452,1035.0221663292484,True,7.967592685827032e-05,0.0643083127393136,0.8698593436702398,1034.2235886096712,True,-0.0006362711857584302,0.006730864909784098,False,,10.0%
PICT,670,0.05970149253731343,0.0001749384231747636,0.2643564954399202,0.4366620487063703,1574.135129595696,True,0.00018384602615317906,0.39428972108856464,0.39384425710258997,1406.0553949883786,True,0.00021389119693503552,0.3604727894193779,0.33923326113542995,1409.417567419912,True,0.0961162939794577,0.12993322564864446,False,,5.0%
PICT,1017,0.0471976401179941,1.7448766908556208e-05,0.23505789221246925,0.7431479122266297,2754.8957409685704,True,2.1200476847507664e-05,0.30863501322208403,0.6913649867779028,2575.861036484932,True,2.3479341237922884e-05,0.32046171187721617,0.6706572965878952,2585.2797349425614,True,0.08540381966474692,0.07357712100961478,False,,7.5%
PICT,543,0.03867403314917127,0.00013021068777187354,0.2998012238171856,0.594491702295043,1204.1532292363934,True,0.00013583994156953345,0.39837633281325746,0.566541296134339,1114.4492504470095,True,0.00017930145183864791,0.37343024652824086,0.5020875462316337,1112.5552939976028,True,0.07362902271105526,0.09857510899607186,False,,10.0%
PIL,817,0.011015911872705019,3.737416857466803e-05,0.06150992062755539,0.931805254873191,1209.2809506629028,True,4.1266166660564704e-05,0.07068663628044836,0.9244882203552869,1177.576793632018,True,5.03105767178862e-05,0.06917613188531271,0.9211445028034875,1177.1007398131205,True,0.007666211257757322,0.009176715652892964,False,,5.0%
PIL,994,0.0,0.00032965986313175535,0.14922514483209554,0.7874201809790586,1303.868359512519,True,0.00032965994015594327,0.1492252250675763,0.787420109231165,1303.8683595125194,True,0.00032965983998791456,0.1492251766881501,0.7874201775312832,1303.8683595125221,True,3.185605457201035e-08,8.023548075941633e-08,False,,7.5%
PIL,544,0.011029411764705883,0.0005177767317325457,0.10109081957343508,0.7434744393089501,802.1730159001985,True,0.0006513478192238988,0.1294360076770057,0.6862665784965806,777.317279142787,True,0.0006313454185426954,0.12047279045939717,0.6972373703230808,776.6732026557008,True,0.019381970885962094,0.028345188103570618,False,,10.0%
PINL,438,0.0593607305936073,1.3950521792244605e-05,0.09764981916648446,0.9023501808334424,712.6229614737956,True,2.9321912593294257e-05,0.10779177920613295,0.8922082207938067,608.5451008641755,True,1.7127050884620577e-05,0.0987966532834628,0.9012033467162199,607.4105470722524,True,0.0011468341169783292,0.010141960039648484,True,,5.0%
PINL,659,0.05918057663125948,6.857686032871223e-05,0.03164250612870741,0.9543818949853873,811.1373321400454,True,3.057807519794561e-05,0.041648178164955627,0.9575754101006375,680.80017296505,True,7.573029874896164e-05,0.03915360115267508,0.9474056249663135,682.2563869380955,True,0.0075110950239676705,0.01000567203624822,False,,7.5%
PINL,520,0.04038461538461539,0.000516392255105031,0.20175889172836842,0.5214884739711904,917.1764828566174,True,0.0005945338961827382,0.29435663846931415,0.4531740374304569,838.1527613923137,True,0.0006696153433226816,0.27527509525602323,0.4117357534521806,840.8071233620032,True,0.07351620352765481,0.09259774674094573,False,,10.0%
PIOC,820,0.1073170731707317,1.8062034265723184e-05,0.1165918490492962,0.8599674818548974,1868.308623906965,True,3.5924042748675724e-05,0.22791517125710115,0.7720848287428317,1507.7718171077006,True,3.42115142530534e-05,0.17680726078765283,0.7913339237339296,1508.728071967061,True,0.06021541173835662,0.11132332220780494,False,,5.0%
PIOC,1034,0.041586073500967116,4.6526523017723675e-05,0.06294739035558422,0.8781364957351492,2229.3190117662884,True,6.277043711338628e-05,0.08855353488981776,0.8456442525531835,2039.1890773906816,True,8.522564629299358e-05,0.09241375315845193,0.8099593897746924,2041.49698474012,True,0.029466362802867713,0.025606144534233544,False,,7.5%
PIOC,544,0.022058823529411766,0.000207583742580911,0.2117996266920151,0.5737856076342464,1153.5979713955323,True,0.0002069741442049908,0.2393115108046166,0.5724560928477018,1101.0090890194067,True,0.0002312401094964365,0.222793777081146,0.5497329517399617,1099.7321161015054,True,0.010994150389130902,0.027511884112601498,False,,10.0%
PKGI,722,0.055401662049861494,1.7461966920482488e-05,0.0750946100557836,0.9249053899080799,1099.9541553122613,True,2.533582349239858e-05,0.07674530258453266,0.9232546974145563,950.5658739740071,True,1.8927137162592096e-05,0.07282606455342854,0.926310717610496,950.5532236587931,True,-0.002268545502355071,0.0016506925287490537,True,,5.0%
PKGI,694,0.02881844380403458,0.0019126098976081057,0.19223626016967116,0.5376127745233408,752.4556901399146,True,0.004549995880041308,0.27882220336351704,0.12798869660946643,687.4363628855614,True,0.00464092705674348,0.25711022800719036,0.12245181414391736,686.9152006181309,True,0.0648739678375192,0.08658594319384588,False,,7.5%
PKGI,525,0.07238095238095238,0.00018907146317022339,0.125658373480228,0.8127547087883957,801.3772636483702,True,0.0002032607276922606,0.17850261786600663,0.7920693568581743,665.8329551837757,True,0.0003294841738192111,0.16802372676474803,0.742471744728129,665.5337749889505,True,0.04236535328452004,0.052844244385778644,False,,10.0%
PKGP,801,0.017478152309612985,5.1678189916019396e-05,0.13447219926256787,0.7515658960470302,1984.8541608199498,True,5.75096663469685e-05,0.15622581874783492,0.7285247562733614,1917.5467736537546,True,6.355124953380997e-05,0.16143943989551088,0.7059814928237991,1918.319771120218,True,0.026967240632943007,0.02175361948526705,False,,5.0%
PKGP,959,0.051094890510948905,0.00016105400769329185,0.24869317894177162,0.579274493151833,2072.9425718036,True,0.00018809671587746173,0.351699601817913,0.5205348040454911,1865.9028105092953,True,0.00020007918941532157,0.31122241339318113,0.5135038727299366,1867.1684585965677,True,0.06252923445140951,0.10300642287614137,False,,7.5%
PKGP,542,0.03505535055350553,0.00022765375247780668,0.3300677396591263,0.46713092006193585,1147.4823201048464,True,0.0002122071651617711,0.4357052376321429,0.4576140866758304,1080.1000477616553,True,0.000236947107333267,0.4066785826062601,0.42995927202294437,1086.1000623264893,True,0.07661084294713383,0.10563749797301664,False,,10.0%
PKGS,817,0.030599755201958383,5.356950641081389e-05,0.12313953404951368,0.734690738625889,2083.9372207176616,True,5.997748987180008e-05,0.17829816834790688,0.6891567259597187,1969.635335820821,True,6.575812179036568e-05,0.17187274580672557,0.6711339632045332,1973.3218598080603,True,0.04873321175721189,0.0551586342983932,False,,5.0%
PKGS,1018,0.007858546168958742,7.658961707111793e-05,0.1311455049465296,0.6604494597544346,2608.9184599610194,True,8.38371172338468e-05,0.14911981949625022,0.6308144070634019,2568.2715953281518,True,8.146699600325589e-05,0.14141007757730742,0.6420817941673045,2568.717597045554,True,0.010264572630777818,0.01797431454972062,False,,7.5%
PKGS,544,0.001838235294117647,1.2732732773868652e-05,0.11943394408271238,0.8596562818396508,1377.0720599274066,True,1.2850949004771472e-05,0.12145362578866503,0.8582519397264516,1371.5382896755832,True,1.2896848869216052e-05,0.12082847348830661,0.8584881550643852,1371.6515829632658,True,0.0013945294055942303,0.002019681705952653,False,,10.0%
PMPK,525,0.06095238095238095,0.0005290552741312509,0.219242461735831,0.41429185708687,982.3657356068289,True,0.0006050215104278119,0.33590057601514567,0.3419525550442499,861.8507852637005,True,0.0007262470444029205,0.3221064951212592,0.2504130776743182,866.3396349435326,True,0.10286403338542821,0.11665811427931466,False,,7.5%
PNSC,811,0.07274969173859433,6.194007934082294e-05,0.1048985783314802,0.7899965787800018,1879.9970528481606,True,7.882089891837976e-05,0.14871882841539663,0.7558613967387331,1614.3744063153015,True,0.000125097106721927,0.144349413688731,0.6735942279766447,1615.5703564611183,True,0.0394508353572508,0.043820250083916434,False,,5.0%
PNSC,1029,0.042759961127308066,0.0002373797321091273,0.24427946105348558,0.38695451994206165,2373.4788495769176,True,0.00026506336415370644,0.35666643638209766,0.32319321016621727,2176.158112142821,True,0.0002865565963999902,0.31614492526701726,0.29834873912399246,2177.604082757614,True,0.07186546421353168,0.11238697532861208,False,,7.5%
PNSC,543,0.02394106813996317,6.473928849931487e-05,0.2002640266421016,0.7242238839928286,1243.1707761272905,True,6.30662719804653e-05,0.23040731995957792,0.7194326634165764,1186.876977732253,True,6.896300642934245e-05,0.21413470074025198,0.7123479282866243,1185.0249209493086,True,0.013870674098150376,0.03014329331747631,False,,10.0%
POL,819,0.017094017094017096,6.039350068031642e-05,0.11928327456616708,0.6801240170887615,2173.726499272005,True,6.032062139844357e-05,0.13589648717717928,0.6765825975117199,2104.538161425409,True,6.414037737043608e-05,0.13153345650645742,0.6639125137630638,2105.012619158011,True,0.012250181940290344,0.0166132126110122,False,,5.0%
POL,1031,0.002909796314258002,4.1834921402309715e-05,0.2900449189983063,0.5474062825919005,2953.933015854751,True,4.24198506478842e-05,0.3007657205414572,0.539219067019486,2938.1053582905624,True,4.223543467099257e-05,0.29667028534966094,0.5411080268556123,2937.545376636905,True,0.0066253663513546335,0.010720801543150915,False,,7.5%
POL,543,0.0,6.433163104394731e-05,0.29231834238432786,0.45657891286399255,1559.3473000863714,True,6.433163104394731e-05,0.29231834238432786,0.45657891286399255,1559.3473000863714,True,6.398037130007031e-05,0.283513636850117,0.4620497632838665,1558.9625917716687,True,-0.008804705534210866,0.0,False,,10.0%
POML,476,0.14705882352941177,4.735912069601658e-05,0.09144694824434223,0.8616494477091985,981.0370145478597,True,8.085350397916559e-05,0.22957097619992328,0.7704290238000573,705.7483223444485,True,3.736412714218075e-05,0.08699036633312646,0.8865179841193036,705.7678584481681,True,-0.004456581911215771,0.13812402795558104,False,,5.0%
POML,648,0.06327160493827161,7.446736009124457e-05,0.15604322866052833,0.7930338681030915,1249.5540543547431,True,8.261065811678294e-05,0.21009453829555905,0.7691769716913384,1088.9725499509423,True,9.327539876880048e-05,0.17899333574837006,0.7666689428552673,1088.1229606800716,True,0.02295010708784173,0.054051309635030714,False,,7.5%
POML,540,0.03333333333333333,0.00019301770624906333,0.24356682177153516,0.5897328270761584,1109.4076050913986,True,0.000211253946502429,0.32057110428708513,0.546573550832335,1039.554468837373,True,0.0002180363015676025,0.28846689264025854,0.548065269132922,1041.5406612900958,True,0.044900070868723385,0.07700428251554997,False,,10.0%
POWER,820,0.018292682926829267,9.407947900881686e-05,0.1656745723753369,0.7347772738261975,1762.7273939128522,True,8.85621363191784e-05,0.187954965740747,0.7331703376592977,1702.282304329101,True,9.476342850276505e-05,0.17794318291219652,0.7282050971742489,1703.486131381533,True,0.012268610536859625,0.0222803933654101,False,,5.0%
POWER,1034,0.0038684719535783366,2.9695364768927953e-05,0.09284359701346842,0.8621396533304932,2398.6103974419184,True,2.8870691122455784e-05,0.09531001780609313,0.8626648678720341,2379.8888045635545,True,2.9351133560976925e-05,0.0935867519085017,0.862612893121376,2379.29844433192,True,0.0007431548950332795,0.002466420792624713,False,,7.5%
POWER,544,0.009191176470588236,0.00018218177083261408,0.1572127634808192,0.6572367842979886,1141.1651413852119,True,0.00018525159389223204,0.173055332894,0.6479959758785716,1119.1084458843898,True,0.00018590555844847872,0.16596091947034985,0.6504118095867363,1118.8679461053173,True,0.00874815598953066,0.015842569413180796,False,,10.0%
PPL,819,0.013431013431013432,2.6162030529238186e-05,0.15746830260012445,0.7577645825109187,2206.0746927923446,True,2.605324379530834e-05,0.1757909082101463,0.7495693865195179,2154.22366817705,True,2.7837985274452023e-05,0.1708914564333874,0.743159449152311,2154.161149528348,True,0.013423153833262952,0.018322605610021858,False,,5.0%
PPL,1034,0.012572533849129593,3.0780724032096485e-05,0.09670443303053036,0.8446263386470301,2476.5717075517277,True,3.129749479554179e-05,0.10411494419277789,0.8406326997812665,2413.5106314506343,True,3.0613146720352366e-05,0.09738909305853166,0.8459888841669194,2413.9275532631927,True,0.0006846600280012993,0.0074105111622475295,False,,7.5%
PPL,544,0.007352941176470588,9.289163796279535e-05,0.17180922739304502,0.6831221282929708,1266.1903103437135,True,8.922069902797968e-05,0.18575090524143684,0.6835837837748737,1248.5038665346601,True,9.772361327065225e-05,0.18174218971966827,0.6692582067672783,1247.7544585966866,True,0.009932962326623246,0.013941677848391815,False,,10.0%
PPP,421,0.2327790973871734,3.246432803251706e-05,0.08475679881947953,0.8862021232352371,846.6143010533161,True,0.0001158978080310367,0.21432118510593096,0.7856788148939318,474.02311021594846,True,8.384829105200985e-05,0.1579726348682387,0.8011365310793689,480.8796692665974,True,0.07321583604875917,0.12956438628645142,False,,5.0%
PPP,532,0.06766917293233082,0.0002450815572069431,0.15230840381911787,0.6646468355367234,1015.9776693141575,True,0.0002781221868017336,0.2033343426993779,0.6410608536699278,869.8543392022964,True,0.0003431392304937468,0.18906830682112236,0.5901501314022433,869.8570505621807,True,0.03675990300200449,0.051025938880260024,False,,7.5%
PPP,544,0.04595588235294118,0.00016409655266083506,0.2844084537558583,0.5591626854699657,1163.7223027422365,True,0.00023575693363270532,0.4987010078950235,0.39643797875856673,1070.04575110211,True,0.000297978082981971,0.4778592848906673,0.30707694724970197,1072.6093981886336,True,0.193450831134809,0.21429255413916515,False,,10.0%
PPVC,644,0.05434782608695652,0.0002560236411866861,0.1750037377842727,0.7725477053568298,866.4818675246895,True,0.0003278853304516029,0.24089310814922582,0.7269888384566515,751.7678096030801,True,0.0004109353765817228,0.2314478578299798,0.696339869499587,750.2690515266402,True,0.05644412004570709,0.06588937036495313,False,,5.0%
PPVC,469,0.053304904051172705,0.0017058652904456697,0.12001862643709563,0.6847566890213423,450.3632299422376,True,0.006334726887239505,0.2523440555123613,0.13044418183121143,376.0021189522693,True,0.0064103216167799345,0.22453266401286778,0.1270144120944408,375.09282073785135,True,0.10451403757577216,0.13232542907526565,False,,7.5%
PPVC,514,0.0914396887159533,0.0018766621408099122,0.2069498016546809,0.1347870763892316,785.8169446875986,True,0.0020779742497672666,0.349437293732074,0.11616533412948886,617.4195936011964,True,0.002188506262919317,0.3296833339830408,0.06955446659571399,622.3619523992454,True,0.12273353232835987,0.14248749207739309,False,,10.0%
PREMA,1030,0.019417475728155338,3.912665369599662e-05,0.06618539928140428,0.8717976807201867,2354.0746505995803,True,3.796618449975733e-05,0.06895094872353248,0.8759152002558706,2257.8380026893838,True,3.537221009317276e-05,0.06039929390784955,0.8855348217900576,2258.2051042441444,True,-0.0057861053735547285,0.002765549442128201,False,,7.5%
PREMA,544,0.125,0.0001720410077786074,0.19364017194403427,0.7104958639575605,995.797310699761,True,0.0001981756206923735,0.33652642877582084,0.663473571224176,758.7467831205117,True,0.00025368481413796267,0.31340352101267166,0.6081989987357093,770.8168900782468,True,0.11976334906863739,0.14288625683178657,False,,10.0%
PRET,502,0.11155378486055777,0.00038259439887001237,0.11475815139213666,0.4213189101178349,1071.655273998706,True,0.0004079648167161692,0.24950337944454687,0.4068878154945582,839.6900254709384,True,0.0004896217817411852,0.22622700475235952,0.30942193891686814,842.1362781651758,True,0.11146885336022286,0.1347452280524102,False,,5.0%
PRET,555,0.09549549549549549,2.7734437962796762e-05,0.04211219520684262,0.9435175450727162,939.7639158473092,True,2.1792834667219656e-05,0.057251509982480804,0.9427484900165115,742.3826929752654,True,3.673220483555551e-05,0.044990690689595145,0.939379128682476,741.2673707959808,True,0.002878495482752527,0.015139314775638187,False,,7.5%
PRET,459,0.013071895424836602,0.00012071041294095078,0.09033393688521354,0.8096243375393037,905.9867428649086,True,0.00012277899768516277,0.09999383767217959,0.8043437960885975,880.3615199288571,True,0.00012397598434518424,0.09622093151041364,0.8045079033696649,880.6229630083238,True,0.005886994625200093,0.009659900786966047,False,,10.0%
PRL,821,0.09500609013398295,7.182951462192864e-05,0.17958170147182428,0.7239778370510459,1840.487014592446,True,8.677529885314244e-05,0.311520059979992,0.659521955528444,1514.6220922527564,True,0.0001140701708016432,0.2525970120252141,0.63112973593716,1517.2952545287271,True,0.07301531055338983,0.1319383585081677,False,,5.0%
PRL,1034,0.04448742746615087,9.553867558416263e-05,0.1710117950558313,0.7316770134492419,2178.6211870333404,True,8.678350274131152e-05,0.20940454355856955,0.7340787478484462,1984.9512341883606,True,9.355268649030922e-05,0.17950266133190065,0.7371826167945612,1984.6057464823282,True,0.008490866276069348,0.038392748502738244,False,,7.5%
PRL,544,0.01838235294117647,4.63778316641183e-05,0.15247444453678702,0.8180100841517388,1121.9715385861346,True,4.43297823760004e-05,0.16969937921018557,0.8136399456630865,1079.7266073504343,True,4.979870584391927e-05,0.16158696568830055,0.8094862417583732,1078.6264411151353,True,0.009112521151513536,0.017224934673398556,False,,10.0%
PRWM,539,0.05194805194805195,0.0002476729210623712,0.17672304215806894,0.6285765228650029,1049.7871586787955,True,0.0003267039349903746,0.2922930755649552,0.5170748256736272,939.7613971094262,True,0.00033829711251638606,0.25521018372051063,0.515598271661786,939.977173757081,True,0.07848714156244169,0.11557003340688626,False,,7.5%
PRWM,450,0.02,0.0005687482827821967,0.09999477550725949,0.5091414503364305,835.7631503999053,True,0.0006931760586917127,0.13919526653738648,0.4122781109689799,799.1120601601133,True,0.0007397721294769749,0.13660411619352855,0.37914285299354406,799.8160844417823,True,0.03660934068626906,0.03920049103012699,False,,10.0%
PSEL,544,0.01838235294117647,8.509314549676146e-05,0.2857730444228067,0.6073465338851487,1268.6981298747796,True,8.597028368968182e-05,0.332687417873071,0.589503019483528,1233.5934560838834,True,0.00010290561503011983,0.33626304217176384,0.5451675051208154,1234.398791754723,True,0.05048999774895713,0.04691437345026428,False,,10.0%
PSMC,821,0.13032886723507917,3.8551537417502214e-05,0.1844288820687719,0.7656992641831273,1857.430008996038,True,5.8464960962360746e-05,0.32836932548742237,0.6716306745125317,1440.2138176399308,True,5.849237363708154e-05,0.28625050102448213,0.6721190568333344,1451.328678956411,True,0.10182161895571024,0.14394044341865048,False,,5.0%
PSMC,1014,0.05029585798816568,2.917861498379198e-05,0.18067598709142058,0.7969853659998458,2263.5010816725153,True,2.921373421123816e-05,0.224502017597811,0.7754979824021487,2071.488267711163,True,5.9524543774038406e-05,0.22960452524544706,0.718295580066453,2072.2702045010237,True,0.04892853815402648,0.04382603050639042,False,,7.5%
PSO,816,0.02696078431372549,1.4988436885772567e-05,0.10652213121866974,0.8597684397717218,2075.5668047415893,True,1.2941700230339556e-05,0.12064770281604975,0.8606414827062108,1974.2707858830138,True,1.5807540657754433e-05,0.1117184780975953,0.8545668032244527,1973.8579221575765,True,0.005196346878925562,0.01412557159738001,False,,5.0%
PSO,1034,0.008704061895551257,8.122607838792985e-05,0.12864610456164657,0.6936408028154192,2539.7269950939326,True,7.520379790715043e-05,0.13080564931069588,0.7103761667522317,2495.6417339773525,True,7.643346674586377e-05,0.12657625331272748,0.7093727046172913,2495.87631456853,True,-0.0020698512489190912,0.002159544749049308,False,,7.5%
PSO,544,0.007352941176470588,4.2022423169077374e-05,0.2121204316103587,0.7328509867114228,1301.4198478639098,True,3.9506085725812365e-05,0.21693322650450333,0.7384201413959663,1283.9701667531924,True,4.2374585932131804e-05,0.21651042283322713,0.7302900140195507,1282.7166997318004,True,0.004389991222868428,0.004812794894144629,False,,10.0%
PSX,632,0.07436708860759493,0.00010307179434917462,0.1521391330079605,0.7112897044192392,1400.5278816176808,True,0.00010765060911738336,0.23439066060237873,0.6859525919532306,1202.8097634879523,True,0.0001702446691804801,0.2233511059046847,0.59172291407194,1203.3409774963422,True,0.07121197289672421,0.08225152759441823,False,,5.0%
PSX,1034,0.013539651837524178,9.171237502354293e-05,0.12923912685884065,0.7442026903769102,2308.1361376906243,True,9.391461442890348e-05,0.14343136444950355,0.73604601600344,2244.809654452177,True,9.851247408618162e-05,0.13700306376654064,0.7318514705033956,2244.640783050832,True,0.0077639369076999976,0.014192237590662904,False,,7.5%
PSX,544,0.03308823529411765,0.00010823264402542055,0.12957301363560736,0.7590991084212435,1143.8478984899793,True,0.00011101659874090722,0.15463923218389775,0.7521103509422122,1064.3039752533898,True,0.00012243528285311344,0.14599908362246766,0.7397784375380125,1064.9751943174808,True,0.016426069986860303,0.025066218548290387,False,,10.0%
PSYL,585,0.13333333333333333,2.9438896823090324e-05,0.08342757336933804,0.8860479507517871,1208.4750288497653,True,2.8482081841017896e-05,0.11221569970694703,0.8877843002930377,895.5911194081036,True,3.765997351174341e-05,0.09691695326771388,0.8746158846306369,897.7129425581,True,0.013489379898375842,0.028788126337608994,False,,5.0%
PSYL,703,0.07965860597439545,0.00020267098329874173,0.13700900408415387,0.7356654950069215,1281.9802180878487,True,0.0001721712941505313,0.19495198899403943,0.7444112589767009,1067.7854264059451,True,0.00023105209269457737,0.1665137568458738,0.7125000717174865,1068.5691108489023,True,0.029504752761719932,0.05794298490988556,False,,7.5%
PSYL,500,0.044,0.0010203272369579792,0.23706338574130678,0.13419555102505062,912.5082486052711,True,0.001049224687716513,0.3496582443805908,0.1162919543056117,826.8095071713603,True,0.0011093311083946993,0.3200729790366401,0.08386862038664161,827.7103058927049,True,0.08300959329533333,0.112594858639284,False,,10.0%
PTC,821,0.0,4.637968571471728e-05,0.20527062262762896,0.664367556390574,2184.3530176365957,True,4.637968571471728e-05,0.20527062262762896,0.664367556390574,2184.3530176365957,True,4.6379688046874146e-05,0.20527058166829046,0.6643675504597177,2184.3530176366003,True,-4.0959338504231724e-08,0.0,False,,5.0%
PTC,1034,0.01644100580270793,7.278147387998441e-05,0.11779756421318668,0.7748395823203968,2359.426837056478,True,6.922928274082579e-05,0.13953808661064077,0.7716357025733079,2289.4202723224407,True,7.214834079088268e-05,0.13191007005783117,0.768967984636163,2292.7169696959145,True,0.01411250584464449,0.021740522397454082,False,,7.5%
PTC,544,0.025735294117647058,7.676244716530098e-05,0.11554260000189658,0.8229748712225775,1084.2186095169573,True,8.785415906972009e-05,0.14332723587502463,0.799707950514267,1025.2762097882974,True,0.00011007038165068555,0.1418741023571817,0.7758534595877404,1024.5501880115814,True,0.026331502355285127,0.027784635873128058,False,,10.0%
PTL,801,0.017478152309612985,6.66820935654111e-05,0.14055965147446975,0.7510239456319328,1867.6215728958732,True,5.643338530005444e-05,0.1484726869570678,0.7710178487664738,1804.8327917536226,True,5.4859175010694106e-05,0.13640525739835457,0.7796074519837877,1805.233390218682,True,-0.004154394076115175,0.007913035482598058,False,,7.5%
PTL,544,0.0055147058823529415,3.771628248758034e-05,0.2030860528483729,0.7536390963637081,1284.6462867801085,True,3.7061317039647874e-05,0.2092542783555868,0.7530623878984822,1270.0994402284862,True,3.741010059417371e-05,0.20685478740983124,0.7531799419867444,1270.315124131805,True,0.003768734561458348,0.006168225507213909,False,,10.0%
QTECH,794,0.017632241813602016,0.0001574407350377896,0.15498417589079908,0.8005694414628322,1250.0606085127952,True,0.00014746831350794122,0.1721188302307429,0.797955019159439,1207.202361439501,True,0.00019576589252446214,0.18671260527275688,0.7626743715357085,1212.7041769210118,True,0.0317284293819578,0.017134654339943822,False,,5.0%
QTECH,977,0.03991811668372569,0.002481590080203743,0.22603195365108583,0.08967393673232321,1390.024793372077,True,0.0024948901512260174,0.3114258937300605,0.09275766935007951,1261.83375017288,True,0.002423673416219239,0.3289280601986767,0.0958966860904855,1269.5091488887786,True,0.10289610654759088,0.08539394007897469,False,,7.5%
QTECH,544,0.15257352941176472,0.00012389113132281313,0.15893373186913415,0.796654515012746,862.8076526072687,True,0.00023578257586861178,0.3107159502339487,0.6892840497660241,589.8963251206758,True,0.0002014460501235248,0.24270080043724612,0.7166077567234437,597.126917376614,True,0.08376706856811197,0.15178221836481456,False,,10.0%
QUET,547,0.1809872029250457,8.880886562930685e-05,0.07844171011569884,0.8976106817288598,743.7141059892796,True,0.0006780770964724002,0.3803342522204838,0.6196657477795129,429.4098649772974,True,0.00020241471464432738,0.16622977752802698,0.8044303026755522,440.06996775536584,True,0.08778806741232814,0.30189254210478494,False,,7.5%
QUET,537,0.05772811918063315,0.00013646742956453523,0.15317980486905514,0.770709176026564,967.0579380573876,True,0.00012817922531814372,0.21452443932937482,0.7551567970843509,852.1009129923146,True,0.00018474967670218995,0.196532810779318,0.7193685162957635,856.2815670341853,True,0.043353005910262865,0.06134463446031968,False,,10.0%
QUICE,820,0.0,2.6967095115297394e-05,0.11467177676725046,0.8592575997550971,1780.285776786117,True,2.6967095115297394e-05,0.11467177676725046,0.8592575997550971,1780.285776786117,True,2.6967095115297394e-05,0.11467177676725046,0.8592575997550971,1780.2857767861178,True,0.0,0.0,False,,5.0%
QUICE,1028,0.0019455252918287938,0.00016121755232779983,0.18311533938514168,0.6684102828461517,2153.812172247007,True,0.00016020439264692702,0.18872936219105874,0.6669981116931915,2144.4909015813455,True,0.000162172747963573,0.18814515738886223,0.6648667601857987,2144.3876508848966,True,0.005029818003720543,0.005614022805917052,False,,7.5%
QUICE,544,0.06985294117647059,0.00018127999843880755,0.21908025304577972,0.7008836066752567,964.6965935973208,True,0.00018357829865433493,0.3430762574621208,0.6569237425377891,832.9155888363929,True,0.00020884970932937176,0.28500835320920587,0.655864064438458,834.3456815896309,True,0.06592810016342615,0.12399600441634107,False,,10.0%
RAVT,603,0.03648424543946932,0.00013065088337956644,0.13875977839585368,0.84589557984686,758.9144751384335,True,0.00014840592408247558,0.17414863657023488,0.8256631103139083,686.9315305226884,True,0.00015852354215317493,0.15704317002416837,0.827296683762397,684.4651254210884,True,0.018283391628314688,0.0353888581743812,False,,5.0%
REDCO,724,0.022099447513812154,0.00015819043800315117,0.07836031987657995,0.8887636182575966,954.8020072331665,True,0.00020706158209242396,0.0907525432083504,0.8712852238272435,895.8702117657363,True,0.0002455056474056752,0.09193698394615302,0.8586185010213104,895.1165751793546,True,0.013576664069573072,0.012392223331770452,False,,5.0%
REDCO,678,0.028023598820058997,8.323453977794006e-05,0.10181768792715307,0.8689726140166261,1097.178556922759,True,8.794947090339756e-05,0.13148942636104216,0.8504227779420692,1023.6661391009721,True,9.590255475417183e-05,0.11317554470677745,0.8565996966377011,1023.5579230833699,True,0.011357856779624378,0.029671738433889094,False,,7.5%
REDCO,541,0.06469500924214418,0.00037693349963919615,0.21671283063348795,0.5678830325236798,975.6863094471136,True,0.0004968860325134075,0.38376760495869366,0.4464262653296087,846.0393943271731,True,0.0006444165862331035,0.35330881716315565,0.3554122590461954,847.7626112066017,True,0.1365959865296677,0.1670547743252057,False,,10.0%
REWM,642,0.10903426791277258,7.32888795468293e-05,0.18542599655324976,0.7234857584236642,1408.9502052974208,True,7.476656610583621e-05,0.32365552892322225,0.6763444710766444,1122.9372446671853,True,0.0001182358107309139,0.25876383509697726,0.6311038779497289,1125.0528610303102,True,0.0733378385437275,0.13822953236997249,False,,5.0%
REWM,759,0.05928853754940711,0.0003833548829602288,0.22651393225940802,0.48639987954777497,1460.3171904502847,True,0.00040015788854704665,0.2922359180817059,0.47798951662302025,1278.2523064587006,True,0.0004022340157774792,0.243207613141024,0.49299215214998404,1279.378853414913,True,0.016693680881615963,0.06572198582229788,False,,7.5%
REWM,454,0.028634361233480177,0.00034564494376052826,0.16198885937012403,0.5688803496079868,880.3410534572067,True,0.0003526048164108303,0.19521100755708481,0.5624598667682548,827.3361013044557,True,0.0003852166399430381,0.1924114048174123,0.5317118029605211,828.8911675252925,True,0.030422545447288285,0.03322214818696079,False,,10.0%
RICL,625,0.0048,2.4213062929104703e-05,0.12334110568109859,0.8647563074493292,1232.4906046585793,True,2.6002481278784356e-05,0.12576593380197132,0.862019347468152,1217.6241438066215,True,2.5903930775442217e-05,0.1254638874765377,0.8615778884471886,1217.348152633975,True,0.0021227817954391076,0.0024248281208727324,False,,5.0%
RICL,656,0.03048780487804878,2.6826463427695202e-05,0.06609422259737217,0.9238654859159247,1021.5872213848535,True,1.873159174820646e-05,0.07266470950430712,0.925812774637937,949.3835711192218,True,2.346643700289435e-05,0.06333203086890801,0.9286093940879796,948.102562688517,True,-0.002762191728464161,0.006570486906934944,False,,7.5%
RICL,526,0.019011406844106463,0.000608446143923272,0.1759419677552068,0.30774844178880567,1032.8911719351531,True,0.000654833339495557,0.21412149592405672,0.26494178253620815,990.3333219798767,True,0.0006506848054058195,0.2106586699904875,0.26541103145628014,991.1816990366589,True,0.0347167022352807,0.038179528168849924,False,,10.0%
RMPL,411,0.058394160583941604,3.438892513415564e-05,0.08399427765978051,0.8561953182190509,958.9199077026785,True,3.301205887451766e-05,0.10526981501561167,0.8555908353884634,850.9052039655058,True,4.120483650880094e-05,0.09583518266378326,0.8408956639668215,851.0626422429353,True,0.011840905004002741,0.021275537355831153,False,,5.0%
RMPL,595,0.013445378151260505,1.4057406480518452e-06,0.1256600666002104,0.8743399333997659,1295.2494313810616,True,4.897486020607023e-06,0.12940428727344122,0.8705957127265385,1261.4546603907088,True,3.1684278666856114e-06,0.12773094584244515,0.8722690541574329,1261.2023647508297,True,0.0020708792422347577,0.0037442206732308247,True,,7.5%
RMPL,543,0.003683241252302026,4.058168397664746e-05,0.2642482127053465,0.5852108430429702,1589.7449100822444,True,4.0555875942230405e-05,0.2848629650709599,0.5783280604178296,1580.4401985266618,True,4.171757736059743e-05,0.2811382983693588,0.5717253876723437,1580.3262771723128,True,0.01689008566401229,0.020614752365613387,False,,10.0%
RPL,711,0.0829817158931083,0.00017058948273182637,0.2234663860278952,0.5202628821304909,1620.843825421318,True,0.00018619314398623263,0.34998766574225504,0.4833945788852315,1363.4804840157965,True,0.00021275854862732815,0.28689176233403835,0.4570926021101501,1362.7059763172213,True,0.06342537630614314,0.12652127971435984,False,,5.0%
RPL,1034,0.033849129593810444,0.00017953570345374164,0.12438708701849953,0.6261632828397821,2293.6496185268034,True,0.00018955162542633766,0.1492425940156472,0.6161546154171889,2131.3652398352174,True,0.0001935356778645252,0.13475610718223202,0.6157620904267003,2131.605380284445,True,0.010369020163732492,0.024855506997147683,False,,7.5%
RPL,544,0.022058823529411766,0.0001561479514485252,0.10300338390513905,0.720656476962461,1154.4158894916854,True,0.00016827726060724633,0.12140414673813837,0.7037984193830933,1099.5858865454263,True,0.00017154613358594627,0.11548823708991718,0.701394282437661,1100.4093427644175,True,0.012484853184778127,0.018400762832999323,False,,10.0%
RUBY,609,0.054187192118226604,1.5257772483289676e-05,0.06462042470038956,0.9353795752994258,850.2546810563427,True,2.375703334403395e-05,0.0664802824894967,0.9335197175103929,736.7835453832979,True,1.8659706484794107e-05,0.06722070561715318,0.9318073522540827,732.5100400504799,True,0.00260028091676362,0.0018598577891071333,True,,5.0%
RUBY,583,0.029159519725557463,0.0008309205480278807,0.24295935226710147,0.5855259203720391,776.8685385347137,True,0.0009038442722635598,0.29109732354315704,0.5553938736614353,719.8892613780639,True,0.0011138886126018628,0.2836444981837712,0.5020308726472911,718.5920798156211,True,0.04068514591666972,0.04813797127605557,False,,7.5%
RUBY,538,0.09851301115241635,0.0006340127644812359,0.2515974814485339,0.493048743850512,876.1364539558824,True,0.0006306971306113281,0.4662517119144983,0.4543033647377808,699.4514588732402,True,0.0009762908476069168,0.43462709984711506,0.29497389172270494,707.5218766155829,True,0.18302961839858117,0.21465423046596444,False,,10.0%
RUPL,435,0.2988505747126437,0.00082600115528319,0.23356697187656905,0.19227033080334377,811.5216047155416,True,0.0011616182553036707,0.7961424240174033,0.1789824867116384,342.26553148660423,True,0.001574593311969103,0.4129496791599332,0.05089822002870181,344.57711093309246,True,0.17938270728336414,0.5625754521408343,False,,5.0%
RUPL,788,0.05964467005076142,0.0001023190920527626,0.14108640206502776,0.777039383102068,1550.705580829353,True,0.00011146002040883548,0.19999582753418282,0.747950669937038,1364.2919427963552,True,0.00014780913755986372,0.1862830950400574,0.7126414024281269,1365.6148053027143,True,0.04519669297502965,0.05890942546915506,False,,7.5%
RUPL,521,0.04990403071017274,0.00048193669539562897,0.3275590183086543,0.3545678071350282,997.3714009745601,True,0.0005152746852130807,0.5198112727939606,0.28340532648782724,898.6664987112954,True,0.0005906882385664739,0.4464348747823862,0.24377819454666522,899.2000746198312,True,0.11887585647373189,0.19225225448530625,False,,10.0%
SAIF,728,0.08104395604395605,4.205826769192758e-05,0.14361246102563935,0.80763142819016,1570.4411861571693,True,4.2016393840941575e-05,0.21118018534492153,0.7830607241433074,1327.8334814937518,True,5.233859232184963e-05,0.17171656990828393,0.7797743472678349,1329.340421922674,True,0.028104108882644585,0.06756772431928218,False,,5.0%
SAIF,827,0.04836759371221282,0.0002108106478602677,0.13519566199497024,0.720218802860799,1545.4369294748758,True,0.00021409058396440977,0.16690156325911798,0.71629225947198,1382.224048122481,True,0.0002749164876715303,0.155801599697845,0.6743311502709397,1382.3650662745667,True,0.02060593770287475,0.03170590126414774,False,,7.5%
SAIF,543,0.0570902394106814,0.00010677006098201242,0.09318573203188475,0.8495483557008419,956.8911442667595,True,9.963836919336937e-05,0.12294146349813574,0.8448605172779203,835.2627254083267,True,0.0001264352139337342,0.10798861873015723,0.8331855961448944,835.3252730046544,True,0.014802886698272483,0.02975573146625099,False,,10.0%
SANSM,489,0.07770961145194274,0.000786217710784001,0.2691929052208264,0.3461423309922447,844.1636109229078,True,0.0009502549729619066,0.46611300109614573,0.24834176136014519,706.3931922594691,True,0.0011538773201067358,0.44455514191177037,0.13626482276611773,713.22883112354,True,0.17536223669094397,0.19692009587531933,False,,10.0%
SAPL,704,0.13636363636363635,0.0002031978627031332,0.25570273711149216,0.5183746773979195,1495.9168603032458,True,0.0002230129482859835,0.5175778783149252,0.4477308723052349,1117.4748629111048,True,0.0003965631523546514,0.4269979829437437,0.26864769254144255,1118.9161064648083,True,0.17129524583225153,0.261875141203433,False,,5.0%
SAPL,644,0.06055900621118013,0.00016309825404359232,0.24518569147022068,0.6131347707059118,1320.2837963487461,True,0.00019634549296058978,0.39373961837516236,0.5275655663493728,1170.7749043094084,True,0.0003377201837043633,0.3955160883602376,0.36616367772368,1171.602261886053,True,0.15033039689001693,0.14855392690494168,False,,7.5%
SAPT,676,0.07988165680473373,0.00012386832623606351,0.1637742778375355,0.7802650526878987,1139.8090563232433,True,0.00012226616778407,0.24057119663951337,0.751692627589543,946.7059530404322,True,0.0001255283468489682,0.1733128542257727,0.7802284302750537,945.775538992812,True,0.009538576388237185,0.07679691880197786,False,,7.5%
SAPT,495,0.00202020202020202,0.0003924094019461861,0.19128401958993296,0.07961658520061612,1175.0358684138278,True,0.00039018817921570545,0.19049725531952022,0.08772284771324634,1169.6544895344762,True,0.00039025458631505,0.19018563609445396,0.0876166161879009,1169.6304057808748,True,-0.0010983834954789995,-0.0007867642704127431,False,,10.0%
SARC,460,0.23043478260869565,0.00017471139174621322,0.14540143082827367,0.7661473868394026,794.7707069723443,True,0.0005163425823812126,0.47145582712808465,0.5285441728718816,425.30121873164427,True,0.0004549947723218431,0.3529050411923904,0.5458448192516965,435.12441119121013,True,0.20750361036411674,0.326054396299811,False,,5.0%
SARC,498,0.11847389558232932,0.00030993204311404566,0.18280274264338361,0.6495142352524681,871.8408441127891,True,0.0003712087580676535,0.3104581394955107,0.6012753068780948,650.926918275257,True,0.00040361628464824603,0.22784062948252404,0.6068392577345636,653.1135632762558,True,0.04503788683914042,0.1276553968521271,False,,7.5%
SARC,494,0.09109311740890688,0.00048231005745723684,0.22814376334819114,0.5639917739799953,826.7676159527723,True,0.0005640775794515548,0.41317294629073975,0.48610018381257825,672.2022229345457,True,0.0006531685028064076,0.36784719981599645,0.44040546132803954,682.157592865,True,0.1397034364678053,0.1850291829425486,False,,10.0%
SASML,466,0.05793991416309013,0.000677872860394157,0.17855227831791276,0.46755059072319816,806.6858175384833,True,0.00065626864998588,0.2569861036087172,0.4772778897537303,709.3144513898742,True,0.0007381312389454856,0.26241024198222607,0.4195605781935192,716.9867725967661,True,0.0838579636643133,0.07843382529080445,False,,10.0%
SAZEW,778,0.16323907455012854,6.350715242454693e-05,0.216089716891987,0.7087122194828761,1703.3288505158641,True,0.00012133274902122746,0.4566020272230856,0.5433979727769142,1215.1510291167276,True,9.70441229159036e-05,0.3458557312934869,0.5971347807278775,1232.8933526274,True,0.1297660144014999,0.24051231033109863,False,,5.0%
SAZEW,1032,0.06201550387596899,7.015922759127076e-05,0.14307264555322133,0.7889330844134042,2158.346666380545,True,6.07486171527225e-05,0.18794401199351857,0.7892057827455419,1894.1823556001418,True,6.844017252953126e-05,0.153757634892801,0.7914706275085284,1896.4091961304246,True,0.010684989339579676,0.04487136644029724,False,,7.5%
SAZEW,544,0.009191176470588236,5.0284920198421986e-05,0.1352639106860052,0.794301424223496,1246.4795380185535,True,4.4329196444603086e-05,0.1292276147806125,0.8119782144296603,1221.8957086582238,True,4.430755929518343e-05,0.12503399946020033,0.8139306651880804,1221.5567528307356,True,-0.010229911225804883,-0.006036295905392702,False,,10.0%
SBL,480,0.052083333333333336,6.558588435007866e-05,0.1105215237952892,0.8811450972616776,652.3741569968615,True,6.422334810163484e-05,0.11883719997710479,0.8811628000226399,572.3642481066856,True,6.129154740723314e-05,0.11318680331563155,0.8830007281011288,571.7006389389134,True,0.002665279520342345,0.008315676181815584,False,,5.0%
SBL,757,0.046235138705416116,4.0674443808658034e-05,0.1085661448267447,0.8780448259539209,1225.8628243206363,True,3.958445956071395e-05,0.12899460623696127,0.871005393762621,1096.6969207734433,True,4.3384676277984395e-05,0.11055000144442922,0.8767429082766485,1093.911808927811,True,0.0019838566176845207,0.020428461410216564,False,,7.5%
SBL,540,0.03333333333333333,6.600669867090472e-05,0.1434269980473149,0.8116459251643688,1063.931452660092,True,6.228741095535375e-05,0.17372267197909197,0.8044178127484036,989.0731545693163,True,7.119730343358254e-05,0.15299987484310934,0.8040847534812461,987.151290818724,True,0.009572876795794438,0.030295673931777067,False,,10.0%
SCBPL,632,0.03955696202531646,8.636905443983788e-05,0.1501799060712798,0.7126208463401302,1454.1750698905835,True,8.209149851324448e-05,0.1861403619343424,0.7105162679928708,1345.6168103827154,True,9.952691476141818e-05,0.1762312632759133,0.679754524830152,1346.323863353798,True,0.026051357204633502,0.035960455863062624,False,,5.0%
SCBPL,951,0.00946372239747634,7.82061656216905e-05,0.1889306879073004,0.6880657265426038,2224.048949032928,True,8.492139723254007e-05,0.20977598391219612,0.665440683999334,2182.9618992895707,True,8.636125292836504e-05,0.19929818204405142,0.6667439859389959,2182.0876610956993,True,0.010367494136751032,0.020845296004895736,False,,7.5%
SCBPL,543,0.001841620626151013,0.00013182298516394787,0.122226266186369,0.5976964445755051,1327.8136026539794,True,0.00013483903335782804,0.12816302551663006,0.5880137569334887,1322.9085808185293,True,0.00013584371412599471,0.12767134273997766,0.5855976597427459,1322.8339554584618,True,0.005445076553608652,0.005936759330261054,False,,10.0%
SCL,423,0.11583924349881797,5.171497530234182e-05,0.13618424138618623,0.811196784139736,899.3810458786133,True,8.453348217533368e-05,0.23610007896657897,0.7449693870965871,697.7683776616225,True,0.00010462197088661115,0.16925118739957357,0.7443757917811371,697.5352712858232,True,0.03306694601338733,0.09991583758039274,False,,5.0%
SCL,599,0.15191986644407346,0.000680488270160444,0.12393868635129149,0.6279677400987635,920.8899274271524,True,0.0010397237597218507,0.23278255176249724,0.5403710467645626,606.6084209276115,True,0.0008014352191765839,0.13325625176549197,0.6477761750197331,607.3028143704253,True,0.00931756541420048,0.10884386541120575,False,,7.5%
SCL,475,0.035789473684210524,0.0005375802284719761,0.25224836772306714,0.32575691357710496,937.4048907145003,True,0.000592734671401363,0.36584979467346046,0.2624793648508679,870.2996515114047,True,0.0006766546175086307,0.3235238154777587,0.20326759356342022,871.0032033778908,True,0.07127544775469158,0.11360142695039332,False,,10.0%
SEARL,817,0.06364749082007344,6.69951591812423e-05,0.21536129251764208,0.6789453003177226,1920.8373541398182,True,6.400913883972374e-05,0.3037569234394345,0.6578522013910861,1697.6578112897614,True,7.860622912177185e-05,0.2540994950618435,0.6443266710437341,1700.3003472175594,True,0.038738202544201406,0.08839563092179242,False,,5.0%
SEARL,1032,0.01744186046511628,2.2803340922841822e-05,0.07496658191820857,0.8827971254352452,2463.8455974597746,True,2.2541033080163893e-05,0.08556557405094747,0.8781920245391486,2378.160382782763,True,2.2669291788732434e-05,0.0770608430015256,0.8826338827339083,2376.823013705128,True,0.002094261083317034,0.010598992132738905,False,,7.5%
SEARL,544,0.02389705882352941,6.464123876173564e-05,0.20037486239668656,0.7459552189662084,1177.7065448413887,True,5.7760004887949355e-05,0.24908908240776437,0.7342505347311825,1123.2216060453188,True,7.230973672400692e-05,0.2215233458367598,0.7251855697108194,1120.4537838536955,True,0.02114848344007325,0.04871422001107781,False,,10.0%
SEL,456,0.07456140350877193,0.0002422172704945707,0.24383698806801957,0.5782366551987909,888.0128278300068,True,0.0002558532744999949,0.3985871834205844,0.5299055122760213,765.9498075062623,True,0.00034006153885070853,0.36940469831907596,0.44894051537363067,771.8310759002463,True,0.1255677102510564,0.15475019535256485,False,,10.0%
SEPL,757,0.04227212681638045,4.9395477985686375e-05,0.15165296046424165,0.7346690253150567,1903.1048422330568,True,4.831148222609646e-05,0.1945346881743658,0.7255427567618851,1754.3194781015561,True,5.0781888999714834e-05,0.1695362400935651,0.7280172933102436,1757.1770699710412,True,0.017883279629323456,0.04288172771012416,False,,5.0%
SEPL,980,0.015306122448979591,0.00010449328054741168,0.1361386193875308,0.6140100260898806,2449.247920379244,True,0.0001085247534364565,0.1538849820817161,0.6019035974112348,2375.462072872883,True,0.00011586451315936782,0.15155090205706784,0.5826058962170373,2377.2044749648003,True,0.015412282669537036,0.017746362694185308,False,,7.5%
SEPL,544,0.011029411764705883,4.910143392480222e-05,0.14705717573165286,0.7826846459104491,1285.6149080877515,True,5.099572745999771e-05,0.16404027648301794,0.7719873061737439,1256.5717507190718,True,5.1474874003990765e-05,0.15525120332442865,0.7749797199338796,1256.1175004437791,True,0.008194027592775793,0.016983100751365082,False,,10.0%
SERF,780,0.029487179487179487,0.0007962030742746495,0.19543048509282884,0.5629336431132188,1161.256967328979,True,0.0010152176958996032,0.24397807364034269,0.4793330088386875,1079.1646410205697,True,0.0010738442067122315,0.243194688899961,0.45435787774198944,1080.778680638286,True,0.047764203807132144,0.04854758854751384,False,,5.0%
SERF,408,0.23039215686274508,0.0007847819976991499,0.42997909314167904,0.30510727916464586,646.7626369239963,True,0.0009890733577404462,0.7780588331285105,0.22194116687141766,356.46232436524184,True,0.0011424834507861394,0.7735522808540056,0.11446177369415483,381.09787615421953,True,0.3435731877123266,0.3480797399868315,False,,7.5%
SERT,490,0.2795918367346939,0.0003245488940526585,0.1680187982671364,0.7182353456171999,751.9429290494661,True,0.0010911546915224617,0.5457067963328783,0.4542932036669881,306.74179304269,True,0.0009925092940291003,0.38384018217964855,0.4548298374784504,311.90424958829607,True,0.21582138391251215,0.37768799806574194,False,,5.0%
SERT,606,0.08085808580858085,0.00017152514817705988,0.11171655945221604,0.8192052520898776,972.4255666490888,True,0.0004035743566639731,0.22879956799502021,0.6704413962891674,793.6403438894682,True,0.0005830938668785607,0.21831563441785568,0.5910260681656709,796.8182197049738,True,0.10659907496563964,0.11708300854280418,False,,7.5%
SERT,541,0.14602587800369685,0.0009736267430347236,0.41485131322799973,0.16963464827455643,905.4974380549061,True,0.0010699988223362932,0.8910585723456952,0.1089414276538748,647.5282933339051,True,0.001193693640115958,0.6897227236810615,0.06305396590510065,663.397423448427,True,0.27487141045306174,0.47620725911769546,False,,10.0%
SFAT,586,0.26791808873720135,0.00010760527138389486,0.1650775158516879,0.8206123512688612,785.4617191436971,True,0.0007292287100253462,0.2806529338179202,0.7190184677857008,299.2985368729754,True,0.0010588644509124828,0.30208370555121444,0.5849296227881187,311.0594017518236,True,0.13700618969952655,0.11557541796623233,False,,5.0%
SFL,608,0.09375,0.0002583442114893435,0.12875228081529172,0.7704647842374415,957.5502795954151,True,0.0002315386219209035,0.17497959345559422,0.7775234111174125,755.7372822191495,True,0.00016448800247691382,0.09384741486036269,0.8510209929535839,754.1494783993965,True,-0.03490486595492903,0.0462273126403025,False,,7.5%
SFL,500,0.01,0.00021972133064487935,0.1645745797371942,0.5054222829525845,1139.728273890339,True,0.00023394017531312228,0.1862295042464827,0.4773828137719146,1116.877626198998,True,0.00023633059243463285,0.18271806914470753,0.47384101127451145,1117.3779304275415,True,0.01814348940751334,0.02165492450928852,False,,10.0%
SGF,756,0.017195767195767195,0.0002642232397028874,0.12571029560449476,0.3731552833979236,1790.9390959449888,True,0.0003070343528472512,0.1422214261680077,0.30029080629642,1726.2909533331551,True,0.0003218071754373419,0.13888315876840723,0.27263563760453957,1726.8675687546831,True,0.013172863163912474,0.016511130563512944,False,,7.5%
SGF,544,0.022058823529411766,0.00014787549254768962,0.21255451145455623,0.6244047310744676,1189.8745246216126,True,0.0001548760297408398,0.25926205432744226,0.6000551264952771,1135.6545594522356,True,0.00015946460825910102,0.23698414586387243,0.6025146938695375,1134.7547732169705,True,0.024429634409316198,0.04670754287288603,False,,10.0%
SGPL,608,0.03125,0.0011332751207046503,0.24948917203291918,0.468590456452298,819.1062268262375,True,0.001153995438118797,0.3542540225172853,0.4223914314399022,767.7003895046626,True,0.001334567937993638,0.3254356509959397,0.37513692770489426,767.2220796054453,True,0.07594647896302051,0.10476485048436615,False,,7.5%
SGPL,537,0.2048417132216015,0.0008661250646586472,0.3391007729033989,0.40350919152888093,798.8552293062137,True,0.0011614228333594269,0.7160841527249153,0.28391584727507835,463.46475378162074,True,0.0013612722298153032,0.6829896914051212,0.17318033671252347,490.73223502746174,True,0.3438889185017223,0.3769833798215164,False,,10.0%
SHCM,454,0.10792951541850221,0.0008833983215476461,0.30585914375894174,0.3726561720968552,718.7553225592648,True,0.001033430245810484,0.5293504945044654,0.30988105317003367,552.0494223199444,True,0.001101157841864713,0.42954603537481384,0.28776339880647117,559.014938601291,True,0.1236868916158721,0.22349135074552362,False,,10.0%
SHDT,729,0.05486968449931413,4.738246029016403e-05,0.11393236895194209,0.8481614417621608,1447.1681390389883,True,4.8650078166941456e-05,0.15605381128193455,0.8283582826165501,1286.0900224533743,True,5.312313264365436e-05,0.1257919683808788,0.837843423733525,1287.0990115466238,True,0.011859599428936718,0.04212144232999246,False,,7.5%
SHDT,538,0.06133828996282528,6.442380425273272e-05,0.07873484967269392,0.8801789633786277,990.436150433755,True,6.069508846578442e-05,0.12638336422326363,0.8593103168970594,868.4613087492071,True,0.00011386929510013105,0.1236569406759778,0.8169963654281176,873.4035793111269,True,0.04492209100328387,0.047648514550569704,False,,10.0%
SHEL,819,0.05128205128205128,0.00019831850474867158,0.22746036637651884,0.38261425521976,1966.7603519770107,True,0.00021364530568618442,0.33616876806319046,0.3336757493186573,1784.0395213344034,True,0.00022278111229014115,0.3065097207205539,0.3172996487762064,1789.202726836326,True,0.07904935434403504,0.10870840168667162,False,,5.0%
SHEL,1033,0.031945788964181994,4.3242771718262194e-05,0.1597638449347526,0.7689532657859677,2457.1125339936316,True,4.35473258183761e-05,0.21259023636574065,0.7441789200066888,2316.3218298937136,True,5.54853139812423e-05,0.19824816208840157,0.7214361028598821,2316.616491739146,True,0.03848431715364897,0.05282639143098805,False,,7.5%
SHEZ,475,0.1031578947368421,3.876637888687603e-05,0.1099693097430948,0.8485141569686612,1009.6424098318402,True,2.628030431801857e-05,0.12672869046623736,0.8732713095328718,809.2602677707721,True,2.3422330529352125e-05,0.08426340668337831,0.8961418224633572,809.6387319085253,True,-0.025705903059716484,0.016759380723142564,False,,5.0%
SHEZ,904,0.023230088495575223,4.757276430878447e-05,0.11463164743125678,0.8222021369032106,2009.0523831963292,True,4.7989465026632426e-05,0.1267210246895753,0.818820415857871,1914.6447256972203,True,5.180622115196645e-05,0.12079773429927732,0.8143351440985187,1916.4487867434825,True,0.006166086868020532,0.012089377258318518,False,,7.5%
SHEZ,544,0.016544117647058824,6.215377395577982e-05,0.22405902914605041,0.7340622306907583,1166.5059918301831,True,6.540433290354712e-05,0.26183026227504314,0.7125063872790087,1128.9408691618125,True,6.657027236253677e-05,0.24388331466044577,0.7180065635047344,1128.6684979122447,True,0.019824285514395357,0.03777123312899272,False,,10.0%
SHFA,651,0.055299539170506916,4.8183733228008673e-05,0.12801246016895665,0.7916935566120726,1524.291829567159,True,4.976966990360506e-05,0.15998822988899386,0.783927672288806,1362.3493503799443,True,6.147728994543585e-05,0.1391737560553082,0.7692377666868832,1361.8938376382525,True,0.011161295886351563,0.03197576972003721,False,,5.0%
SHFA,985,0.008121827411167513,0.00034034628356116646,0.14503251898972241,1.6112671146466655e-11,2468.3383477828274,True,0.00034551631674503236,0.14787639280787768,1.6541291292568345e-11,2426.0217765210377,True,0.00034596585077485676,0.14483883950625853,1.5424215357944468e-12,2426.4549143540175,True,-0.0001936794834638822,0.0028438738181552625,False,,7.5%
SHFA,544,0.009191176470588236,5.840688697996559e-05,0.14244008069431688,0.767805361689972,1267.716196840404,True,5.8523788629446904e-05,0.15754302156013045,0.7602873191018865,1246.7796228548232,True,6.206960394249651e-05,0.1548893585351126,0.7536440513769576,1247.1385633829545,True,0.01244927784079572,0.015102940865813569,False,,10.0%
SHJS,545,0.181651376146789,8.138544307315329e-05,0.13026723913002797,0.7936119603010806,1109.1019357518503,True,0.00012012459511736532,0.26642047402180946,0.7335795259781732,723.9362092252884,True,0.00011955458944679819,0.17621128607890374,0.7513928023279239,724.3596262069365,True,0.04594404694887577,0.1361532348917815,False,,5.0%
SHJS,544,0.11397058823529412,7.006518169158928e-05,0.09168917270400195,0.8717887852759301,937.0196545874496,True,5.998701667883034e-05,0.1314065228166765,0.8685934771830153,709.3323659499827,True,9.003111552577115e-05,0.10914776933263046,0.8538581066968516,708.6476399432786,True,0.017458596628628503,0.03971735011267455,False,,7.5%
SHJS,459,0.0392156862745098,0.000653287217961449,0.3105341488366449,0.3078683648787826,845.9106220138723,True,0.0007520005773402135,0.43143958547688444,0.2281212760754716,778.6324766046757,True,0.0007400833716262785,0.3937249026741658,0.23681570018363607,779.5875226955206,True,0.08319075383752095,0.12090543664023956,False,,10.0%
SHNI,646,0.0046439628482972135,0.00019722824088127297,0.2342803115313628,0.7248449423624537,1000.099112827738,True,0.00021289145774913872,0.2525358342909645,0.707679815887889,989.2519855127254,True,0.00022080591353672736,0.24532964340606367,0.7078430109805081,988.2911677657087,True,0.011049331874700863,0.018255522759601683,False,,5.0%
SHNI,766,0.0026109660574412533,0.00035853235317820733,0.18529834230239373,0.730590687518877,1083.8036343510953,True,0.00037449446201457537,0.18885892611387817,0.7244027667936954,1074.8866816860939,True,0.0003757193049683309,0.18837531262052104,0.7240774873398641,1074.728881831166,True,0.0030769703181273145,0.0035605838114844413,False,,7.5%
SHNI,534,0.018726591760299626,0.00016794340924350436,0.11478262319638405,0.7583766888878756,1031.216428405523,True,0.00015988724178654112,0.12482863192199327,0.7649754283763164,989.6791743913136,True,0.00017088465320073737,0.12043148267877074,0.7559552260173896,989.9899802978056,True,0.005648859482386692,0.01004600872560922,False,,10.0%
SHSML,609,0.18555008210180624,0.0005550443170081831,0.2392685034444007,0.26111743525490405,1216.9499822086084,True,0.000668555898246151,0.584967194568202,0.2099351650243068,783.3899823144538,True,0.0007650664304789628,0.4236175429100308,0.14700121078078363,790.2929076470851,True,0.18434903946563008,0.3456986911238013,False,,5.0%
SHSML,861,0.022067363530778164,8.360292280709871e-05,0.16072826766800713,0.728773971292277,1926.91195280584,True,7.280693967135434e-05,0.179142816652153,0.7416035133763473,1845.2066796931363,True,8.39530846744813e-05,0.1737938243581323,0.7228689738334143,1845.4418232870964,True,0.013065556690125157,0.01841454898414588,False,,7.5%
SHSML,527,0.007590132827324478,9.108252218571414e-05,0.16552707675732325,0.7512759854642754,1106.2807388486503,True,9.019593301932325e-05,0.17548772061734436,0.7485414566312025,1088.5655281972176,True,9.267898605772023e-05,0.17200175716097132,0.7465422828534676,1088.198572746028,True,0.00647468040364807,0.009960643860021101,False,,10.0%
SIBL,508,0.14173228346456693,0.0001983328064135279,0.10667382836288361,0.8736508768451005,521.2962771336377,True,0.0004485288396685476,0.18452983558708325,0.8154701644128584,312.12097035328617,True,0.0003251608729504849,0.12968056028495556,0.8484349445421684,313.9532544306198,True,0.02300673192207195,0.07785600722419964,False,,5.0%
SIBL,536,0.04291044776119403,0.0005514202651241071,0.14243485977281037,0.5836646368495948,917.0720716115346,True,0.0005004387159693244,0.18371999154160684,0.6106258424627675,830.7801881023773,True,0.0006049383710817458,0.18195353518926316,0.5509585630764107,833.4575454389942,True,0.03951867541645279,0.041285131768796474,False,,10.0%
SIEM,723,0.04702627939142462,4.722768411101965e-05,0.20421004521857572,0.7010066873964662,1795.1594216421126,True,5.0807964916202105e-05,0.2904284254878235,0.6583226248748577,1645.3699514937819,True,6.716126007737195e-05,0.26229743548566997,0.6210825853748156,1643.6447413375747,True,0.05808739026709425,0.08621838026924777,False,,5.0%
SIEM,849,0.023557126030624265,0.00030525434393772544,0.18763498441192514,0.2615938959556984,1995.3630931228909,True,0.0003207814449523295,0.23997039152471283,0.2302745578235996,1901.544487561736,True,0.0003388390861919818,0.2255708524913304,0.2024283856922009,1902.4598541758933,True,0.03793586807940527,0.052335407112787696,False,,7.5%
SIEM,517,0.02321083172147002,0.00011240956357257029,0.25328791057970435,0.38427297532057403,1382.4927214857032,True,0.00011491156466754152,0.33392434933467685,0.35953533666096993,1335.027119759646,True,0.00012810096777782752,0.35137273616353354,0.2963419530206943,1342.1721790989718,True,0.0980848255838292,0.0806364387549725,False,,10.0%
SILK,821,0.0,0.00018876640182025897,0.2903822795211642,0.49373378888499264,1830.8139098553615,True,0.00018876640182025897,0.2903822795211642,0.49373378888499264,1830.8139098553615,True,0.00018876647333352937,0.29038239466810656,0.49373361402321236,1830.8139098553643,True,1.1514694236991474e-07,0.0,False,,5.0%
SILK,1034,0.0,0.00011632614276782779,0.13252765774690284,0.7687208697823065,2093.35547549986,True,0.00011632614276782779,0.13252765774690284,0.7687208697823065,2093.35547549986,True,0.00011632614276782779,0.13252765774690284,0.7687208697823065,2093.3554754998618,True,0.0,0.0,False,,7.5%
SITC,681,0.06461086637298091,5.583230005783377e-05,0.09275106258795653,0.8217061411960527,1545.6739519681855,True,6.934027867369332e-05,0.13086853878715987,0.7915033627224002,1350.7458930900123,True,8.596787664266788e-05,0.11112474402999005,0.7729211799900153,1350.7011688636455,True,0.018373681442033524,0.038117476199203346,False,,5.0%
SITC,839,0.007151370679380214,0.00019237878680185966,0.18806428837653727,0.4760576476115339,1974.1497416000802,True,0.00020165207163298494,0.18908273868187964,0.4648549631896387,1943.1412207231053,True,0.00020538704282186174,0.1870139472127511,0.45844076754251006,1943.0889503132144,True,-0.0010503411637861615,0.0010184503053423666,False,,7.5%
SITC,536,0.011194029850746268,0.0002868958852709555,0.1875810588490932,0.36804072695889556,1219.0014085623245,True,0.00028775260932762693,0.22015659643537497,0.35752905773843036,1193.166577977589,True,0.00030512583426573966,0.2180494354681221,0.3284388205752058,1194.315222941617,True,0.030468376619028903,0.03257553758628176,False,,10.0%
SKRS,815,0.24785276073619633,0.00016075607937850883,0.17948586185164697,0.7374627100140383,1434.5369036413667,True,0.0008201677357890639,0.6921127084299403,0.30788729156995887,735.1020665740853,True,0.001331735635190205,0.6795766739365673,0.043700105425537296,757.8124395979185,True,0.5000908120849203,0.5126268465782934,False,,5.0%
SKRS,991,0.012108980827447022,8.696498122735069e-06,0.029118556841113506,0.9598272960838596,2115.772628026715,True,7.689888551148705e-06,0.03033612438299927,0.960907020626709,2060.849307627378,True,8.185180603893967e-06,0.029094584550717534,0.9608211415903163,2061.8397610025027,True,-2.3972290395971735e-05,0.0012175675418857647,False,,7.5%
SKRS,544,0.04595588235294118,0.00034544624503226684,0.28703214566961477,0.4935904870869582,1036.2437322553953,True,0.0003832566207909493,0.4654822445594512,0.4032120706949708,940.1285763316235,True,0.0003930215190957154,0.37526793794285274,0.4268883123948623,939.3542209570297,True,0.08823579227323797,0.17845009888983643,False,,10.0%
SLCL,674,0.04599406528189911,0.00010187000261703572,0.12234219672420948,0.8560031715524716,974.6434642512486,True,0.000121885653487473,0.16382219187688474,0.8298432723318063,871.9919329203872,True,0.00018131085585352104,0.15820218134658462,0.8035087757636954,868.214504397897,True,0.035859984622375135,0.04147999515267525,False,,5.0%
SLGL,544,0.042279411764705885,0.0001681652031804431,0.13665840900588166,0.7164060287459502,1093.1869136389691,True,0.0001749251351613832,0.18569760114694736,0.6967192529631658,998.8088063552676,True,0.00021329356099455976,0.17661609811994344,0.6593863817615662,1000.8078378136197,True,0.03995768911406178,0.049039192141065696,False,,10.0%
SLL,474,0.016877637130801686,0.0001209846696246314,0.07433661914892942,0.9223821586993278,370.2772828639043,True,0.00011641614988564143,0.07952044232781336,0.9204795575207874,345.84267122447653,True,0.00015885330429798056,0.07568289270893055,0.9179910418969509,344.7351846801429,True,0.0013462735600011377,0.0051838231788839395,False,,5.0%
SLL,439,0.009111617312072893,0.000507785308552493,0.13460156834099674,0.8287833167969345,368.62161544459934,True,0.000524571783928555,0.14431561177969543,0.8215376205989424,357.0775280467332,True,0.0005517731711146764,0.14348229620713737,0.8177045759474637,357.16818838690347,True,0.008880727866140636,0.009714043438698694,False,,7.5%
SLYT,539,0.13172541743970315,0.0007117843829132493,0.2710926259609493,0.48212231098091773,836.97459542555,True,0.0007598202642771563,0.5563400451655871,0.4212758144852414,604.453834942779,True,0.001042458327030519,0.5059459570355347,0.294430139429657,617.7732163970959,True,0.2348533310745854,0.2852474192046378,False,,10.0%
SMBL,821,0.00243605359317905,0.00042899937705426596,0.3555438828712325,0.5172857550059622,1405.1668711229745,True,0.0004295390155041955,0.35306494069383165,0.5203419377210046,1395.2234920007595,True,0.000431164838679121,0.3525742259213877,0.5195439092604495,1395.1751564265726,True,-0.002969656949844801,-0.0024789421774008558,False,,5.0%
SMBL,911,0.0010976948408342481,0.001124544286722841,0.2615683580786945,0.02448130575233428,1694.7009412473383,True,0.0011247521295268473,0.2684197113044623,0.02273689059681994,1690.269047425272,True,0.0011237736989563154,0.2680110552465408,0.023544327915666373,1690.2682649039718,True,0.00644269716784629,0.006851353225767798,False,,7.5%
SMCPL,754,0.04376657824933687,8.710338524253329e-05,0.10880301651763871,0.839300107652054,1383.8256505958811,True,0.0001032689680027913,0.13681372338919756,0.8191561884332701,1250.5931711086328,True,0.0001182949494239199,0.12408051804047113,0.8118812367360987,1251.5013412084425,True,0.015277501522832415,0.02801070687155885,False,,5.0%
SMCPL,789,0.043092522179974654,0.00019737208899152288,0.1530122958211384,0.7184734797355818,1472.491331519052,True,0.00020858127560982912,0.22404032421786593,0.6821972770324599,1340.8850020609596,True,0.0002477545560375389,0.19932653320945776,0.6612275417425753,1341.1373844153266,True,0.04631423738831936,0.07102802839672753,False,,7.5%
SMCPL,543,0.04419889502762431,0.0003242943017654707,0.2509164883884959,0.5081486425831669,1061.7572449349186,True,0.00038934397479001206,0.3783314700141378,0.41734987449037286,965.7174179830097,True,0.00043518228861809524,0.3511012151713828,0.3797113180810797,966.5643851950491,True,0.10018472678288692,0.1274149816256419,False,,10.0%
SML,661,0.1588502269288956,3.151700180009616e-05,0.09616451641265833,0.8740997093403668,1357.6087570436764,True,6.222873526023405e-05,0.1869394001236253,0.8130605998762916,945.360382070596,True,3.9517930850083206e-05,0.11768454614523355,0.8580190694429424,950.2773931192015,True,0.02152002973257522,0.09077488371096698,False,,5.0%
SML,512,0.134765625,0.00012000439685754601,0.09491255383844896,0.8453813135478621,870.5061632112179,True,8.438259020528954e-05,0.14095534454325914,0.8590446554513291,618.3373406811316,True,0.00013182802228121047,0.11297484695111998,0.8385419769801389,619.6428097180666,True,0.01806229311267102,0.04604279070481018,False,,7.5%
SML,516,0.060077519379844964,0.0001735658515776336,0.1733694112859906,0.727812336474259,939.9426090930683,True,0.0001909620467186641,0.25165847420088966,0.6924344920189798,824.6995737955402,True,0.00022373775663335526,0.21705623910032062,0.6774336436899342,826.325736112823,True,0.04368682781433003,0.07828906291489907,False,,10.0%
SMTM,597,0.018425460636515914,1.342325765645833e-05,0.06932463335442157,0.9306753666445744,872.2173039382708,True,1.4582767127335407e-05,0.06734590295995968,0.9326540970399568,829.7988398517027,True,1.4128818885517234e-05,0.07019666994029673,0.9298033300574515,827.645624160103,True,0.0008720365858751605,-0.0019787303944618917,True,,5.0%
SMTM,511,0.050880626223091974,0.0008366707771899043,0.2805649358130884,0.5109587556086138,727.4367228856087,True,0.000951860296609648,0.373331040327126,0.4616889808797028,638.4902524391654,True,0.0011604064540553284,0.3380955908544222,0.40685636976513245,636.905695039325,True,0.05753065504133381,0.0927661045140376,False,,7.5%
SNAI,511,0.0684931506849315,0.00039421259440277777,0.19753412715929355,0.5241231343035133,965.0751743898252,True,0.0005321388137300123,0.2870484102969033,0.4247804924194408,824.4990810555635,True,0.0007976288353190007,0.26693038344192377,0.246772314912158,825.5167836463622,True,0.06939625628263021,0.08951428313760976,False,,7.5%
SNAI,483,0.026915113871635612,0.0004431216663109256,0.1636691690772192,0.5208157674881317,913.0509000954961,True,0.0005160933509759063,0.2063479677716613,0.4606100691258258,859.1745605659962,True,0.0005430710964035586,0.1935852104526415,0.4445297406924399,860.3380324083336,True,0.02991604137542228,0.042678798694442105,False,,10.0%
SNBL,734,0.005449591280653951,0.0002061277283329298,0.15464131077569537,0.46866775608456523,1734.713685892701,True,0.00021236324835029673,0.1521868750251666,0.46396641298454533,1714.1740160328463,True,0.00021132313125655624,0.1504139103962054,0.46654826618259715,1714.064248216856,True,-0.0042274003794899595,-0.002454435750528783,False,,5.0%
SNBL,998,0.004008016032064128,2.849125265155885e-05,0.16691837505708046,0.7679783602363215,2557.9677636986225,True,2.8675301458504222e-05,0.17164685666830143,0.7652144964846829,2536.887507716258,True,2.8164587613706672e-05,0.16553618139511536,0.770195488786424,2536.145478070259,True,-0.0013821936619650976,0.004728481611220969,False,,7.5%
SNBL,543,0.01289134438305709,0.00020134429466796408,0.22697541559325382,0.4735799279030419,1257.1136155098259,True,0.00020923479565109496,0.2544309633785366,0.45643456926473097,1222.5423558263774,True,0.00021338104943512956,0.24165811170529938,0.45380322091374864,1222.292310221324,True,0.014682696112045562,0.02745554778528278,False,,10.0%
SNGP,819,0.07081807081807082,0.0001120821135577833,0.16936177254275328,0.6846100790018157,1801.980715893483,True,0.00010433433531302476,0.25373375017755007,0.6688501424615909,1562.1701199121262,True,0.00014144522915882237,0.225952361288097,0.6202743080397506,1563.2762962378586,True,0.05659058874534373,0.08437197763479679,False,,5.0%
SNGP,1032,0.023255813953488372,7.41840338853315e-05,0.09777055873272172,0.7873696944708318,2344.6131107033125,True,7.270487669300232e-05,0.10748404829952883,0.79018447535446,2231.8778661165607,True,7.56636220922341e-05,0.0988391658488714,0.7890602968365924,2231.745910421259,True,0.0010686071161496724,0.009713489566807107,False,,7.5%
SNGP,544,0.007352941176470588,8.62208331136537e-05,0.12228871718689595,0.7635372757032927,1213.4030691275898,True,8.821033823679312e-05,0.13150921338189014,0.7567520402121192,1194.6297643301432,True,9.226773832683183e-05,0.1276753210294962,0.7523442658833794,1193.9129795431825,True,0.005386603842600243,0.009220496194994196,False,,10.0%
SPCL,411,0.0,2.3380198931937383e-05,0.057804763032639886,0.9421952369673452,595.3207771387991,True,2.3380198931937383e-05,0.057804763032639886,0.9421952369673452,595.3207771387991,True,2.3380198931937383e-05,0.057804763032639886,0.9421952369673452,595.3207771387995,True,0.0,0.0,True,,5.0%
SPCL,471,0.0,0.0009133817264281026,0.22224347663702831,0.650756104026494,546.9150297987666,True,0.0009133817264281026,0.22224347663702831,0.650756104026494,546.9150297987666,True,0.0009133817578164869,0.22224345975660773,0.6507561059507334,546.915029798767,True,-1.6880420589115985e-08,0.0,False,,7.5%
SPEL,736,0.08423913043478261,1.3299881875325702e-05,0.06085747221842093,0.9234164950386454,1594.3960971479485,True,1.540725809789807e-05,0.1012077255612279,0.8987922744387391,1335.590003795875,True,9.950406464731811e-06,0.05310234177227449,0.9375025558622444,1334.9608710228758,True,-0.007755130446146438,0.040350253342806966,False,,5.0%
SPEL,1021,0.00881488736532811,3.633366614132835e-05,0.061592829820527856,0.8765053790845367,2362.7154644287657,True,3.5449862069023865e-05,0.06234051454648529,0.879250034543613,2318.031191453494,True,3.8000799812804855e-05,0.06209843272963417,0.8741942513149485,2318.20854901698,True,0.0005056029091063119,0.0007476847259574315,False,,7.5%
SPEL,544,0.051470588235294115,0.0002451470849558342,0.18524312432056766,0.6457632245413827,1034.078429613932,True,0.0002668822267033786,0.24758921714606252,0.6187058389892057,917.7294882568376,True,0.0002936368221882167,0.22215318345712215,0.6028849621741608,917.6442403108946,True,0.036910059136554485,0.06234609282549486,False,,10.0%
SPL,821,0.14859926918392205,0.0001266937269100534,0.10003957002984273,0.7604216531307674,1717.1023852559274,True,0.00015564093431839698,0.23826477855628153,0.6998967443383399,1222.4769367331007,True,0.00020990598062830884,0.18929788690645233,0.6493553091347264,1230.2687135816657,True,0.0892583168766096,0.1382252085264388,False,,5.0%
SPL,1011,0.03758654797230465,0.00014951173907897967,0.22820173547432626,0.5544172323261591,2304.196568525986,True,0.00015609315541623094,0.3247640984821144,0.5099734867323908,2145.7587827760804,True,0.00017891299058387527,0.2982435270252435,0.4778449014734352,2149.175816290666,True,0.07004179155091722,0.09656236300778814,False,,7.5%
SPL,542,0.0996309963099631,6.800706117142261e-05,0.2100912663254499,0.7397345977591092,1111.631752518274,True,8.209910824930432e-05,0.3131649800324944,0.6868350199674493,924.3927265705536,True,0.00010612813194673819,0.3182046777667966,0.6418204167173951,933.910618163242,True,0.10811341144134673,0.10307371370704449,False,,10.0%
SPLC,411,0.0,2.3380198931937383e-05,0.057804763032639886,0.9421952369673452,595.3207771387991,True,2.3380198931937383e-05,0.057804763032639886,0.9421952369673452,595.3207771387991,True,2.3380198931937383e-05,0.057804763032639886,0.9421952369673452,595.3207771387995,True,0.0,0.0,True,,5.0%
SPLC,471,0.0,0.0009133817264281026,0.22224347663702831,0.650756104026494,546.9150297987666,True,0.0009133817264281026,0.22224347663702831,0.650756104026494,546.9150297987666,True,0.0009133817578164869,0.22224345975660773,0.6507561059507334,546.915029798767,True,-1.6880420589115985e-08,0.0,False,,7.5%
SPWL,786,0.011450381679389313,1.1223128097121598e-05,0.11329537864631978,0.8426266193275386,2227.155152650162,True,1.0668255973691611e-05,0.11795232574871714,0.8451975632480984,2179.4784870321814,True,1.1674266050201178e-05,0.11921720181626641,0.8365892620623758,2179.570470181616,True,0.005921823169946633,0.004656947102397363,False,,5.0%
SPWL,1026,0.011695906432748537,3.910536513883455e-05,0.15922679900018788,0.7128765300957217,2799.4719148248223,True,4.0102091069421484e-05,0.1843776377098741,0.699516612233796,2739.9629113795663,True,4.215253887237711e-05,0.17931392688068237,0.6901493668723726,2739.852275493903,True,0.020087127880494493,0.025150838709686207,False,,7.5%
SPWL,544,0.007352941176470588,4.332962931021263e-05,0.0763213711764978,0.8437374717235797,1308.405142995648,True,4.420939009055649e-05,0.08012632192146821,0.8411616891917245,1287.564765226456,True,4.5076927317174925e-05,0.07870037100742344,0.8397830787415719,1287.740576159462,True,0.0023789998309256405,0.003804950744970406,False,,10.0%
SRVI,758,0.06068601583113457,8.12584932150197e-05,0.16262177753075469,0.6909504857059127,1792.7743472614823,True,8.186584811911631e-05,0.2391214675627908,0.6665036740461482,1592.307725977182,True,0.00012692705195604798,0.2297009669581468,0.575711284340164,1594.613915691901,True,0.0670791894273921,0.0764996900320361,False,,5.0%
SRVI,1020,0.016666666666666666,7.65849339843179e-05,0.16100332172693635,0.6993208931890156,2438.339789784266,True,8.233695109800547e-05,0.18396069848678245,0.6793862595393669,2356.8115409236225,True,8.830150747901434e-05,0.17746249870964986,0.6684196695169943,2356.4336626229724,True,0.016459176982713514,0.022957376759846104,False,,7.5%
SRVI,543,0.01289134438305709,0.0001852464026076024,0.21955317507680402,0.5644482017886641,1190.496728044077,True,0.0001794578250059796,0.25888745231045696,0.5562610868356201,1161.1156368223656,True,0.00018968791698678337,0.2425131264531117,0.5483365027406268,1160.0092345785408,True,0.022959951376307686,0.03933427723365293,False,,10.0%
SSGC,821,0.09013398294762484,0.0001387501006395819,0.21816739916192895,0.5864572487682735,1843.8614525474777,True,0.00013886954983195624,0.35266210214632576,0.5578016557168947,1534.4345913885998,True,0.00015934295393638917,0.28273590786151204,0.544877940131709,1538.3994829944384,True,0.06456850869958308,0.1344947029843968,False,,5.0%
SSGC,1034,0.012572533849129593,5.791680163433459e-05,0.0950556747607942,0.810368696568067,2389.1428259598924,True,5.5514632955391195e-05,0.09534856501730474,0.8184825583767645,2324.0102676122438,True,6.152641785056526e-05,0.09548817187561456,0.8064707332043015,2323.5488241088397,True,0.00043249711482036546,0.000292890256510539,False,,7.5%
SSGC,544,0.05698529411764706,0.00010490367618809263,0.18447694149045962,0.7458869724910846,1066.5145752043552,True,0.00011917987031063258,0.290769920261356,0.6919176629249765,949.4489895427765,True,0.00013102568282788313,0.23474601961616723,0.6975838205829141,948.9860233911661,True,0.050269078125707606,0.10629297877089638,False,,10.0%
SSML,528,0.020833333333333332,0.0002665439210680794,0.15277850430235657,0.7692854508275484,798.9498789474362,True,0.0002715014950109677,0.16127688655093297,0.7694266242955685,756.0726093990937,True,0.00028222808593288714,0.15165883705900904,0.7691963139175602,755.7392156458618,True,-0.0011196672433475274,0.008498382248576408,False,,5.0%
SSML,858,0.02564102564102564,3.390697377227191e-05,0.04759488754522927,0.9372915193851559,1432.9380839797905,True,3.76104453978604e-05,0.05616219550615641,0.9308839323901708,1347.5907703745715,True,4.8858701191638294e-05,0.056137453387550704,0.9230159562309652,1345.8066899251835,True,0.008542565842321437,0.00856730796092714,False,,7.5%
SSML,537,0.09497206703910614,0.0004116384762725383,0.19583113078171271,0.6557995937163656,846.6027606016221,True,0.00046603335457324774,0.3427749583070626,0.5979077438878163,673.0028346154259,True,0.0006486782700783256,0.31634989031367156,0.5154364082605031,678.2697369381586,True,0.12051875953195884,0.1469438275253499,False,,10.0%
SSOM,582,0.23711340206185566,0.00012035841374112007,0.12109814237456233,0.7849805948989813,1121.1911524760988,True,0.0002614724685119289,0.346471733462115,0.6535282665378799,606.5946097691734,True,0.0004679649671327793,0.277943914509163,0.5106910293436501,610.3596998092387,True,0.15684577213460066,0.22537359108755267,False,,5.0%
SSOM,629,0.11287758346581876,0.0005476558695610078,0.16538644715149103,0.5529977337825263,1078.516289379069,True,0.0004982806940098261,0.27913697843702956,0.5756824929253983,816.2137922013898,True,0.0010314652677161679,0.2724172666076057,0.3157539376626134,819.5916183980644,True,0.10703081945611465,0.11375053128553853,False,,7.5%
SSOM,540,0.1037037037037037,0.00017207030570510855,0.2182279187729038,0.6910285073712361,988.6402428602796,True,0.00022443659580475867,0.3851395962625854,0.6148604037373835,788.8727368317279,True,0.0003332817467273392,0.3488505883645643,0.5338335113396273,795.2702495498321,True,0.1306226695916605,0.16691167748968164,False,,10.0%
STCL,820,0.07682926829268293,0.00019809980727191666,0.0938988009690114,0.7135982816204877,1664.6391721583145,True,0.00027563634973134675,0.12316061281115451,0.6612013083806754,1399.750986549606,True,0.00027160064441066165,0.10554545566084789,0.6670532128629049,1400.3049425431902,True,0.011646654691836483,0.029261811842143104,False,,5.0%
STCL,1031,0.02133850630455868,7.759109657949308e-05,0.07145031726321745,0.8250354386063548,2244.2717474100027,True,8.597841624826353e-05,0.08440109893199275,0.8098250802041791,2141.9854646615277,True,9.517523312189887e-05,0.0802018145365048,0.7989380120442588,2142.1113909767123,True,0.008751497273287348,0.012950781668775307,False,,7.5%
STCL,544,0.012867647058823529,5.8674328541386304e-05,0.10991459722593838,0.8225929738992221,1186.948998495286,True,5.992514198303293e-05,0.11751501329478503,0.8191977046478358,1153.551016296025,True,6.184868724767826e-05,0.11213141462179516,0.819024671521521,1153.1858536719299,True,0.002216817395856774,0.007600416068846649,False,,10.0%
STJT,691,0.14037626628075253,6.387723265678099e-05,0.08214481987443156,0.8918365936089816,1096.5794985386933,True,7.105360584313427e-05,0.10851032519779372,0.8914896748000514,757.2145212952147,True,5.654758823941846e-05,0.07589487398554542,0.9063898588419554,757.1932648504476,True,-0.006249945888886138,0.026365505323362154,False,,7.5%
STJT,467,0.017130620985010708,0.0003083967983867591,0.22517340134583125,0.5039431190341693,953.2214090055138,True,0.0003571508359225175,0.28336515484973324,0.43749508058950837,920.113655309057,True,0.00033485930697202626,0.26030090646582815,0.46575419246914085,919.9442392310897,True,0.035127505119996905,0.05819175350390199,False,,10.0%
STL,533,0.08630393996247655,0.0001926563508958423,0.3262729826041855,0.5808078967015153,1005.6632296203952,True,0.0001960847815998725,0.4540284698411087,0.5459715301580568,852.2188379688181,True,0.0002467400981666731,0.4450386577438773,0.48571734952186835,861.7131899082965,True,0.11876567513969177,0.12775548723692315,False,,10.0%
STML,408,0.16176470588235295,0.00021170035374070336,0.09806791063959885,0.8215995453413835,640.8474741190685,True,0.00012213024075363802,0.1219124737642153,0.8780875262247214,410.6377760912895,True,0.00016146703705556005,0.07356023344706564,0.8821089254720169,410.2491081100922,True,-0.024507677192533217,0.02384456312461644,False,,7.5%
STPL,820,0.14512195121951219,0.0001957713785056782,0.15863110163870364,0.6800750033213327,1609.1284851001299,True,0.000319505929758723,0.37121233411616017,0.5380375476872015,1150.8039030057398,True,0.00024441408798932403,0.23199842267265658,0.6308266567324682,1157.8173078258537,True,0.07336732103395294,0.21258123247745653,False,,5.0%
STPL,1034,0.014506769825918761,4.5943058219481635e-05,0.05532846531282401,0.884399894505121,2251.7574649357157,True,4.992486432384675e-05,0.06414350202644431,0.8745239191096457,2182.36764324316,True,5.346635690691658e-05,0.06215170528264803,0.8701903792292454,2183.014351076009,True,0.0068232399698240215,0.0088150367136203,False,,7.5%
STPL,544,0.016544117647058824,0.0006349552355350329,0.3461951880886309,0.20493941046753197,1070.35484437968,True,0.0006610351568973553,0.3869179960126056,0.18573034899970176,1029.599113804748,True,0.000677199119728931,0.36979840413031895,0.1772559487406385,1029.3274003871652,True,0.023603216041688024,0.0407228079239747,False,,10.0%
STYLERS,528,0.007575757575757576,0.00036795749795415493,0.333758162105354,0.2582674900607595,1147.9216883259312,True,0.00037753379319526136,0.3655087579418427,0.23769701143507949,1131.8285339967244,True,0.00038101863146147903,0.35466048058870403,0.23637626165070594,1131.937727293262,True,0.020902318483350057,0.031750595836488704,False,,10.0%
SURC,440,0.07727272727272727,6.547241566208869e-05,0.09927749700731098,0.8579635168365201,832.0459883312406,True,4.518835258247713e-05,0.12360283028787153,0.8723715141328517,702.0617509307326,True,6.717645083910876e-05,0.11066824258517843,0.8534073970352405,703.5465294418159,True,0.011390745577867456,0.02432533328056055,False,,7.5%
SURC,488,0.020491803278688523,0.0005101058910169111,0.29348448017586726,3.656558927238147e-15,1096.2030410049001,True,0.0005223671426793531,0.36381810221627453,2.838972477953443e-15,1051.9600041015385,True,0.0005255708688869138,0.34285638407574565,2.8471539294492337e-15,1051.7541892394624,True,0.04937190389987839,0.07033362204040727,False,,10.0%
SUTM,602,0.07807308970099668,2.8050879792014026e-05,0.12716485288397383,0.8537031726366654,1194.084934040316,True,2.9709031358664793e-05,0.1632980420207356,0.8367019579791841,1018.7534759518411,True,3.457032113860488e-05,0.1566702348317176,0.8271998890127596,1021.1919635746344,True,0.02950538194774377,0.03613318913676178,False,,7.5%
SUTM,529,0.045368620037807186,0.0002710637368887645,0.23949360954138965,0.5421423845466787,1060.041962961131,True,0.00029617286866467083,0.3385233940834542,0.4956556012622161,966.4955613664096,True,0.0003245513688218517,0.3225267502725644,0.4663519224077449,972.923546301311,True,0.08303314073117474,0.09902978454206457,False,,10.0%
SYM,544,0.03308823529411765,0.00023938000117246154,0.24989498220752532,0.5409671736455268,1126.2421824766586,True,0.00024615450829076815,0.33728628937917526,0.510264056101606,1055.6555858474217,True,0.0002743166666015394,0.3173061900147286,0.4790600966103993,1054.9923053159798,True,0.06741120780720328,0.08739130717164995,False,,10.0%
SYS,809,0.037082818294190356,3.4236218222097106e-05,0.10753933689415526,0.817862695189242,1985.2594807941841,True,3.686874867739043e-05,0.13437559927602716,0.8019732969943971,1845.619278688764,True,4.003453976890136e-05,0.11975771010996644,0.8002666178462075,1845.374621577315,True,0.012218373215811179,0.026836262381871895,False,,5.0%
SYS,1033,0.016456921587608905,6.280578950337195e-05,0.11501688091851747,0.7547952255789594,2510.5254207875682,True,5.724837890554772e-05,0.13055595925293964,0.761988333300119,2433.638611553549,True,5.7749929501908465e-05,0.12000728930499516,0.7658308887609614,2434.898427668287,True,0.004990408386477685,0.015539078334422168,False,,7.5%
SYS,541,0.009242144177449169,3.156875489177759e-05,0.1225829818869832,0.8247945941242774,1302.7644078489236,True,3.1373228287672755e-05,0.13135320399029482,0.8216335056146868,1279.304313405831,True,3.227460204456421e-05,0.12707035550590112,0.8208695942347939,1278.2478844170212,True,0.00448737361891792,0.008770222103311617,False,,10.0%
TATM,465,0.1935483870967742,0.00018007873154927655,0.13285226606156547,0.6858012978207851,953.6981335093224,True,0.0002939423953315747,0.3155149321998829,0.590091584287795,594.8451255795762,True,0.00042583619486200383,0.21458543313695078,0.5005311152449771,595.9571072510224,True,0.0817331670753853,0.18266266613831744,False,,5.0%
TATM,743,0.04306864064602961,0.0009464704496952917,0.18102395605299215,0.04247635253194108,1446.681606601713,True,0.0010222679527339181,0.26167706187338047,6.002852413692615e-11,1314.84550759116,True,0.0010432606016517183,0.22135985470432468,1.370559449252097e-12,1313.4027694947285,True,0.040335898651332525,0.08065310582038832,False,,7.5%
TATM,528,0.07386363636363637,0.0002815257835830623,0.20246546938693377,0.6452492855428529,943.4914187910642,True,0.0003978751785157324,0.37048571995257973,0.5205665826969039,799.3910100960874,True,0.000474952974443012,0.3213914968130359,0.47911100272979734,800.9628031100201,True,0.11892602742610214,0.16802025056564596,False,,10.0%
TBL,544,0.009191176470588236,9.223721328347807e-05,0.088960981576411,0.7669843039982533,1245.4688244500715,True,8.846130082833913e-05,0.09193597554313224,0.7747399002177082,1220.7282658705005,True,9.142067403571661e-05,0.08977807395986763,0.7705315213052037,1220.4894926237873,True,0.0008170923834566329,0.00297499396672124,False,,10.0%
TCORP,770,0.16623376623376623,9.330579200868809e-05,0.1523442906842211,0.7541622376497767,1594.8620423246084,True,0.0001378686185060165,0.352953867488775,0.6470461325111938,1101.2086919511512,True,0.0001803729283868458,0.29528686012519123,0.5975661814805825,1112.087048260502,True,0.14294256944097014,0.2006095768045539,False,,5.0%
TCORP,795,0.0389937106918239,0.00019514907434791656,0.13719571550901072,0.6626747735121161,1644.394750994151,True,0.0004791954169900954,0.2567654282903803,0.3168235216622789,1513.688190392145,True,0.000518234131039165,0.23376393867993261,0.28277985060765626,1514.472525281704,True,0.0965682231709219,0.11956971278136957,False,,7.5%
TCORP,538,0.020446096654275093,0.0005417636808955351,0.3710328229453263,0.13499953219063754,1119.0202940068987,True,0.0005344743012776073,0.43620690009477675,0.13886299684354264,1073.0514675748507,True,0.0005434262349120226,0.4072304185704577,0.1369405838246681,1074.203779460424,True,0.03619759562513142,0.06517407714945045,False,,10.0%
TELE,820,0.0,1.8862914020418797e-05,0.05180854725381351,0.9353862359210279,1574.804907073356,True,1.886294532899071e-05,0.05180863420107675,0.9353861377941917,1574.8049070733618,True,1.886294532899071e-05,0.05180863420107675,0.9353861377941917,1574.804907073362,True,8.694726324337543e-08,8.694726324337543e-08,False,,5.0%
TELE,1033,0.03969022265246854,7.016741512097535e-05,0.13823826843060838,0.8343746918403765,1863.6805440545013,True,7.394160023048942e-05,0.1881354347959831,0.8087711255833561,1715.3020222910359,True,9.771018299748022e-05,0.1670128061905121,0.7978859588509083,1710.5834214484453,True,0.028774537759903712,0.04989716636537472,False,,7.5%
TELE,544,0.011029411764705883,5.831244036446154e-05,0.1572558744949059,0.7947391332018592,1135.9878271435814,True,5.5606633713197175e-05,0.16398033217385594,0.7968900293137433,1110.0880706044386,True,5.706929813717251e-05,0.15826415676461247,0.7973307267497022,1109.779334047079,True,0.0010082822697065619,0.006724457678950024,False,,10.0%
TGL,818,0.05378973105134474,6.0587152691219126e-05,0.143806002511645,0.7183175606851548,2030.3502326013502,True,6.522587841658802e-05,0.2054818030981998,0.689198720852838,1825.1921471425792,True,9.852557526522448e-05,0.20219166898175045,0.6035906511480433,1825.4457284353232,True,0.05838566647010546,0.06167580058655481,False,,5.0%
TGL,1030,0.020388349514563107,0.0004469945430602921,0.20199398152064507,7.068443912205565e-12,2418.6373797769706,True,0.00045953765816222035,0.22423252196683313,7.03395861321115e-12,2315.944189112387,True,0.0004557632986041726,0.22483636901190385,2.3665155024647144e-13,2317.3335231371834,True,0.022842387491258775,0.02223854044618806,False,,7.5%
TGL,544,0.01838235294117647,0.00020401371467505586,0.24031571731365914,0.49015240736172083,1230.6118580302746,True,0.0002138168060941247,0.2807257169607136,0.46776353748964383,1182.47879272915,True,0.00022134540829236242,0.26350816412379985,0.4624081931884374,1181.7141421268948,True,0.02319244681014071,0.04040999964705444,False,,10.0%
THALL,813,0.020910209102091022,3.4948519435256924e-05,0.1282385045119732,0.7881396267578092,2048.5623548290378,True,3.842575380110446e-05,0.14412331164157383,0.7738748548418785,1965.6629961887436,True,3.831508061422065e-05,0.13189265137467487,0.7807726472561365,1966.2972056613996,True,0.003654146862701685,0.015884807129600637,False,,5.0%
THALL,1006,0.011928429423459244,9.545297541483223e-06,0.061459380225414556,0.9220034110584043,2434.50200524542,True,9.261411501397883e-06,0.06688796890390677,0.919664392463224,2377.4171826853403,True,9.710814205401124e-06,0.06401470840949697,0.9200583718557285,2377.0432552142597,True,0.0025553281840824116,0.005428588678492219,False,,7.5%
THALL,543,0.009208103130755065,3.226151112301524e-05,0.12782180984263536,0.8282764756948562,1258.9992778051933,True,3.068955125584256e-05,0.13589460070101883,0.8278831975692365,1235.3689846843608,True,3.1624916876149556e-05,0.13043987010546226,0.8289572394885142,1235.3048045003607,True,0.0026180602628269045,0.008072790858383472,False,,10.0%
THCCL,817,0.04039167686658507,2.7050340709797388e-05,0.12609565823729352,0.843668979720823,1832.5520605210397,True,2.9137554619007047e-05,0.16464263763502762,0.822623482327434,1688.0546648974469,True,3.424538544062303e-05,0.1400702144780614,0.8244398173664342,1683.1750333786317,True,0.013974556240767877,0.038546979397734105,False,,5.0%
THCCL,1023,0.042033235581622676,3.5088418399953776e-05,0.09931140266444768,0.8541505513685518,2266.6222125284885,True,3.915515777683874e-05,0.13953652399728417,0.8288462369524455,2081.404109038672,True,4.912818277711798e-05,0.12825451223778084,0.8156736015009334,2084.8730694161645,True,0.028943109573333153,0.04022512133283648,False,,7.5%
THCCL,543,0.058931860036832415,0.00018983094039189564,0.16792433251947253,0.7021185181916121,1034.0465055895809,True,0.0001999828060016547,0.24146044024110225,0.6766206419358592,906.6502013253235,True,0.00022230874378088925,0.20938528553422492,0.665123590469088,906.9436064263059,True,0.04146095301475239,0.07353610772162972,False,,10.0%
TICL,628,0.07484076433121019,7.905787818560992e-05,0.10263379899959024,0.8513131631187865,1130.4891369404631,True,5.034953980000079e-05,0.11470193802947162,0.8766527062201495,950.7871376515197,True,6.383480019097796e-05,0.09677678014871155,0.8719446537249669,951.6062304668333,True,-0.0058570188508786925,0.01206813902988138,False,,7.5%
TICL,472,0.03389830508474576,0.00041876960559211345,0.2747271414642645,0.4184847373882895,925.8557114906823,True,0.00045662971345589615,0.3670487496843988,0.3704956133303134,860.524131455141,True,0.0004913213088261878,0.32472475219191066,0.353748894109019,861.6254683648873,True,0.049997610727646136,0.0923216082201343,False,,10.0%
TOMCL,943,0.02863202545068929,0.00014848153370546882,0.15473269018969463,0.6368949018605712,2108.7611259407163,True,0.00017985807464000481,0.2016884311814976,0.574970484378296,1986.788260830538,True,0.0001840028842751751,0.18572310031270806,0.5742179847304605,1988.400881617337,True,0.03099041012301343,0.04695574099180297,False,,7.5%
TOMCL,544,0.02022058823529412,0.00013758062590601432,0.1285506013285413,0.7284455899484528,1141.5430519912234,True,0.0001369649925053226,0.154944692175082,0.7196566029283709,1094.9572155787985,True,0.00014166701822418615,0.14390380022976318,0.7182345669820247,1094.9006596467461,True,0.015353198901221887,0.026394090846540708,False,,10.0%
TOWL,504,0.1626984126984127,6.145536540438706e-05,0.12182272621230576,0.8228273583774632,1021.1239922488544,True,6.981409601790288e-05,0.18778093945487384,0.8122190605451234,704.0360316619169,True,7.756883010766997e-05,0.16082409322743213,0.7953583521130647,711.359998714139,True,0.03900136701512637,0.06595821324256808,False,,5.0%
TOWL,842,0.09857482185273159,9.416383737161993e-05,0.15226361022857351,0.7846554128863278,1588.3283174715998,True,0.00012504261152373203,0.2973209145998599,0.7026790853998275,1281.920530474412,True,0.00017236867687383059,0.24423846282361367,0.6716526565545126,1283.396494030129,True,0.09197485259504015,0.14505730437128636,False,,7.5%
TOWL,544,0.03308823529411765,0.00018641133487936536,0.28116320995547084,0.5036517876326259,1207.1246671127399,True,0.00017823066042578462,0.36904288332361257,0.49424553654516323,1136.5525472692993,True,0.00022204890759851379,0.360840150674819,0.4244805566027906,1139.6425894126287,True,0.07967694071934817,0.08787967336814173,False,,10.0%
TPL,821,0.0097442143727162,3.892235738273836e-05,0.0867218728103645,0.8854851799384205,1662.543184320161,True,3.8610515892887056e-05,0.08787408182796119,0.8867560861613069,1626.0710299066895,True,0.00011265524017470431,0.1302147241786556,0.7797777355947444,1625.4753364489509,True,0.04349285136829109,0.0011522090175966893,False,,5.0%
TPL,1034,0.03481624758220503,0.00015769148984871596,0.19725820547764472,0.703271942443902,2004.7854751717377,True,0.00018678063450537071,0.271983805415607,0.6497827449677973,1864.1420294376603,True,0.00019978715939034434,0.23923284478646156,0.6488294641847059,1863.540174690395,True,0.04197463930881684,0.0747255999379623,False,,7.5%
TPL,544,0.04411764705882353,0.0003028943492534828,0.17236388609364717,0.6716164229191954,964.3594240157404,True,0.0009337191675648145,0.6212781455074972,0.11722950167498143,878.7691430719415,True,0.0010103076567980326,0.5293484224771898,0.0953258895249795,880.8906676537051,True,0.35698453638354266,0.44891425941385,False,,10.0%
TPLI,797,0.05520702634880803,3.212789885415502e-05,0.14848818187496515,0.8307933384781958,1565.037023204754,True,3.116535820699872e-05,0.1783495318309109,0.8216504681690673,1400.659633555437,True,3.194366236231106e-05,0.15396643829622822,0.8291909570792813,1402.0178997269802,True,0.005478256421263067,0.02986134995594575,False,,7.5%
TPLI,543,0.034990791896869246,0.00023575892220418384,0.2156010744065459,0.6184375661733873,1046.017816734599,True,0.00021522027659872514,0.2798703627752206,0.6133034014711682,976.6923713798908,True,0.00023768032750480893,0.25516804627211587,0.6007450163979815,979.9204199003985,True,0.039566971865569955,0.06426928836867468,False,,10.0%
TPLL,421,0.023752969121140142,0.0012601572297724108,0.22746140973239534,0.031306305936875924,755.2468572562755,True,0.0013256779956513282,0.26480264309293744,0.009795278064955193,714.8386389317773,True,0.0012951065237702566,0.2488941771527012,0.030805130604585146,716.0267454784689,True,0.021432767420305865,0.0373412333605421,False,,10.0%
TPLRF1,539,0.0018552875695732839,4.956877159931218e-05,0.06886618142265521,0.8614474320124104,1196.4216760569848,True,4.8943525108180844e-05,0.07019130068585733,0.8616823496314989,1191.7609965612594,True,4.9318615961015406e-05,0.06977838865473339,0.8612949460292152,1191.77011179231,True,0.0009122072320781743,0.0013251192632021125,False,,10.0%
TPLT,894,0.01901565995525727,6.973109925451698e-06,0.07565031513145584,0.9243308066203546,1895.1661523429718,True,7.883190836661187e-06,0.07683334727524409,0.9231666527244664,1816.4033762191002,True,7.360009453930539e-06,0.0762230381323109,0.9237769618634633,1814.118112847046,True,0.0005727230008550632,0.0011830321437882457,True,,7.5%
TPLT,544,0.03860294117647059,0.00043434691655303817,0.22190196238893212,0.5201446743126776,999.3263550924373,True,0.00044724525579221654,0.29229964186224133,0.49989064613208267,916.861897033009,True,0.0004931115942110112,0.26110398148299985,0.4783078956640142,917.0770861806594,True,0.03920201909406773,0.07039767947330922,False,,10.0%
TREET,821,0.06699147381242387,1.5131235073777407e-05,0.07390389515409054,0.9041452942778758,1879.5999929688303,True,1.4774603822484649e-05,0.11023754969023507,0.8874308850473668,1641.302311807949,True,2.5788207761081476e-05,0.10101314761397225,0.8677672889625887,1642.0045639647394,True,0.027109252459881703,0.036333654536144525,False,,5.0%
TREET,1033,0.057115198451113264,4.084806692578933e-05,0.09812309409773973,0.8527996422616881,2235.750974080477,True,3.942722178581526e-05,0.14465959948318544,0.8340496335931016,1988.772565362718,True,6.079159124299474e-05,0.1337323584865137,0.8047539861786335,1991.3171926440796,True,0.03560926438877399,0.04653650538544571,False,,7.5%
TREET,544,0.022058823529411766,3.489459225048877e-05,0.12399475055475365,0.8434269739869242,1179.6255381425585,True,3.1406370600550726e-05,0.1371941960207797,0.8445644617781647,1128.0870056528638,True,3.636809916008173e-05,0.12929506144863445,0.839452449300271,1126.8193877073456,True,0.005300310893880805,0.013199445466026055,False,,10.0%
TRG,821,0.10596833130328867,6.702084026414753e-05,0.09372517040352876,0.8352600108322403,1707.2115706610484,True,7.841834178838374e-05,0.1582382930830482,0.8043823700433139,1350.359956990732,True,0.00013539411746688984,0.1330668998855269,0.7507985004852962,1349.7597273337499,True,0.03934172948199813,0.06451312267951945,False,,5.0%
TRG,1034,0.059961315280464215,5.553416654968358e-05,0.15644405090790997,0.7999883929588454,2088.429132378186,True,6.753921009904301e-05,0.2503887835703977,0.742472948440448,1843.6377617791811,True,8.022366487603659e-05,0.2073539878327369,0.7426428411105437,1841.8228538543867,True,0.050909936924826926,0.0939447326624877,False,,7.5%
TRG,544,0.027573529411764705,0.0002881708859226725,0.20520439351178754,0.5333573136966647,1108.9138754620567,True,0.0002965869741743274,0.23827580866896775,0.5255494472203392,1043.607291975413,True,0.0003158876543710344,0.22174522592875526,0.5108587488225491,1042.979675942003,True,0.016540832416967716,0.033071415157180206,False,,10.0%
TRIBL,671,0.013412816691505217,0.0011062682015090042,0.22485232360762136,0.625981989921111,793.7476664916162,True,0.0011503570141170672,0.2572607332848603,0.6074056011720568,764.6705170732304,True,0.0012682965080172528,0.2497660283191277,0.5861781704659356,764.005403291205,True,0.024913704711506335,0.03240840967723896,False,,5.0%
TRIPF,797,0.06398996235884567,9.114003278211132e-05,0.1600500311811291,0.666435158768914,1905.0646789286095,True,0.00011128220517083717,0.24018513202150188,0.6088099081910543,1676.0031912465665,True,0.00012622329779043732,0.2135180075738679,0.5824178015293214,1678.601007296304,True,0.053467976392738814,0.08013510084037279,False,,5.0%
TRIPF,922,0.016268980477223426,0.00025281197311417504,0.20199754180123725,0.33040584228779,2183.7697061553517,True,0.00025987538894192144,0.24932834692401712,0.3049704247669204,2116.46593715334,True,0.0002754835245551543,0.24079394378535032,0.2756304489092489,2117.277991328239,True,0.03879640198411308,0.04733080512277987,False,,7.5%
TRIPF,540,0.012962962962962963,8.886654234167737e-05,0.19390409628713068,0.7095590269297181,1197.882157781377,True,9.436452558138991e-05,0.22419773843263774,0.688407410197944,1165.441428711809,True,9.533150118980164e-05,0.21064087092831552,0.6931275153777332,1164.8586459453622,True,0.016736774641184837,0.03029364214550706,False,,10.0%
TRPOL,820,0.16463414634146342,8.31660937191426e-05,0.08295313051537549,0.8661853854973551,1457.5945657286325,True,0.00012521651763624706,0.16263652206361662,0.82972896653023,961.1343947439813,True,0.0002491322104018134,0.14919971078503233,0.7493514849936319,963.0605107934351,True,0.06624658026965684,0.07968339154824113,False,,5.0%
TSBL,458,0.20305676855895197,7.325037783145016e-05,0.08350035057889717,0.8980459840243153,634.7358120776938,True,0.0001020476629447473,0.07209251751674345,0.9279074824829929,325.9086742244897,True,0.0010008374602383761,0.2059805168511868,0.6305418775058218,327.46286922479266,True,0.12248016627228962,-0.011407833062153719,False,,5.0%
TSBL,452,0.09070796460176991,0.0006265018213564505,0.14464175803533208,0.6486235462386185,690.5339970635882,True,0.0009834691681622312,0.36863468339605554,0.4699191619945218,550.7923005480307,True,0.0015032926369018033,0.4543495901586847,0.24107741338933272,562.7330979884816,True,0.3097078321233526,0.22399292536072346,False,,10.0%
TSPL,783,0.02554278416347382,6.254068264889068e-05,0.0830695576447284,0.9012853729945066,1195.7796095744238,True,6.48520792649241e-05,0.0965386956877834,0.8939149809816569,1123.1975567337536,True,8.092793006528551e-05,0.09124129600190407,0.888469742316488,1121.4425076762661,True,0.008171738357175676,0.013469138043054996,False,,5.0%
TSPL,999,0.035035035035035036,0.0003369951862795018,0.11038796821299823,0.756099572224315,1605.1285491445442,True,0.00036908371025057144,0.12896947311477153,0.7438194490551504,1470.0122450765207,True,0.0004038053720691148,0.1232195378134367,0.7287798715468035,1470.0742890387794,True,0.012831569600438464,0.018581504901773294,False,,7.5%
TSPL,543,0.055248618784530384,0.0011781759362202069,0.3371358994356295,0.07893004277853077,947.6143742989366,True,0.0012285837981680812,0.5372309141957843,0.040769357150120464,835.0180051278097,True,0.0012816200065815025,0.4617728445449068,0.02963416518696982,834.9887516687735,True,0.12463694510927731,0.2000950147601548,False,,10.0%
UBDL,602,0.2757475083056478,2.968082318599637e-05,0.29016313264841054,0.7098368673514792,1194.4305199924513,True,0.00026057317656270006,0.5032232589472754,0.49677674105272424,577.8174851375766,True,9.181640987653048e-05,0.44301695532025565,0.556983044679692,598.5515393903016,True,0.1528538226718451,0.21306012629886484,True,,5.0%
UBDL,778,0.07583547557840617,0.00014428784966831782,0.10967335395476185,0.7931836883375317,1446.676612390822,True,0.00016577645268965146,0.17125852708535977,0.7600211786095141,1211.096466556369,True,0.00018306748898127903,0.13127112190626022,0.7652061156595393,1210.9946528877088,True,0.02159776795149837,0.061585173130597914,False,,7.5%
UBDL,544,0.051470588235294115,0.00018460076588081627,0.14442554212781325,0.7397319913926802,998.775106747252,True,0.00016248176763249144,0.19061187024601917,0.7418261349180606,891.2104739436041,True,0.00044058259643761416,0.24820973600109436,0.5165164831791761,895.5688982932322,True,0.10378419387328111,0.046186328118205916,False,,10.0%
UBL,821,0.014616321559074299,5.382924529638177e-05,0.13891529906148148,0.6944229319950893,2162.7979353104483,True,5.416362231382905e-05,0.1659919641570583,0.6798738043054405,2104.9378500014445,True,5.7417294568797004e-05,0.15665397376701704,0.6733241546540979,2104.037905343594,True,0.017738674705535556,0.027076665095576824,False,,5.0%
UBL,1031,0.004849660523763337,4.309700064736524e-05,0.11143004591084622,0.7439334251993908,2750.2401382829753,True,4.528154846685306e-05,0.1193542727485287,0.7318143666075183,2723.937689252055,True,4.5347370352254335e-05,0.11510050822528298,0.7338360320110948,2723.928399783575,True,0.0036704623144367537,0.007924226837682471,False,,7.5%
UBL,543,0.0055248618784530384,3.2069301398995545e-05,0.14483363300099295,0.7996476739922337,1325.0713419950976,True,3.148855195704273e-05,0.15100087638606624,0.7985004090031733,1312.0050270972138,True,3.237483846708616e-05,0.15210824977638995,0.7941229260944573,1311.7409162020515,True,0.007274616775397008,0.0061672433850732955,False,,10.0%
UDLI,540,0.05555555555555555,0.0005729721458880216,0.19092688633368787,0.4532470418238945,988.1103986097854,True,0.0006455441784029906,0.27661781142733327,0.407366543849468,868.4831868169354,True,0.0006545857227751701,0.250826283591686,0.40333808803345716,871.7428561658335,True,0.059899397257998144,0.0856909250936454,False,,10.0%
UDPL,575,0.1808695652173913,0.00012873041282342103,0.12553984571156757,0.757407047384296,1154.4487427900544,True,0.00015697927658865266,0.2953831356717697,0.7007537528298879,751.0643886137537,True,0.00021660172149097793,0.20106696350654124,0.6691462273765214,754.8440404122616,True,0.07552711779497367,0.16984328996020215,False,,5.0%
UDPL,435,0.13333333333333333,0.0003133420188139414,0.1836696613270007,0.653201838083898,757.1440539370292,True,0.0011662393850118196,0.5300724249110904,0.15663977379403454,543.4917807965534,True,0.0011839659084419978,0.39435217110642307,0.1662128146454931,544.5801670357259,True,0.21068250977942238,0.3464027635840897,False,,7.5%
UDPL,518,0.04054054054054054,4.2167898116027706e-05,0.21404894686886106,0.7703792221675865,1111.3270947993615,True,6.987149612949003e-05,0.30849454352162076,0.6915054564783134,1029.8139412390594,True,0.00013518282982018186,0.34159327016611996,0.5775721519820041,1027.1856127981355,True,0.1275443232972589,0.0944455966527597,False,,10.0%
UNIC,768,0.014322916666666666,2.7843340100091536e-05,0.15953298892863874,0.808695415278549,1772.461502449871,True,3.740841787613634e-05,0.20163987571412872,0.7650938991949341,1723.8730742729063,True,3.957967273080107e-05,0.19031327251451358,0.7649187125310519,1722.7653949626965,True,0.03078028358587484,0.04210688678548999,False,,5.0%
UNIC,917,0.004362050163576881,2.4394621829571342e-05,0.05002855515021326,0.9217715610597992,1954.8592326233816,True,2.435332362893964e-05,0.05089121016046219,0.9217070606485989,1935.8556123557212,True,2.5283589558806852e-05,0.05006937458726879,0.9208115601107173,1934.6348311949414,True,4.081943705552815e-05,0.0008626550102489305,False,,7.5%
UNIC,540,0.003703703703703704,3.83199295312444e-05,0.22763392624693557,0.6791444851147528,1434.553907868756,True,3.749520771541761e-05,0.2353667014838743,0.6790678505561081,1425.5740767159623,True,3.949877427670554e-05,0.23368661077434233,0.6702263530589786,1425.095982513545,True,0.00605268452740676,0.007732775236938744,False,,10.0%
UNITY,562,0.18327402135231316,0.00017125912722431517,0.16165557969520777,0.7136215292150563,1068.3375144781648,True,0.0003833928154211844,0.4957373497541569,0.48786663661132096,684.5095429148092,True,0.0003884472306067548,0.331714246596478,0.5022971169087718,692.4888210431454,True,0.17005866690127025,0.3340817700589491,False,,5.0%
UNITY,1034,0.02804642166344294,8.173310843011611e-05,0.10181062855003636,0.7996011290047611,2221.5814469580355,True,8.676781764227958e-05,0.12181706414718846,0.787307720567983,2092.694961893089,True,0.00010536290283505204,0.1195738349942268,0.7617245258101647,2091.755869564049,True,0.017763206444190438,0.020006435597152095,False,,7.5%
UNITY,544,0.02022058823529412,0.00010610433996787976,0.19227434386697556,0.6705407342403189,1228.0809694041757,True,0.00011186160947250487,0.23524408701366434,0.6453141614227422,1182.678267679438,True,0.00013489809460328383,0.23050522346699515,0.6069461944494081,1183.4464512692853,True,0.038230879600019585,0.04296974314668878,False,,10.0%
UPFL,432,0.018518518518518517,0.00018802013590135796,0.23711903083281344,0.5869427543732485,895.1093886875024,True,0.0001833498030027321,0.26703382032971257,0.58366590264157,863.5097202217647,True,0.0002010174449811583,0.2684516424449158,0.5560059430917987,864.1298875849708,True,0.03133261161210238,0.02991478949689913,False,,7.5%
UPFL,544,0.003676470588235294,2.1399878180506297e-05,0.33547693381528265,0.6075194262667696,1625.3329377271416,True,2.17031079040433e-05,0.35395071737256856,0.5974431308677476,1618.3959834907103,True,2.1987925918169666e-05,0.3433784101390759,0.5984095058318717,1617.1698851841527,True,0.007901476323793233,0.018473783557285905,False,,10.0%
UVIC,479,0.054279749478079335,0.00011154992817769207,8.243453512213356e-11,0.9853583400565115,477.9808283459713,True,0.0014558255298041563,0.07318781396542608,0.7682592570020179,395.76757992353373,True,0.007615809151933899,0.14117879345445672,1.5369723268414263e-11,397.9112386554487,True,0.1411787933720222,0.07318781388299155,True,,7.5%
UVIC,534,0.08052434456928839,0.00014200620482709354,0.09711071954572047,0.8453145855146199,859.8200105879935,True,0.00013904162137960138,0.1538373571122063,0.825638744287275,706.9371331113164,True,0.0003277830241220956,0.17420820752937466,0.7222185880692567,711.2346099315401,True,0.07709748798365419,0.05672663756648584,False,,10.0%
WAFI,819,0.05128205128205128,0.00019831850474867158,0.22746036637651884,0.38261425521976,1966.7603519770107,True,0.00021364530568618442,0.33616876806319046,0.3336757493186573,1784.0395213344034,True,0.00022278111229014115,0.3065097207205539,0.3172996487762064,1789.202726836326,True,0.07904935434403504,0.10870840168667162,False,,5.0%
WAFI,1033,0.031945788964181994,4.3242771718262194e-05,0.1597638449347526,0.7689532657859677,2457.1125339936316,True,4.35473258183761e-05,0.21259023636574065,0.7441789200066888,2316.3218298937136,True,5.54853139812423e-05,0.19824816208840157,0.7214361028598821,2316.616491739146,True,0.03848431715364897,0.05282639143098805,False,,7.5%
WAFI,544,0.012867647058823529,5.288325215974919e-05,0.19413037766952587,0.7261630456790422,1312.8264527536328,True,5.0324384214933253e-05,0.20749160488051321,0.7291505311180434,1278.556749682954,True,5.4040319373005124e-05,0.20265979077441543,0.7217306184844536,1277.7183562295806,True,0.008529413104889555,0.013361227210987342,False,,10.0%
WAHN,605,0.17520661157024794,0.0001360653850892215,0.19570204795806506,0.677734911118558,1231.4609448076903,True,0.00022651664444921254,0.485187927358266,0.5148120726416192,832.0159802030795,True,0.00027109638744294857,0.38510200050666893,0.47251607741358026,845.9887467480228,True,0.18939995254860387,0.28948587940020093,False,,5.0%
WAHN,691,0.027496382054992764,7.116532829245689e-05,0.09457596606112414,0.8288740430101691,1445.2077816651208,True,8.674776599758126e-05,0.12801150352230267,0.7927736547024711,1363.7219960707428,True,7.848850242512139e-05,0.10813067181742296,0.8137204035406986,1365.0990915098575,True,0.013554705756298815,0.03343553746117853,False,,7.5%
WAHN,543,0.020257826887661142,0.0001983776783735552,0.40346272990796783,0.3711463369968715,1249.8341473253756,True,0.00019284663886289172,0.47320455612864415,0.36751098559908035,1204.1789557420293,True,0.0002161078382774022,0.46260544801657627,0.3253328296849425,1203.1637891023577,True,0.05914271810860844,0.06974182622067632,False,,10.0%
WAVES,819,0.11233211233211234,0.00016175902820920579,0.21965996536649446,0.576367046919444,1787.468655014766,True,0.00018049393065705435,0.38963666459272484,0.5207044489483166,1408.1349067059648,True,0.00024292294929136564,0.30661471605833257,0.4614449286928797,1410.9029117765479,True,0.08695475069183811,0.16997669922623038,False,,5.0%
WAVES,1033,0.015488867376573089,0.00014694140730168195,0.10809693101022275,0.6900572179842728,2283.9922575733453,True,0.00015151682216420285,0.12199817288333954,0.6808631283682911,2209.7434530827136,True,0.00015356283290139444,0.11357906277299674,0.6822524584180893,2209.25158189975,True,0.005482131762773998,0.013901241873116796,False,,7.5%
WAVES,544,0.014705882352941176,0.0001236820355292896,0.11064454963049179,0.7581592193933167,1144.540174811837,True,0.0001220254234003501,0.11763424155309946,0.7612671623178437,1107.4322381782163,True,0.00012571342089348338,0.11252578535115437,0.7588091282548368,1106.7814132315232,True,0.0018812357206625802,0.006989691922607663,False,,10.0%
WAVESAPP,597,0.018425460636515914,1.342325765645833e-05,0.06932463335442157,0.9306753666445744,872.2173039382708,True,1.4582767127335407e-05,0.06734590295995968,0.9326540970399568,829.7988398517027,True,1.4128818885517234e-05,0.07019666994029673,0.9298033300574515,827.645624160103,True,0.0008720365858751605,-0.0019787303944618917,True,,5.0%
WAVESAPP,958,0.037578288100208766,0.00012258706585770838,0.18172173453506546,0.7798722024990492,1606.2406989427104,True,0.00019476532330406175,0.29155386771185876,0.6863640416370346,1476.2280623932616,True,0.0002561168935643425,0.2940345617891228,0.6416848976218099,1472.8092040129443,True,0.11231282725405733,0.1098321331767933,False,,7.5%
WAVESAPP,544,0.01838235294117647,7.170352014440631e-05,0.168030106320548,0.7751021570488918,1115.4085714548405,True,6.420124631821191e-05,0.17490886380738585,0.7852945875104931,1072.6315412753208,True,7.232800881074698e-05,0.17202974606712867,0.7746668444126892,1072.009448946504,True,0.0039996397465806854,0.006878757486837861,False,,10.0%
WHALE,597,0.018425460636515914,1.342325765645833e-05,0.06932463335442157,0.9306753666445744,872.2173039382708,True,1.4582767127335407e-05,0.06734590295995968,0.9326540970399568,829.7988398517027,True,1.4128818885517234e-05,0.07019666994029673,0.9298033300574515,827.645624160103,True,0.0008720365858751605,-0.0019787303944618917,True,,5.0%
WHALE,858,0.03613053613053613,0.0002268473634825379,0.2088545220560443,0.716908123562857,1390.5141293197094,True,0.00029859864975442075,0.2949333670512334,0.6464361612130486,1279.0989946384761,True,0.0003748243055561181,0.2892881488795913,0.6038560934816188,1276.2020906131168,True,0.08043362682354702,0.08607884499518911,False,,7.5%
WTL,821,0.0,0.00032911352172110796,0.22319195293110877,0.6036676969569031,1505.2319505544974,True,0.00032911352172110796,0.22319195293110877,0.6036676969569031,1505.2319505544974,True,0.0003291134320441916,0.22319189009697044,0.6036677847946799,1505.2319505545,True,-6.283413833685358e-08,0.0,False,,5.0%
WTL,1034,0.0,0.0007336271337574801,0.2915409869137856,0.3961679019431872,1802.3903037602431,True,0.0007336271337574801,0.2915409869137856,0.3961679019431872,1802.3903037602431,True,0.0007336272548025838,0.2915409118914353,0.39616787274715914,1802.390303760245,True,-7.502235033207683e-08,0.0,False,,7.5%
WTL,544,0.0,4.0221260336780745e-05,0.12682793843590884,0.8463792362109235,1122.4730119033416,True,4.022124660084317e-05,0.12682802779081004,0.8463791953110155,1122.4730119033434,True,4.022124660084317e-05,0.12682802779081004,0.8463791953110155,1122.473011903343,True,8.935490120043355e-08,8.935490120043355e-08,False,,10.0%
WYETH,780,0.12179487179487179,7.132983938625551e-05,0.1751930539459174,0.7324547548418641,1721.6483142054117,True,8.651342163257261e-05,0.35014194124256015,0.6498580587573579,1343.4768326747608,True,0.00023043885178196133,0.3912434405350872,0.4084680566740396,1354.9032553905952,True,0.2160503865891698,0.17494888729664276,False,,5.0%
WYETH,451,0.08425720620842572,1.7044810309587095e-06,0.260960282187898,0.7390397177977619,1027.899853710403,True,1.8148581665948088e-06,0.27212200928012176,0.7278779907198474,883.1130797052742,True,2.004231473657503e-06,0.28346327688500816,0.7165367231149562,881.7414985600133,True,0.022502994697110146,0.011161727092223739,True,,7.5%
YOUW,821,0.012180267965895249,0.0003710621897610358,0.07287022414030772,0.7807197555722799,1303.298367566072,True,0.00041114388640650873,0.08910066447186996,0.7557899256805227,1264.3555902725582,True,0.0004102979006974681,0.08585440999984975,0.7573760385101397,1265.0870559475452,True,0.01298418585954203,0.016230440331562235,False,,5.0%
YOUW,1034,0.005802707930367505,8.555267374840383e-05,0.1136242105000585,0.8424850640765628,1901.541439525295,True,8.172521022849848e-05,0.12443996221754353,0.8388377306638684,1878.529027049571,True,8.552741726667391e-05,0.11936859585794936,0.8388747304494862,1878.454038143281,True,0.0057443853578908605,0.010815751717485028,False,,7.5%
YOUW,544,0.02022058823529412,0.00011230558511146796,0.28784973729421126,0.7121502627057292,1015.4696584071851,True,0.00011603808687983357,0.2894042396823546,0.7105957603147544,976.5548132311378,True,0.0001248320109314161,0.3053294321741492,0.6946705678216563,972.9421245468326,True,0.017479694879937946,0.001554502388143364,True,,10.0%
ZAHID,505,0.10891089108910891,0.0001078543257598355,0.19363397518147502,0.7199590389162478,1006.467192767864,True,9.321540981574755e-05,0.28706650611505524,0.7129334938848821,802.2411952809421,True,0.00013607007660530068,0.2488765162889452,0.6727218472024841,804.6184243778067,True,0.05524254110747018,0.09343253093358023,False,,5.0%
ZAHID,523,0.07265774378585087,0.00030090429068399457,0.13191323041828376,0.6871014190070028,937.3170574091484,True,0.00036531904218183703,0.21905956698455542,0.6239119775183579,791.6317578767001,True,0.0003636380650707292,0.167133175017237,0.6460685036122301,791.673065675775,True,0.03521994459895325,0.08714633656627166,False,,7.5%
ZAHID,474,0.09071729957805907,0.0002602530492005931,0.2431721840046601,0.6444125412758605,816.038670109814,True,0.00031615580823672075,0.44347837774474996,0.556521622255023,667.0842736138713,True,0.0004305512936705373,0.3580165189019757,0.5098285083244252,670.2784568858468,True,0.11484433489731563,0.20030619374008987,False,,10.0%
ZIL,629,0.1685214626391097,0.00032958470991987956,0.17887788189817588,0.46417799971497664,1313.5993716826788,True,0.00047850137592428827,0.4560177635749586,0.3284393934973265,889.3542144054145,True,0.0006779179709771468,0.34570048822075083,0.16651289679803633,893.1938684631261,True,0.16682260632257495,0.2771398816767827,False,,5.0%
ZIL,656,0.07621951219512195,6.987842077705827e-05,0.12208262140418841,0.8239235291106211,1276.7071536865062,True,7.053777734237584e-05,0.1834609745749111,0.8002246573762373,1080.1368962825898,True,8.775583156892074e-05,0.150461920292934,0.7941878091821075,1080.7899031711477,True,0.028379298888745602,0.06137835317072268,False,,7.5%
ZIL,505,0.0297029702970297,0.00020298250471973626,0.12665042248402353,0.7058885825424175,987.7133561436524,True,0.0002774571749484536,0.18430817306724928,0.6174124536402166,927.3545123006112,True,0.0007145488512920661,0.26612818536274796,0.19972865956042363,930.5092046700682,True,0.13947776287872443,0.05765775058322575,False,,10.0%
ZTL,512,0.103515625,0.00022333622176923376,0.12324557555773402,0.7609564523041518,886.7050585483446,True,0.000274512438749216,0.17432428796183733,0.7421556291043444,685.0915085799502,True,0.000362890864329006,0.15151758303960478,0.6970839563217093,684.9894725406565,True,0.028272007481870753,0.051078712404103305,False,,5.0%
ZTL,683,0.05710102489019034,0.0003566134215634716,0.2149892192215483,0.6106673779920568,1170.6496997075205,True,0.00044877001601152146,0.28329397763361874,0.5535419568220856,1014.8804510186749,True,0.00049288192738425,0.23806588568442996,0.5479069887279218,1013.6569328335249,True,0.023076666462881673,0.06830475841207045,False,,7.5%
ZTL,471,0.029723991507430998,5.687946640956267e-05,0.0655090525087495,0.8930949601659337,897.3853697706193,True,5.3648830293056096e-05,0.07306002020761004,0.8946965492463562,838.7262644046974,True,6.403785818148868e-05,0.07238876456010096,0.8843704929982885,839.3210686450403,True,0.006879712051351461,0.0075509676988605445,False,,10.0%
