symbol,n,censor_rate,alpha_n,beta_n,nu_n,ok_n,alpha_c,nu_c,ok_c,alpha_l,beta_l,nu_l,ok_l,alpha_gap,alpha_gap_partial,at_boundary,error
786,1736,0.05069124423963134,0.1943365065789132,0.8056634934209486,4.178398982787285,True,0.2317676075301916,4.064845565518446,True,0.26095953893554147,0.739040461064401,3.8325988562870297,True,0.06662303235662828,0.03743110095127841,True,
AABS,2024,0.02865612648221344,0.22731651131200836,0.7726834886879901,4.0147603836322014,True,0.32194719727196,3.3994718211722694,True,0.2957771626551906,0.6833172072320309,3.202087307471201,True,0.06846065134318224,0.09463068595995161,True,
AATM,663,0.12368024132730016,0.33655220475410197,0.1584787218211361,4.892260289973624,True,0.7522883973502326,2.4638083738984307,True,0.8275795014942122,0.00965862729828057,7.892270260303727,True,0.49102729674011025,0.4157361925961306,False,
ABL,2417,0.005378568473314025,0.2931175820486227,0.6447984748258094,3.033596481129656,True,0.3297731479333338,2.877124865079951,True,0.2622269992991776,0.6362756316399578,3.085713619856273,True,-0.030890582749445117,0.03665556588471108,False,
ABOT,2412,0.010364842454394693,0.30530819558572614,0.6092296525798625,3.2826867947217044,True,0.3762440559220195,2.9331604641360487,True,0.3120031789229624,0.5252915123958382,3.152394593320756,True,0.006694983337236282,0.07093586033629334,False,
ACPL,2453,0.025275173257236036,0.277316103315948,0.7205158632187585,3.9325005823092023,True,0.332295428066966,3.4276618458887533,True,0.26986953248922,0.6787064802920069,3.451200207723879,True,-0.007446570826728005,0.054979324751017966,False,
ADAMS,2074,0.0703953712632594,0.16658364999417655,0.5805360886243588,61.32808013470515,True,0.41198964032631546,4.185630907396408,True,0.21976598872656783,0.6202713439093408,4.206524446617137,True,0.05318233873239128,0.24540599033213892,False,
ADMM,1964,0.060590631364562116,0.23087882860776035,0.7636381546707973,4.2516365671326435,True,0.28427761910537686,3.305610740062434,True,0.21537394007227145,0.7160114808197641,2.8953074531391265,True,-0.015504888535488898,0.053398790497616505,False,
ADOS,918,0.19934640522875818,0.21485972667204734,0.6246282655802986,199.99999998520428,True,0.6120674760640041,15.649424588152689,True,0.4569922321376962,0.39239448805120614,5.796561771400897,True,0.24213250546564885,0.3972077493919568,True,
AGHA,1459,0.013022618231665525,0.16924912690860733,0.7860223740400998,3.3623780433724253,True,0.21375114156388425,2.9558474263574483,True,0.16073092276589102,0.7421715546132952,3.158531492683417,True,-0.008518204142716312,0.04450201465527692,False,
AGIC,2080,0.019230769230769232,0.2198164074889195,0.7306314835759149,4.379108894138424,True,0.31816710109027047,3.3607445164074727,True,0.4838100752429445,0.14664548349656212,3.2410418581968146,True,0.263993667754025,0.09835069360135096,False,
AGIL,2168,0.03413284132841329,0.2573368276014474,0.6844304993528891,3.2703655003912715,True,0.38360399077685914,2.677287787910464,True,0.254476133147082,0.5406969712941727,2.7622754043262594,True,-0.0028606944543653756,0.12626716317541176,False,
AGL,2475,0.030303030303030304,0.34071690982944547,0.6592830901705231,2.938224484482763,True,0.37928288757304995,2.744412403296125,True,0.2773293448152113,0.5952632728125069,2.827593004999229,True,-0.06338756501423415,0.038565977743604485,True,
AGP,2111,0.02700142112742776,0.23376912184038628,0.6775950119741381,3.785254033191882,True,0.3507272317271903,2.9326787623732615,True,0.2105642030393408,0.6473363877779712,3.130719052004354,True,-0.02320491880104547,0.116958109886804,False,
AGSML,1964,0.0274949083503055,0.2318852052002338,0.7052983262202318,3.933404431624266,True,0.3361799811689022,3.129811408323414,True,0.2926010966989929,0.5015113246583955,3.3320209908419427,True,0.06071589149875911,0.10429477596866837,False,
AGTL,2441,0.021712412945514133,0.3340410417397174,0.6306176281200294,3.20674707334234,True,0.41780954503865697,2.880173984347481,True,0.4447712338077397,0.3188639970368705,2.88888082669194,True,0.11073019206802232,0.08376850329893959,False,
AHCL,2312,0.022923875432525952,0.25455872934220836,0.6550335786985397,4.5053346191593215,True,0.37756148476188145,3.3837472218150997,True,0.2953063561268717,0.5801900700315443,3.626077049070927,True,0.04074762678466337,0.1230027554196731,False,
AHL,2447,0.0469963220269718,0.243412198566832,0.6837824085099089,4.611474033502092,True,0.35351939892508655,3.2778915622861113,True,0.2827397969338472,0.6096084019120953,3.16775314599182,True,0.039327598367015215,0.11010720035825455,False,
AICL,2442,0.014742014742014743,0.20929326000883464,0.6495463145735453,4.232462073914574,True,0.26112661905346235,3.445844230346172,True,0.20835480591954125,0.6004692607127862,3.7037260431572823,True,-0.0009384540892933835,0.051833359044627714,False,
AIRLINK,1239,0.03066989507667474,0.29389341239546496,0.652996191019344,3.773133147498816,True,0.3611778949558473,3.1296484899335972,True,0.2813996883780697,0.6069135401260084,3.21136477615409,True,-0.012493724017395236,0.06728448256038233,False,
AKBL,2467,0.011755168220510741,0.20717457158381827,0.7656654487134126,3.2549297964363255,True,0.23675600173576755,2.9419772503788315,True,0.16171789761225475,0.7717551617774299,3.2295202835408414,True,-0.04545667397156353,0.02958143015194928,False,
AKDHL,1110,0.055855855855855854,0.3205198174619337,0.6794801825379843,3.2733994224717726,True,0.40977178662177205,2.8765693415458555,True,0.3617089005264271,0.501995896826762,2.390001510679273,True,0.041189083064493426,0.08925196915983835,True,
AKDSL,1669,0.05632115038945476,0.1187697192645571,0.8812302807354102,10.276336488663976,True,0.14097942160733518,5.69554326308733,True,0.11091755936181907,0.8890824406379274,4.51633459241976,True,-0.00785215990273802,0.02220970234277808,True,
AKGL,948,0.12974683544303797,0.26787365142651454,0.7321263485734854,3.1728612473724516,True,0.26847621634318897,3.0049697385108134,True,0.18636456315746094,0.8136354368335377,2.0500000000000185,True,-0.08150908826905359,0.0006025649166744307,True,
ALAC,1540,0.03961038961038961,0.24447950946386485,0.7427291579376264,4.186991987122682,True,0.40127240785142354,3.3802714728379737,True,0.3967096137979238,0.5379140807010178,3.1394379016836687,True,0.15223010433405895,0.1567928983875587,False,
ALIFE,989,0.030333670374115267,0.2031000863735256,0.7572054284395149,5.576233100788151,True,0.2679668539277564,3.934982946048634,True,0.24326964095614678,0.6966577717773315,4.012487583094461,True,0.04016955458262117,0.06486676755423076,False,
ALNRS,1473,0.10454854039375425,0.06304054893404114,0.9260661699682031,26.122247000131143,True,0.14814605540108414,5.471822314021145,True,0.07273791962597118,0.9272620803740228,2.489622630035985,True,0.009697370691930038,0.085105506467043,True,
ALTN,1986,0.04934541792547835,0.29368929583484304,0.6946209183634162,4.47173649397657,True,0.3550229624159007,3.5959729469800967,True,0.328495469388849,0.6285183108011028,3.171667472459408,True,0.03480617355400595,0.061333666581057655,False,
AMBL,1271,0.06923682140047208,0.15369287714081226,0.8463071228591854,10.457556590946435,True,0.3859435753248529,4.760735403940628,True,0.16221664180850526,0.8377833216100812,3.8344301196831534,True,0.008523764667693001,0.23225069818404065,True,
AMTEX,1425,0.005614035087719298,0.3457595952459731,0.654240404754018,2.950324663013686,True,0.34973320100136934,2.958120720124212,True,0.365581056193902,0.5281737085163927,3.067908605519548,True,0.019821460947928915,0.003973605755396237,True,
ANL,2476,0.029079159935379646,0.2278565645969159,0.7198532933880106,5.196165663765006,True,0.2985571985746212,3.8068647264203466,True,0.2213502541468365,0.7079551014837946,3.990853863944883,True,-0.006506310450079378,0.07070063397770532,False,
ANSM,1029,0.13022351797862003,0.23684106841227748,0.7041059464443504,9.26523886388028,True,0.3888354998099913,5.16812156323382,True,0.37602402357023346,0.5727801197024205,3.4489168523668257,True,0.13918295515795598,0.15199443139771385,False,
ANTM,718,0.12395543175487465,0.18474668971206895,0.5824358834065881,199.99999995140382,True,0.6084387961825377,3.320797812657099,True,0.37277723406086755,0.533619571024694,2.271467033637314,True,0.1880305443487986,0.42369210647046873,True,
APL,2468,0.007293354943273906,0.3014936753881265,0.6209796256607084,3.4279269709020577,True,0.3420577696935141,3.17021613690925,True,0.2991306545504498,0.582184213193468,3.395137550826573,True,-0.0023630208376766992,0.0405640943053876,False,
ARCTM,1292,0.12616099071207432,0.3713092155905368,0.6286907844094585,19.336154165886647,True,0.5600983623367004,3.887884497107727,True,0.2812366690697812,0.11381339231138382,8.140680051010705,True,-0.09007254652075564,0.1887891467461636,True,
ARPL,2374,0.011794439764111205,0.4286476425744458,0.5147195688422803,2.7112452726885374,True,0.5125902490521876,2.5562198448001885,True,0.453149084672423,0.3170340486715072,2.639444402776651,True,0.024501442097977166,0.08394260647774182,False,
ARUJ,1204,0.16196013289036545,0.18813283602693803,0.7724602034829443,39.16152013358066,True,0.3681730647528933,5.34244286700972,True,0.3040899132576158,0.6395073275630662,3.233396547603899,True,0.11595707723067777,0.18004022872595526,False,
ASC,2473,0.034775576223210675,0.26309837830636706,0.6447196201480514,4.422255779379158,True,0.3909320695394979,3.1625272589767826,True,0.3022888298612736,0.5256221469744942,3.285938302722835,True,0.039190451554906525,0.12783369123313082,False,
ASHT,1140,0.1631578947368421,0.22637060909425297,0.7467971739187337,10.694136588982259,True,0.42444428915702154,4.516325818210632,True,0.2095767793515378,0.7894995538782839,2.250523735633775,True,-0.016793829742715177,0.19807368006276857,True,
ASL,2476,0.023021001615508886,0.12856115129449705,0.7827419313917587,6.747016626439677,True,0.1617687967470545,4.69763484962437,True,0.13995098047632928,0.7541496785759428,4.787103014175985,True,0.011389829181832234,0.033207645452557444,False,
ASTL,2471,0.04734925131525698,0.18421240423098523,0.7532838902926828,7.192947137078309,True,0.30041555523317554,3.991097638570538,True,0.22625888468362831,0.6762964101221582,4.080355731098851,True,0.04204648045264309,0.11620315100219031,False,
ASTM,2016,0.10615079365079365,0.1568450379804745,0.772227062089632,40.165828752263806,True,0.3675544209486709,5.548337107076828,True,0.3166649086670483,0.6255201527918715,3.8383883145359468,True,0.15981987068657377,0.2107093829681964,False,
ATBA,2402,0.06411323896752706,0.3281079741466098,0.6718920258533507,3.325992938094041,True,0.38037311439594956,2.9298123735706985,True,0.2985419832720363,0.578796886241062,2.621524515002375,True,-0.02956599087457351,0.05226514024933976,True,
ATIL,1961,0.01631820499745028,0.25751241639835154,0.7424875836016376,3.536674926285328,True,0.30000975783005307,3.302881176252161,True,0.26094066284816664,0.7390593371517018,3.031885617934983,True,0.0034282464498150977,0.04249734143170153,True,
ATLH,2167,0.014766958929395477,0.3223860344248352,0.6776139655747284,3.023344073797916,True,0.3635493446376656,2.881146763360417,True,0.32371040928039196,0.672617482661432,2.933884409384517,True,0.0013243748555567536,0.04116331021283037,True,
ATRL,2471,0.04330230675839741,0.174504206446161,0.8166173651418766,5.809809261725846,True,0.2248217815683898,4.113545533329513,True,0.18074406224585143,0.8015592566978597,3.7194284657398207,True,0.006239855799690441,0.050317575122228814,False,
AVN,2465,0.05354969574036511,0.18197319616919738,0.81321409769004,5.563708160946486,True,0.1798112337237998,4.148363100655342,True,0.20005362188409093,0.7710974637998704,3.7763991756344133,True,0.018080425714893544,-0.0021619624453975694,False,
BAFL,2469,0.008910490076954233,0.18486193147352714,0.7395252530701177,4.00324850086033,True,0.21300940148159425,3.5627877982664415,True,0.1812627045259852,0.7111252980034765,3.8675928584448855,True,-0.0035992269475419447,0.02814747000806711,False,
BAHL,2469,0.0064803564196030785,0.16083482621889428,0.7999543429902856,3.255407616920552,True,0.1797448236702306,3.038174501351703,True,0.1471715763128955,0.79352534325228,3.160973633628786,True,-0.013663249905998764,0.018909997451336313,False,
BAPL,1985,0.1269521410579345,0.10944295752747378,0.8548429182674993,199.99991760934756,True,0.38284053112552263,4.852187318108362,True,0.33094688049296733,0.5802409531861598,3.5679949083531337,True,0.22150392296549354,0.27339757359804884,True,
BATA,2014,0.022840119165839126,0.2521587403329565,0.7478412596670327,3.509792913565805,True,0.25189247105568113,3.357788040309308,True,0.2520762197053913,0.7479237802945888,3.146948358530983,True,-8.252062756519685e-05,-0.000266269277275355,True,
BBFL,533,0.020637898686679174,0.22493820317584595,0.7750613861935258,3.257873176589925,True,0.24952283962790267,3.0957527116527648,True,0.20200499777487896,0.7728588216557237,3.06998743270423,True,-0.022933205400966994,0.02458463645205672,True,
BCL,2351,0.09017439387494683,0.21583161590184385,0.6584130666285486,18.499596943803326,True,0.40985546631854286,5.0653434920661375,True,0.3091728146335063,0.605382068797396,4.2630913972482025,True,0.09334119873166247,0.194023850416699,False,
BECO,1246,0.0521669341894061,0.2239369914386684,0.7410585145523996,4.360287332269966,True,0.3552954379251224,3.35721531221011,True,0.3649468562149103,0.5394773544113679,2.813779169947624,True,0.1410098647762419,0.131358446486454,False,
BELA,752,0.14095744680851063,0.20564804894862937,0.41293789732001096,2.390636858332806,True,0.9189022392350702,2.8249279528596993,True,0.9225479120829435,0.07745208791700747,2.594755584618529,True,0.7168998631343142,0.7132541902864409,True,
BERG,2278,0.0504828797190518,0.23738690845042343,0.7056105902842738,5.010126995993971,True,0.36136484153694676,3.504120391975877,True,0.2760435564689959,0.6251221228046613,3.209199701245597,True,0.03865664801857249,0.12397793308652333,False,
BGL,2476,0.04240710823909531,0.3078381921140837,0.679760728553106,3.534041768638129,True,0.3554147011399491,3.0728491145799115,True,0.2798822570899069,0.6127854146657554,3.048072809359025,True,-0.027955935024176815,0.04757650902586541,False,
BHAT,1003,0.12163509471585245,0.2592499551309313,0.740750044869068,3.3149844816429352,True,0.26066182906599944,3.210721004171508,True,0.5252708914788007,0.47472910852117023,2.4314210125284417,True,0.2660209363478694,0.001411873935068142,True,
BIFO,2402,0.028726061615320566,0.22534088376219122,0.7607882866835658,3.765898275581277,True,0.25969969224262707,3.2142974904066666,True,0.21130753090805138,0.7106951492805771,3.202711970967182,True,-0.014033352854139841,0.03435880848043585,False,
BILF,2089,0.04930588798468167,0.26735091792155874,0.6121069111873698,4.681788934169031,True,0.45465117469767813,3.525306110882877,True,0.38763350507293765,0.4281112242035714,3.4559639440141012,True,0.1202825871513789,0.1873002567761194,False,
BIPL,2405,0.014553014553014554,0.2970402675210895,0.7029597324788808,2.886035652122963,True,0.3178691026645848,2.7693893004711203,True,0.2550571994479405,0.637970701227984,2.8962784503279666,True,-0.041983068073149,0.020828835143495317,True,
BIPLS,838,0.081145584725537,0.06332071369297472,0.926317574128829,199.99999999697968,True,0.07433716735431696,16.73048826842204,True,0.0630260033279784,0.9236342057799548,13.654539086948654,True,-0.00029471036499631453,0.01101645366134224,True,
BML,2473,0.003639304488475536,0.3873157628775624,0.4900833893765736,2.989407229990832,True,0.41790437556738075,2.897522218572184,True,0.39318609633688856,0.4404212913221801,2.961471693965515,True,0.005870333459326138,0.03058861268981833,False,
BNL,1451,0.07236388697450034,0.2757349343837645,0.6715894877102112,4.863608571279794,True,0.48109770356086057,3.519704653498234,True,0.5039602920171566,0.38658335371911756,2.8187265627631817,True,0.22822535763339213,0.20536276917709606,False,
BNWM,2039,0.05492888670917116,0.2035065679498685,0.7575965236032562,7.959538804278287,True,0.3024069632444429,4.507641327223466,True,0.2509858424393314,0.7037876629111878,4.022354105025588,True,0.04747927448946293,0.0989003952945744,False,
BOK,2193,0.015503875968992248,0.5006955391212992,0.4993044608786983,3.6102609974083557,True,0.5312026952888147,3.460453424274684,True,0.5721449425287544,0.4278550574706491,3.2555102169526284,True,0.0714494034074552,0.030507156167515537,True,
BOP,2474,0.014955537590945837,0.2443992166996815,0.7447896241559859,3.6489781239291865,True,0.2639088727767287,3.362265216782387,True,0.22130671063717317,0.7288562108823669,3.4876545868902222,True,-0.023092506062508344,0.01950965607704719,False,
BPL,1945,0.08277634961439588,0.19969352277001318,0.701936045460452,14.997948358031127,True,0.40288794141140216,4.095566973667792,True,0.30833576154012454,0.5724739647961661,3.3521860804326424,True,0.10864223877011137,0.20319441864138899,False,
BRRG,726,0.01652892561983471,0.30062454652332155,0.5074433302198798,5.060609196882115,True,0.41403632336167634,3.6898921538665284,True,0.32706277789946425,0.4799673770141293,4.063554087448021,True,0.026438231376142707,0.1134117768383548,False,
BTL,1396,0.10816618911174786,0.15660833773788263,0.84338664860376,4.606539215851307,True,0.29657919430726815,3.7814873079721587,True,0.13448234350665922,0.865517656493339,2.316552773537115,True,-0.02212599423122341,0.13997085656938552,True,
BUXL,1988,0.1493963782696177,0.19663456471425517,0.7397203132366609,27.11423552500282,True,0.4525666337563932,5.4209570739714215,True,0.35606058389625256,0.6229235122283925,2.8844390042797405,True,0.1594260191819974,0.25593206904213806,False,
BWCL,2462,0.013403736799350122,0.14998792191579324,0.8353890133992352,3.930915798032657,True,0.1734121670708006,3.452069264455624,True,0.14648855311604894,0.819353775929612,3.4961141385978323,True,-0.0034993687997443013,0.02342424515500735,False,
BWHL,1825,0.1178082191780822,0.13102965228678565,0.8689543028429674,12.040105968932533,True,0.2190734769937699,6.188332958202023,True,0.20473851595670042,0.7952614840432739,3.7392789049322146,True,0.07370886366991478,0.08804382470698424,True,
BYCO,1297,0.01927525057825752,0.22413923922764273,0.7277223476654173,4.262282253986548,True,0.2863797416013366,3.474586039243512,True,0.2160264606063548,0.6847666253712085,3.8974825235389265,True,-0.008112778621287925,0.062240502373693884,False,
CASH,500,0.106,0.12329694935954406,0.7007173958919969,199.99999986957454,True,0.9594106980896928,2.6351607991843036,True,0.26652198766661195,0.678047457466534,2.5700735013944884,True,0.1432250383070679,0.8361137487301488,True,
CCM,1036,0.12065637065637065,0.18816555269285884,0.8118344473071379,3.933160833328178,True,0.455565082053353,3.0098320597618353,True,0.2649521614147437,0.7350478385852371,2.4597079182073305,True,0.07678660872188486,0.26739952936049416,True,
CENI,1542,0.04345006485084306,0.11730921347421558,0.8826907865257785,7.604475128645695,True,0.1495933027963608,5.028697968123767,True,0.06573613887220398,0.9342638611277871,3.965691833063235,True,-0.051573074602011604,0.032284089322145215,True,
CEPB,2457,0.035002035002035005,0.18508354801651816,0.7142974987864898,4.916683646431832,True,0.3009978677206676,3.148243205189724,True,0.18642709008799185,0.6941276858033729,3.344146342417067,True,0.0013435420714736912,0.11591431970414945,False,
CFL,737,0.17096336499321574,0.4473336553793662,0.049750356643525964,2.0500000003931564,True,0.9999998526221807,2.0990150280848856,True,0.1914273297582203,0.007720220402575206,2.2235283342903185,True,-0.2559063256211459,0.5526661972428145,False,
CHAS,1885,0.07214854111405836,0.1445652217439814,0.7765925543830043,8.759452972628338,True,0.39222430031823174,3.1342175720170857,True,0.27545127125926094,0.5281266541018428,2.9506979967822744,True,0.13088604951527955,0.24765907857425035,False,
CHBL,886,0.03837471783295711,0.26929382223371645,0.6321572960196933,4.480022711899748,True,0.3881968774251126,3.407057513584042,True,0.30814784229769043,0.5143409794194669,3.381254114896347,True,0.03885402006397398,0.11890305519139616,False,
CHCC,2469,0.040097205346294046,0.18516626749347936,0.7728824469737356,5.625136253989888,True,0.2600240988178578,3.8915139384723374,True,0.18090668846800712,0.7753594704313389,3.7830087181882543,True,-0.004259579025472249,0.07485783132437845,False,
CJPL,816,0.05759803921568627,0.2963013130267062,0.42087683770516787,4.888914900850933,True,0.6302153187050665,3.024027744889775,True,0.36954754340477125,0.3843591065922574,2.956283039891802,True,0.07324623037806505,0.3339140056783603,False,
CLOUD,1905,0.048818897637795275,0.1665633173485232,0.807709166690204,4.989555704045678,True,0.20092579093904117,4.354041512750758,True,0.24338225729378193,0.7198447375726442,3.5427718887424673,True,0.07681893994525874,0.03436247359051797,False,
CLOV,2454,0.1071719641401793,0.3263029662462624,0.6054284270628443,7.362644139005865,True,0.5145313771864948,4.365350923034395,True,0.46189498449585803,0.49397249983874914,3.0806592997661033,True,0.1355920182495956,0.18822841094023235,False,
CLVL,1201,0.06910907577019151,0.31373337145709035,0.5685706178166438,7.091520516616472,True,0.48654833306317113,4.39397619484985,True,0.5333830107170205,0.38730606680602153,3.447885688503798,True,0.2196496392599302,0.17281496160608079,False,
CNERGY,2476,0.012520193861066236,0.2128576531857467,0.7508553116151888,3.608842740663336,True,0.2570672681444417,3.20324103382506,True,0.19394854018476704,0.7286652205014892,3.5582341792646166,True,-0.018909113000979666,0.04420961495869499,False,
COLG,2043,0.033284385707293196,0.36084817760601706,0.6391518223939826,3.4689272455930595,True,0.24553296480711745,3.408744208463518,True,0.24643597463499292,0.7535640253649953,3.000357435211545,True,-0.11441220297102414,-0.11531521279889961,True,
CPHL,1287,0.024087024087024088,0.1902589825479639,0.7305680395071168,3.5340446370476974,True,0.27420835451065995,2.7714490194719095,True,0.16637596589931186,0.6434602778697629,3.200271339902023,True,-0.023883016648652028,0.08394937196269606,False,
CPPL,2441,0.03850880786562884,0.23513466422388868,0.7130898945603912,4.211490298970673,True,0.33852882318347877,3.2337122592872394,True,0.2852685636971829,0.5939313139999125,3.288685764113066,True,0.05013389947329422,0.10339415895959009,False,
CRTM,2429,0.062165500205846026,0.23534862590320466,0.6638851721173833,8.305889969138148,True,0.3731265577182762,4.415528718262241,True,0.303648812539862,0.620994136592893,3.7721259461279493,True,0.06830018663665732,0.13777793181507153,False,
CSAP,2462,0.053208773354995936,0.20809043149444356,0.7499554630176524,6.838227882129332,True,0.3169894557222015,4.0159722664394755,True,0.2338918197800408,0.6949835725645875,4.006710851652452,True,0.02580138828559725,0.10889902422775793,False,
CSIL,2472,0.007281553398058253,0.19585019277745563,0.7996150543019448,3.5975862719180483,True,0.20577856679517126,3.49644018513363,True,0.2116190164839378,0.7609261032697714,3.5374661960766636,True,0.015768823706482166,0.009928374017715624,False,
CTM,2433,0.006165228113440197,0.17220682794204212,0.7093124372041986,3.654201553901064,True,0.19004378091339302,3.4072500683021962,True,0.17125120463153815,0.6627011201705679,3.5179455292023443,True,-0.0009556233105039724,0.017836952971350906,False,
CWSM,2210,0.06063348416289593,0.17193154385740228,0.8098646096641279,5.330319271020851,True,0.21538774348475184,4.4586302886062885,True,0.25577102695293974,0.7008918636673112,3.5893041644708528,True,0.08383948309553746,0.04345619962734956,False,
CYAN,2213,0.05377315860822413,0.208569030001781,0.727594089039465,6.707219703544825,True,0.32647365378470194,3.74693825212219,True,0.24576421115071695,0.6499266919382531,3.657493206539008,True,0.03719518114893594,0.11790462378292094,False,
DAAG,1837,0.18780620577027762,0.19324224194736436,0.7443764866987584,199.99999999240515,True,0.4011698216257721,18.434265339379834,True,0.36596454832643766,0.6013055729196413,5.688181897366376,True,0.1727223063790733,0.20792757967840772,True,
DADX,1332,0.13063063063063063,0.20487462680702734,0.7151023780036466,28.713018372093117,True,0.4040900670309978,5.03521134631163,True,0.3129520613342299,0.6416243697797783,3.065464600024238,True,0.10807743452720259,0.19921544022397047,False,
DAWH,2025,0.020246913580246915,0.19856945592274322,0.7477957778119428,4.158148070647748,True,0.26606033631541437,3.2585270321771485,True,0.18922220668608616,0.726661224672465,3.406222511708676,True,-0.009347249236657057,0.06749088039267115,False,
DBCI,662,0.04833836858006042,0.8131027336921255,0.1399080107749327,5.365620737389504,True,0.9999999986201089,2.4867025181222306,True,0.9999894533663727,1.0544183764503559e-05,8.086041094769406,True,0.1868867196742472,0.18689726492798342,True,
DCL,2476,0.045234248788368334,0.23372196448178972,0.6775919255263413,5.0434882535275,True,0.3726353261315356,3.4736877677717,True,0.24715161989158996,0.6240072738803135,3.6543646237608787,True,0.013429655409800234,0.13891336164974588,False,
DCR,2472,0.0,0.504619559742286,0.49538044025725336,2.8912718261545,True,0.5046190228149033,2.891269115778334,True,0.5046189270550361,0.49538107294218003,2.8912694655083695,True,-6.326872499240466e-07,-5.369273826660859e-07,True,
DEL,2086,0.038350910834132314,0.23862857732249965,0.7613714226772634,4.348829155586587,True,0.3151227386703759,3.6293508639122933,True,0.3045534095317011,0.6494794950330005,3.626885597483491,True,0.06592483220920148,0.07649416134787623,True,
DFML,2476,0.09531502423263329,0.24406391300884817,0.7194599405380153,5.497183516604031,True,0.37660178711373427,3.7217043945387136,True,0.2779654549905082,0.6574367931106029,3.068248588442765,True,0.03390154198166001,0.1325378741048861,False,
DFSM,2466,0.017842660178426603,0.23355333567450115,0.6775341602214062,4.119650836544502,True,0.30384805516461827,3.6060462330187013,True,0.3099924600429921,0.565730560557191,3.560838443581613,True,0.07643912436849093,0.07029471949011712,False,
DGKC,2472,0.032766990291262135,0.12811867311663677,0.831095590955682,5.931925462277254,True,0.18490756846361295,3.9037753828955397,True,0.12549371934973222,0.8276490349913387,4.163927587049669,True,-0.002624953766904553,0.056788895346976176,False,
DIIL,599,0.17696160267111852,0.5244786144422545,0.47552138555773393,3.6447454776001393,True,0.6546381953408122,3.387364112981707,True,0.38807581873408104,0.6119241812656968,2.2418000096590673,True,-0.13640279570817349,0.13015958089855773,True,
DINT,982,0.11710794297352342,0.9885719988023156,0.0004985635189737173,2.1646500842923944,True,0.9999999967134457,2.0939022905292597,True,0.14355129960880247,0.8564487000243807,2.0500000006481205,True,-0.8450206991935132,0.011427997911130139,True,
DKL,956,0.036610878661087864,0.1598647221504263,0.8401352778495735,5.239392785024215,True,0.15910837014792312,4.725090480118064,True,0.18127128564651845,0.8187287143534621,4.349753451054364,True,0.021406563496092157,-0.00075635200250318,True,
DLL,1699,0.02177751618599176,0.16645611326551624,0.7680895437357085,3.457340174538344,True,0.2537158530879495,2.7106756101182397,True,0.16076241224437518,0.6904023196014253,2.9998385043773816,True,-0.005693701021141057,0.08725973982243329,False,
DMTM,543,0.13996316758747698,0.24387335207560745,0.7543185685575428,5.74686115217801,True,0.24472925647120602,3.770454639552736,True,0.3099610234263195,0.5786078989648431,2.687811823420529,True,0.06608767135071203,0.0008559043955985723,False,
DNCC,1881,0.0707070707070707,0.12139183361602732,0.8429691591346209,164.40071530442123,True,0.24417258220188787,6.012607960691177,True,0.17200512788226135,0.7918896275799828,5.509450094952554,True,0.05061329426623404,0.12278074858586055,False,
DOL,2466,0.061232765612327655,0.19040809916275964,0.8095919008372288,4.664937141180527,True,0.22788721147965346,3.5716220554366274,True,0.1575665144979333,0.8168053297411547,3.171523500277079,True,-0.03284158466482634,0.037479112316893826,True,
DSIL,2467,0.015403323875152006,0.26864352751394643,0.6107967813438866,4.028204026799374,True,0.32826079010464465,3.4597478750925763,True,0.2836707735320585,0.560733411231346,3.6462275487512477,True,0.015027246018112062,0.05961726259069822,False,
DSL,2475,0.011313131313131313,0.21333423567649173,0.6759411540735696,3.440540492982524,True,0.2577469194552033,3.0776718194811004,True,0.19862572748783663,0.6475782468058038,3.2164190314379213,True,-0.0147085081886551,0.04441268377871155,False,
DWAE,662,0.12386706948640483,0.21316076384565058,0.17090296887319814,5.823675310991151,True,0.9999999987994441,2.5384464810740885,True,0.3120284466731198,1.1434182402059713e-05,8.62848698314047,True,0.09886768282746922,0.7868392349537936,False,
DWSM,2260,0.011504424778761062,0.14477375436587372,0.8552262456341023,3.8455056143793427,True,0.19783862587451834,3.6402379891167747,True,0.2018108422806727,0.7927228968944879,3.7140355161372356,True,0.05703708791479897,0.05306487150864461,True,
DWTM,1204,0.061461794019933555,0.11676758776360781,0.883232412236391,6.710195860763415,True,0.12939589024367937,4.7705793354666195,True,0.09959397114574899,0.9004060288012282,3.8848141445819864,True,-0.017173616617858822,0.01262830248007156,True,
DYNO,2290,0.05895196506550218,0.2090965197777016,0.7416716682104847,5.378753352133433,True,0.35310181974716326,3.4217463634969967,True,0.25485582871839496,0.648749208796318,3.131980464877891,True,0.045759308940693355,0.14400529996946165,False,
ECOP,2334,0.0715509854327335,0.1745646363146221,0.7245310259203819,11.572972405641666,True,0.37817220614185376,3.825179781598686,True,0.24859903451815688,0.6144302279937716,3.614335649190112,True,0.07403439820353477,0.20360756982723166,False,
EFERT,2471,0.0028328611898017,0.30897751777612836,0.6125369964225373,2.878526379737268,True,0.32747760818750343,2.7987146252518036,True,0.2906618102685957,0.577421825158333,2.95431235681322,True,-0.01831570750753264,0.01850009041137507,False,
EFGH,1277,0.1707126076742365,0.11665701565159128,0.8259812784816026,199.99999999725017,True,0.28826958620083265,26.252903030944573,True,0.2589305103985101,0.6645996364320752,8.218225517464996,True,0.14227349474691883,0.17161257054924137,True,
EFUG,1966,0.015768056968463885,0.20573159979637468,0.7942684002036124,3.3813298344770857,True,0.2718713615491387,3.1469242901267735,True,0.24040081317048814,0.7595991868294248,2.9658603276599695,True,0.03466921337411347,0.06613976175276404,True,
EFUL,1891,0.022739291380222106,0.2726589647809202,0.7273410352190612,3.4695960393644487,True,0.2923287055000505,3.2106728313446444,True,0.22760803542792266,0.7723919645714612,2.8163292283632204,True,-0.045050929352997565,0.019669740719130302,True,
ELCM,750,0.13733333333333334,0.5874573965283669,1.1425448335879113e-05,2.2784301319600875,True,0.9267466438985836,2.0757427067402068,True,0.605384308401257,0.34364799670207646,2.0733285237675156,True,0.017926911872890083,0.3392892473702167,False,
ELSM,1132,0.08303886925795052,0.514334920065152,0.48566507993484775,3.464337403059687,True,0.5657955072745084,3.193493696259256,True,0.5155956857072623,0.4844043142927135,2.7806102305902147,True,0.0012607656421103064,0.05146058720935642,True,
EMCO,1840,0.1516304347826087,0.2067775632249283,0.5207005392945183,199.99999991646644,True,0.5925729285791779,5.327779072247992,True,0.364935440820075,0.5497930633025272,3.3500581192994456,True,0.1581578775951467,0.3857953653542496,True,
ENGRO,2046,0.004398826979472141,0.19381208342266207,0.758646431042546,4.20064697651487,True,0.20487382551899977,3.955378122962443,True,0.20034627436700697,0.7342669295891473,4.1403809138514305,True,0.006534190944344903,0.011061742096337701,False,
ENGROH,2451,0.019175846593227255,0.17875388551319243,0.7868878284680407,4.060871012034982,True,0.22666808786606507,3.3139225549000906,True,0.17702010331881118,0.752022693392825,3.465388863360224,True,-0.0017337821943812504,0.04791420235287264,False,
EPCL,2468,0.03565640194489465,0.15439728825670643,0.8406276558384118,4.504279171883731,True,0.17825251877909362,3.734730640967615,True,0.14518014428271603,0.8361640459522272,3.3869261617849036,True,-0.0092171439739904,0.023855230522387194,False,
EPQL,2459,0.010166734444896299,0.30663069369754653,0.6933693063024489,2.722902730203504,True,0.3081975701158193,2.6620125589256762,True,0.561083281236762,0.3804517461743929,2.6106875047523466,True,0.25445258753921546,0.0015668764182727446,True,
ESBL,2405,0.09771309771309772,0.2890681430986013,0.49831055380654043,6.461551748108999,True,0.5884941644939402,3.7027973946142563,True,0.526425845448855,0.3243399548208513,3.028943858013408,True,0.23735770235025366,0.2994260213953389,False,
EXIDE,2388,0.06490787269681741,0.3126313075165781,0.6873686924834084,4.079535393658631,True,0.4028244722875407,3.3855765050263003,True,0.332637779832767,0.5967254081158151,3.05186363389482,True,0.020006472316188906,0.09019316477096262,True,
FABL,2468,0.02188006482982172,0.3184522777268249,0.5701322746701474,3.3423282563958403,True,0.4537414838251906,2.761231962830788,True,0.3030498309001098,0.48207003476262533,2.9724821389386706,True,-0.0154024468267151,0.1352892060983657,False,
FASM,1362,0.07782672540381791,0.15574546225845293,0.8385030390131547,5.645649742431376,True,0.22229412979407132,3.7018355318143388,True,0.12054535039818515,0.8794546496018092,2.528509180316896,True,-0.03520011186026778,0.06654866753561839,True,
FATIMA,2467,0.007701661937576003,0.17957696827109818,0.7887568259840949,3.6091140867064038,True,0.20420641900258457,3.274269712819219,True,0.1694103861281235,0.7697427646608541,3.5865620889705725,True,-0.010166582142974667,0.024629450731486396,False,
FCCL,2471,0.02387697288547147,0.17891246385669185,0.7205699531548354,5.481489811999317,True,0.2369042807566515,3.98348968654879,True,0.19256009432300997,0.6707971448953642,4.207046538095109,True,0.013647630466318117,0.057991816899959636,False,
FCEL,637,0.07849293563579278,0.25367141210126554,0.00803837883195255,2.7398559016421213,True,0.6899445716951045,2.259772471316195,True,0.41521904275047644,0.5847809420024157,2.724537934011309,True,0.1615476306492109,0.43627315959383894,True,
FCEPL,2473,0.033966841892438336,0.17128766123698275,0.7860821317998712,4.467970364581667,True,0.22730120025008865,3.311706483038135,True,0.1604303643041058,0.7392799220218629,3.5136635378754795,True,-0.010857296932876959,0.056013539013105906,False,
FCIBL,1318,0.1282245827010622,0.2860367487303515,0.7139632512696437,6.418147009546789,True,0.38489041903431503,4.512169642461554,True,0.48719520494903135,0.4756370317646194,2.898080550996373,True,0.20115845621867984,0.09885367030396353,True,
FCL,568,0.01232394366197183,0.35565930798796785,0.6295881943765993,2.5625279121779707,True,0.3735941043958497,2.4878627927943047,True,0.20224061483111805,0.5798730907451274,2.7882312672522693,True,-0.1534186931568498,0.01793479640788187,False,
FCSC,2462,0.005280259951259139,0.2509005069232733,0.6750855552821746,3.9228513667095903,True,0.26903263149360174,3.7409413660014144,True,0.2625916582426385,0.6393914519662898,3.8807336317027095,True,0.011691151319365212,0.018132124570328423,False,
FDIBL,1850,0.005405405405405406,0.2878118826913149,0.627171066020572,3.177111586956982,True,0.31859823977721147,3.052046773015,True,0.28695341172856614,0.5800708723336758,3.1949307559254994,True,-0.0008584709627487697,0.030786357085896554,False,
FDPL,2467,0.006890960680989056,0.2685610116639554,0.6397746121159895,3.2236449681665595,True,0.30566968456756266,3.047952674796482,True,0.27449672954444904,0.5722240873507954,3.2303245139016807,True,0.0059357178804936295,0.037108672903607254,False,
FECTC,2259,0.06285967242142541,0.24615393488882992,0.7298099685493873,5.72852751364748,True,0.36134631847681,3.7211083172551334,True,0.2580517777911021,0.686022508899645,3.467610985118726,True,0.011897842902272193,0.11519238358798006,False,
FEROZ,2467,0.05918119173084718,0.20009130229444066,0.7982367490131881,4.963967652659083,True,0.2414240670635857,3.838498508271682,True,0.18690657067825783,0.7869899025877103,3.261368555802658,True,-0.013184731616182832,0.04133276476914505,False,
FFBL,2038,0.03729146221786065,0.10351306997520296,0.8964869300247877,4.464217095774708,True,0.11549965786373775,3.519672879469803,True,0.07776325365422303,0.9057695639664968,3.4103054433300537,True,-0.025749816320979932,0.011986587888534794,True,
FFC,2474,0.006063055780113177,0.1752942806948563,0.8247057193050821,2.9700670097732296,True,0.21784062232527635,2.8921735648441453,True,0.1969142648334406,0.7751178570246327,2.993085969744455,True,0.02161998413858429,0.04254634163042004,True,
FFL,2474,0.06022635408245756,0.19942958669915828,0.7491086309534317,5.17961073629562,True,0.32183258834228134,3.476660219460599,True,0.20830426488729648,0.7162057456940698,3.1522726733427087,True,0.008874678188138196,0.12240300164312307,False,
FLYNG,2418,0.055417700578990904,0.3251590464653245,0.5838763541410729,6.361529239623165,True,0.5093622135801534,4.055567587560182,True,0.408743366880717,0.47724128508310076,3.7888782339880454,True,0.08358432041539249,0.18420316711482893,False,
FML,2153,0.03808639108221087,0.2168508788717141,0.7463222949261259,5.221425336545468,True,0.3023587628423958,3.6287329786090243,True,0.2516855891023496,0.6839445623556304,3.684265597869838,True,0.03483471023063553,0.08550788397068174,False,
FNEL,2412,0.061774461028192375,0.16028150945463632,0.8397184905453603,4.648188565710248,True,0.2015055772693912,4.046928609483102,True,0.2014288918663065,0.7850971976151864,3.417839745116346,True,0.04114738241167018,0.04122406781475488,True,
FRCL,1591,0.147705845380264,0.17640036482032512,0.7173018985528001,199.9999999545849,True,0.3779519906961463,6.537659647000616,True,0.3361078638946078,0.6003155901456512,3.6959416784074346,True,0.15970749907428267,0.2015516258758212,True,
FRSM,1833,0.05782869612656847,0.23434757192621733,0.6627843751079354,8.727069581799402,True,0.4359910506711261,3.7869302884559772,True,0.3484780822532294,0.4710552947419008,3.7634270183073055,True,0.11413051032701207,0.20164347874490876,False,
FZCM,1700,0.08,0.23757877796729682,0.7575026986834699,5.5436441309354345,True,0.39504021550005064,3.6373411698680367,True,0.31662577895437904,0.6587068391431786,3.0260718519223886,True,0.07904700098708223,0.15746143753275382,False,
GADT,2112,0.03787878787878788,0.22142364662785943,0.6951235408899767,4.194765708791377,True,0.3519819627351768,2.9512322819326475,True,0.2474668801129813,0.5860253074254157,3.0694903835233367,True,0.02604323348512186,0.13055831610731736,False,
GAIL,1235,0.017813765182186234,0.19104749629994425,0.6914255542757084,3.7382406321290214,True,0.2382530489246041,3.1771948300753428,True,0.17318320654347696,0.6529821338837765,3.536884634989144,True,-0.017864289756467283,0.04720555262465986,False,
GAL,2468,0.08954619124797407,0.15156038153882562,0.8222544861205916,14.572088276360178,True,0.29520180331915546,4.814305790088207,True,0.21207602052990882,0.7537712494849013,3.900784821064384,True,0.0605156389910832,0.14364142178032985,False,
GAMON,1918,0.14129301355578727,0.11361236756805523,0.8735166207968281,199.99999998680119,True,0.28835967375636073,6.482297251233323,True,0.2204348913266475,0.7403232356268186,5.109356511081988,True,0.10682252375859227,0.1747473061883055,True,
GATI,1666,0.10624249699879952,0.2256382821859472,0.7743617178140514,8.186416085133018,True,0.22559585907841043,6.203908631106991,True,0.2355919156540347,0.7644080843459629,3.7498965424616584,True,0.009953633468087503,-4.242310753677092e-05,True,
GATM,2469,0.022681247468610773,0.22524090393060275,0.6516813573190434,4.630261353749528,True,0.31398381289376964,3.4764820543606945,True,0.23424758378919308,0.6122108186730421,3.775297180559314,True,0.009006679858590327,0.08874290896316689,False,
GCIL,954,0.029350104821802937,0.25567279984558455,0.6902017789832506,3.8118754170016,True,0.3396703185387413,3.093925273111928,True,0.227088507751265,0.6646855685490255,3.2112869598862974,True,-0.028584292094319563,0.08399751869315675,False,
GFIL,1997,0.02954431647471207,0.16718888148968006,0.8133978605544543,5.223201900130702,True,0.2589740010865538,3.7485757285269137,True,0.32635136509950136,0.5070155324177186,3.7504136674363635,True,0.1591624836098213,0.09178511959687372,False,
GGGL,2468,0.034440842787682335,0.23027333092733465,0.7223022637352369,4.886708679080324,True,0.3122796188442139,3.5968556138712207,True,0.2163125878769946,0.7073535785956642,3.7397037402333626,True,-0.013960743050340063,0.08200628791687925,False,
GGL,2472,0.05177993527508091,0.16598327642502786,0.800287379214774,6.54790789877955,True,0.2455922551551698,3.9598210652597734,True,0.19798048297933304,0.7401156849081886,3.6137802320852073,True,0.031997206554305185,0.07960897873014194,False,
GHGL,2462,0.017059301380991064,0.2536755549924061,0.7463244450075417,3.0306914231847237,True,0.25490815390318505,2.9014574523465706,True,0.2828602173626616,0.6251233862374632,2.894064668662796,True,0.029184662370255465,0.001232598910778926,True,
GHNI,2469,0.07816929931146213,0.16596703082098116,0.785398675088747,9.861362687284398,True,0.3087835746605584,4.037922858685432,True,0.22457535413408575,0.7068681722262993,3.6072729502347434,True,0.05860832331310459,0.14281654383957723,False,
GLAXO,2472,0.023867313915857606,0.2343436971125567,0.7656560860972627,3.7176307367998556,True,0.23615919797228718,3.397236332164108,True,0.20515141459265768,0.7740858991272439,3.3763341323778757,True,-0.029192282519899027,0.001815500859730479,True,
GLPL,1539,0.06952566601689408,0.28809494916397693,0.7119035568754266,4.083621985639092,True,0.3811533487256957,3.5539417051470954,True,0.5558862541019951,0.413243427660932,2.8603103370345258,True,0.26779130493801817,0.09305839956171874,True,
GOC,1192,0.10234899328859061,0.2482170161342734,0.6837081460724852,7.225575444016203,True,0.4682090796606105,3.342188721992744,True,0.3221046244440523,0.627433977875663,2.571336253663784,True,0.07388760830977889,0.21999206352633707,False,
GRR,898,0.005567928730512249,0.2506503493244319,0.7493496506755655,3.564938281461661,True,0.2167410864653534,3.5817606645431974,True,0.16505245870331842,0.834947331423329,3.5284929039984947,True,-0.0855978906211135,-0.033909262859078526,True,
GRYL,1570,0.07834394904458598,0.23612762240439827,0.763872377595592,5.47865288151006,True,0.3135039626761517,4.532147108229796,True,0.3234978589741967,0.6717421705081046,3.453589422034426,True,0.08737023656979842,0.07737634027175344,True,
GSKCH,1427,0.056762438682550806,0.17981220770117828,0.779851220865581,8.035819893307,True,0.28033355911127267,4.90552938528468,True,0.2842991851531097,0.652453412327548,4.394206544619548,True,0.10448697745193142,0.10052135141009438,False,
GSPM,658,0.022796352583586626,0.3647560733790468,0.632761873624395,3.527087834797195,True,0.13745972162421743,5.430491116660667,True,0.17637322539725772,0.7639470034429061,3.279124257275101,True,-0.1883828479817891,-0.22729635175482937,False,
GTYR,2466,0.0494728304947283,0.19135620851997426,0.7620518145210522,5.312746064793089,True,0.2808409491119359,3.5706496932077285,True,0.24948584143281055,0.6519650661445614,3.3612186793615493,True,0.05812963291283629,0.08948474059196165,False,
GUSM,635,0.08031496062992126,0.2281144685349404,0.7403519637875775,3.0346690076394323,True,0.5078011790503059,2.6116807413793657,True,0.0754224041063315,0.9245775958902992,2.050000000000354,True,-0.15269206442860891,0.2796867105153654,True,
GVGL,2310,0.047619047619047616,0.20064035149551057,0.7523172971352965,6.158066826358993,True,0.2945365809567462,4.009645043036189,True,0.21152641907793088,0.7221296824590877,4.02011544032478,True,0.010886067582420306,0.0938962294612356,False,
GWLC,2447,0.044544340008173276,0.1850090433450734,0.7392472394212993,6.40588235094978,True,0.3268794509900367,3.529358704636268,True,0.19400229722965695,0.7043481271847328,3.7649705712182557,True,0.008993253884583552,0.14187040764496328,False,
HABSM,2257,0.021267168808152416,0.19973998584216404,0.7788128907077658,4.464994295699534,True,0.2635040729913882,3.645631211146422,True,0.19540035341971684,0.7598018925866299,3.7208432371446296,True,-0.004339632422447198,0.06376408714922419,False,
HAEL,1722,0.09117305458768873,0.14560303126704632,0.813589399385291,58.565575451439415,True,0.21156626097762055,6.08356156905784,True,0.38021357456385074,0.5113417778816981,4.062119411445447,True,0.23461054329680442,0.06596322971057422,False,
HAFL,549,0.08196721311475409,0.9333485484312823,0.06665145156718927,2.0500000000000007,True,0.9333485484312823,2.0500000000000007,True,0.23522525348322268,0.18519815312849136,2.0560599783172124,True,-0.6981232949480597,0.0,True,
HAL,533,0.18761726078799248,0.1317468829404142,0.8438331699404318,199.99998742409826,True,0.33827602081672453,29.556726681384987,True,0.28572154726849897,0.6774377909567144,9.884051066041255,True,0.15397466432808476,0.20652913787631033,True,
HALEON,895,0.01675977653631285,0.1996083813696362,0.8003916186303536,3.039677421453807,True,0.12336784683129151,3.113943697494092,True,0.046372739696919414,0.9493812687663491,3.09578441181527,True,-0.1532356416727168,-0.0762405345383447,True,
HASCOL,2470,0.07004048582995952,0.27929183657797807,0.7207081634217911,4.074392382723762,True,0.27882430185308954,3.5641172860220016,True,0.3472753162659943,0.5976128944906265,3.050050910742666,True,0.06798347968801621,-0.00046753472488852976,True,
HBL,2473,0.015770319450060657,0.3062586261997617,0.5945535913911068,3.812948388601618,True,0.4046763774881131,3.2198574041763433,True,0.37975838441056553,0.4268488909439469,3.463299537241305,True,0.07349975821080384,0.0984177512883514,False,
HCAR,2472,0.05946601941747573,0.1986269888967941,0.8013695171140753,4.752571652472561,True,0.1983400266973724,3.851112946994712,True,0.22217840509595121,0.7497854757932007,3.321669631201316,True,0.023551416199157127,-0.00028696219942167533,True,
HICL,1780,0.016853932584269662,0.2772396721341567,0.7227603278658403,3.79651593904569,True,0.3147664858880001,3.534705426127779,True,0.3667284082466952,0.6332715917531632,3.2777132612374094,True,0.08948873611253855,0.037526813753843424,True,
HINO,2195,0.0510250569476082,0.17860443069313783,0.7946721749521866,6.1658347310188555,True,0.2922559252729765,3.8360762249616736,True,0.28460125708613826,0.6260386612312769,3.4059603962417464,True,0.10599682639300043,0.11365149457983867,False,
HINOON,2455,0.018329938900203666,0.29275530136227046,0.7072446986375933,3.2441730312382995,True,0.30573127655637966,3.0739390275460634,True,0.2796898540814121,0.6761991573797776,2.9989903348781084,True,-0.013065447280858344,0.012975975194109202,True,
HIRAT,2412,0.012023217247097845,0.2776330393488925,0.7223669606509988,3.2892635251719486,True,0.28827722005555745,3.183373737375936,True,0.28923906201454563,0.629403142136076,3.4010604457091604,True,0.011606022665653137,0.010644180706664952,True,
HMB,2433,0.004932182490752158,0.22101626815076064,0.723391381527026,3.5050597685329463,True,0.24332341978665797,3.277680327306215,True,0.21248435340729416,0.7053372082570016,3.5003210073819977,True,-0.008531914743466484,0.022307151635897332,False,
HPL,2026,0.07107601184600197,0.3384006237201241,0.6615993762798693,5.0736133247401884,True,0.47309018407315395,4.095202463232976,True,0.5261665499072747,0.4589304671829558,3.3390535566294695,True,0.18776592618715066,0.13468956035302987,True,
HRPL,1155,0.013852813852813853,0.32646571101772964,0.6735342889821965,2.887495460877,True,0.3626687035542246,2.7660533661619846,True,0.28301109067982677,0.6914637879390391,2.753016538236987,True,-0.04345462033790287,0.03620299253649495,True,
HSM,1307,0.11782708492731446,0.13980692979246925,0.7537170943537492,199.99999997636638,True,0.35407182266847803,6.040243478997594,True,0.3167651568145917,0.5571219200024604,4.19095343184195,True,0.17695822702212247,0.21426489287600878,True,
HSPI,1035,0.18937198067632852,0.21482383225080542,0.4574251398497388,199.99999999880112,True,0.6749463259763919,13.121127383355763,True,0.5168766941046139,0.17379193211742366,9.548508701740698,True,0.3020528618538085,0.4601224937255865,True,
HTL,2471,0.05544314042897612,0.20944325279807824,0.7093293804428482,6.414697966843401,True,0.3531937930687617,3.647966730753978,True,0.26335853612791726,0.6167698628903333,3.5295430280286095,True,0.053915283329839025,0.14375054027068346,False,
HUBC,2472,0.010113268608414239,0.2525962161294264,0.6037974832478903,3.8362310266567246,True,0.28949145169489054,3.3885576770464056,True,0.25155756729952305,0.5709810981336136,3.598321780720166,True,-0.0010386488299033436,0.036895235565464146,False,
HUMNL,2472,0.015372168284789644,0.2899962571860233,0.7088994032178558,3.643550780757294,True,0.3026436057569254,3.4348157022147774,True,0.2783471696895275,0.6835806593516609,3.4905003813723963,True,-0.011649087496495791,0.012647348570902106,False,
HUSI,864,0.14930555555555555,0.175633692325731,0.07269088391236098,7.030003603614291,True,0.9999385591914843,2.236477664804632,True,0.34837230762466265,0.31294862522307687,2.9706939039121725,True,0.17273861529893164,0.8243048668657533,False,
HWQS,1650,0.06424242424242424,0.24926453740906385,0.6262980921870545,5.433029145186008,True,0.45037410308217074,3.4760221307941555,True,0.39986737182763277,0.40134943741436035,3.0531532244073856,True,0.15060283441856892,0.2011095656731069,False,
IBFL,1579,0.050031665611146296,0.6893180618675738,0.3106819381323963,2.582495625696234,True,0.6893180618678247,2.582495625697174,True,0.7153175790525315,0.28468241658335813,2.405963972887033,True,0.025999517184957632,2.509104035652854e-13,True,
IBLHL,2433,0.055487053020961775,0.2387913330561369,0.7346614333495298,4.843610535859223,True,0.31741818094453766,3.6263386738931773,True,0.26735313450661674,0.6705995440159335,3.1426135547033587,True,0.028561801450479846,0.07862684788840077,False,
ICCI,575,0.09739130434782609,0.42764474535293656,0.3244639216770878,6.21849007247833,True,0.7760472170959964,3.6343199334313336,True,0.7096474384898006,0.05861723236755409,2.730270434142522,True,0.28200269313686405,0.3484024717430599,False,
ICI,1531,0.016329196603527107,0.19644534666829577,0.7806621150336676,3.7692788773697674,True,0.22601571382434194,3.2849531333972544,True,0.15885789998498545,0.7941487534680588,3.5522683639612893,True,-0.03758744668331032,0.029570367156046162,False,
ICIBL,2471,0.00971266693646297,0.2572168173381915,0.6220380986525841,3.5788760216428415,True,0.29033057333833545,3.3259434472751033,True,0.2651719276554694,0.5771590867256018,3.392474953789311,True,0.007955110317277858,0.033113756000143935,False,
ICL,2437,0.03487894952810833,0.18013647845934472,0.7674385413335494,4.505780442901399,True,0.2750351632856338,3.1924552747681783,True,0.1757126243353357,0.7227317424531023,3.442239858341421,True,-0.00442385412400903,0.0948986848262891,False,
IDEAL,959,0.1908237747653806,0.2394875436697917,0.6068944762137303,199.99999999053136,True,0.5002211329063164,4.429398200042663,True,0.45340043998531554,0.4524651304176886,2.190410579991946,True,0.21391289631552385,0.26073358923652473,True,
IDRT,1036,0.15926640926640925,0.2011248500467892,0.6479547403972281,199.99999990466807,True,0.5503548422136866,4.547080413325153,True,0.3810464880755249,0.5734965093969073,3.0078040154282024,True,0.17992163802873568,0.3492299921668974,True,
IDSM,912,0.19407894736842105,0.23647119114593318,0.6179700608709929,199.99999999329015,True,0.44530704054017256,4.47624186530977,True,0.41128258840194626,0.5202030124970933,2.250434088790291,True,0.17481139725601308,0.20883584939423938,True,
IDYM,1851,0.06699081577525662,0.3515045381867882,0.6484954618131948,4.436899976455727,True,0.4173928400588857,3.866337013365091,True,0.4388575243656626,0.5611424756342642,3.1980327116252347,True,0.08735298617887444,0.06588830187209754,True,
IGIHL,2354,0.027612574341546302,0.2555702356773944,0.7089026652510173,3.6707851304160917,True,0.27475822298811453,3.17996764910296,True,0.22385253550042755,0.6865921695849188,3.2459265402361406,True,-0.031717700176966845,0.019187987310720134,False,
IGIL,1790,0.08659217877094973,0.07444733800483766,0.8966739266396384,199.99999991888882,True,0.3422143696456895,4.056795211538572,True,0.2546650982130125,0.6081393020876635,3.6433637369324754,True,0.18021776020817482,0.26776703164085186,True,
ILP,1843,0.01410743353228432,0.36528977513401056,0.6088624552645774,3.1221158113215486,True,0.42135995975190554,2.905889328635288,True,0.3373454426458521,0.5506727179536886,3.124922853493654,True,-0.027944332488158474,0.05607018461789498,False,
IMAGE,1346,0.03789004457652303,0.3129146988788636,0.6655887571676329,3.3405006558083605,True,0.377690111145663,2.900199063456781,True,0.2556876741966159,0.603023802893911,2.891259840937606,True,-0.05722702468224766,0.06477541226679939,False,
IML,1059,0.08026440037771483,0.14703733750899525,0.48749853572728463,199.99999999593635,True,0.7009384493057873,2.8595518180631374,True,0.3131131632662858,0.22898821578316417,3.1557780661677013,True,0.16607582575729055,0.553901111796792,True,
IMS,1731,0.14500288850375506,0.16041678096564038,0.7305244430289197,199.999999959234,True,0.36590636322183323,7.1556537411805925,True,0.3086603434116168,0.5939227841988847,4.656785620653151,True,0.14824356244597642,0.20548958225619285,True,
IMSL,879,0.1945392491467577,0.07702070770915963,0.9041180930936334,199.9999999836857,True,0.1323882225933659,27.27471447237013,True,0.6038684351439076,0.14365872215622602,5.291842003063165,True,0.5268477274347481,0.055367514884206284,True,
INDU,2473,0.009704811969268095,0.35896426700042405,0.6410357329994989,2.8662568409284113,True,0.3697931225412785,2.8048494366333827,True,0.33234268216214946,0.6130067458444834,2.8468367548778124,True,-0.026621584838274592,0.010828855540854443,True,
INIL,2471,0.03925536220153784,0.13928715173328934,0.7923010833239144,7.888385465191347,True,0.2229720819383911,4.30833400494371,True,0.16186017915915718,0.7655286448277583,4.443552938684968,True,0.022573027425867837,0.08368493020510176,False,
INKL,1067,0.12277413308341144,0.1685884437348143,0.7344638807532555,199.66897826092878,True,0.3623055174228552,4.542657241834112,True,0.2988486091146156,0.6693889544440965,3.317842260244657,True,0.13026016537980128,0.19371707368804092,True,
IPAK,573,0.0034904013961605585,0.6303387501669804,0.3696612498325169,2.5602883737959354,True,0.6285265879657032,2.5439174072441704,True,0.5931728025805018,0.34455484004646586,2.592627125445742,True,-0.03716594758647862,-0.0018121622012772232,True,
ISIL,1126,0.08614564831261101,0.22605362537369214,0.7739463746263061,7.395607069810182,True,0.19655106085021623,5.175374376274124,True,0.19255757994965272,0.8074424200503384,3.2240577365356224,True,-0.03349604542403942,-0.02950256452347591,True,
ISL,2470,0.04331983805668016,0.17557214796307888,0.7530821242347765,7.180069026583899,True,0.2857735790593418,4.144753114114498,True,0.2220205050530696,0.701779129136801,3.9897727663773277,True,0.04644835708999073,0.11020143109626293,False,
ITTEFAQ,2282,0.02848378615249781,0.2585469422933214,0.6096646873397147,4.663629717929945,True,0.35728324865283345,3.5393868540879563,True,0.27248904121114215,0.5636069684161717,3.7678168815596518,True,0.013942098917820722,0.09873630635951203,False,
JATM,1841,0.07658881042911461,0.21504606981607943,0.7849539301838007,5.194066471373812,True,0.32310072501634246,3.741551234948475,True,0.2646918795856553,0.7025118481830502,3.2330745171114983,True,0.04964580976957589,0.10805465520026303,True,
JDMT,1550,0.12064516129032259,0.1281452157157516,0.8139696096051652,199.99999995937486,True,0.4337687436949431,6.090058606111098,True,0.3106599835978738,0.5835175134345256,5.0520617981812705,True,0.18251476788212218,0.3056235279791915,True,
JDWS,1608,0.05783582089552239,0.1962867867129228,0.803713213287077,5.708394208129494,True,0.23629744419933923,4.1700004205339125,True,0.2675379432521068,0.7324620567432939,3.2792069250792863,True,0.07125115653918399,0.04001065748641644,True,
JGICL,1762,0.022701475595913734,0.34809577380407386,0.6519042261924513,3.9453842222257176,True,0.406622769364823,3.5887590341244864,True,0.40749894285771593,0.582329625024987,3.375976533290383,True,0.05940316905364207,0.05852699556074914,True,
JKSM,1208,0.13493377483443708,0.1344119494893895,0.8222594790326592,199.99999999836058,True,0.27280136659431214,9.375116198633917,True,0.23219112979068424,0.7389060521028668,4.305088714388999,True,0.09777918030129473,0.13838941710492264,True,
JLICL,2081,0.0312349831811629,0.24501237250405414,0.6963394673624942,4.682670889840724,True,0.33086384106732647,3.5198772704908396,True,0.2694987292214551,0.6444117256270162,3.4954423014947014,True,0.024486356717400987,0.08585146856327233,False,
JOPP,1105,0.21447963800904976,0.16922340338846042,0.8307765965882901,10.463878453945913,True,0.16613451336831556,105.32122378658173,True,0.2532271984801187,0.7467728015195628,16.761726962723085,True,0.08400379509165828,-0.003088890020144869,True,
JSBL,2397,0.005840634125990822,0.29296251727332656,0.6220599351802452,3.573728382064492,True,0.3215811448165559,3.3539422658135747,True,0.30961937698579434,0.5621501114064349,3.5068866416966973,True,0.016656859712467775,0.028618627543229358,False,
JSCL,2475,0.04323232323232323,0.1889406058822407,0.7524255842619667,5.93479717086937,True,0.29867084362285956,3.6064495417107048,True,0.2200986172466114,0.6776099638976607,3.67359206794713,True,0.031158011364370686,0.10973023774061885,False,
JSGCL,1550,0.11290322580645161,0.3754977062765024,0.4618042075823226,6.466556911844823,True,0.7176869591897751,3.4869056334464386,True,0.5661532765623194,0.4002276301241788,2.8179250069396593,True,0.19065557028581698,0.3421892529132727,False,
JSIL,1650,0.04787878787878788,0.19431688775510855,0.7933978186101678,10.310516466197724,True,0.2718198421988035,5.464283689352012,True,0.25779422965909843,0.7078774074008675,5.362927817900109,True,0.06347734190398988,0.07750295444369495,False,
JSML,2045,0.0958435207823961,0.1840150353703183,0.6296094579885536,199.99999986101574,True,0.4630428363536554,4.6475274691833715,True,0.35524315246164884,0.4543155096986889,4.140785288214848,True,0.17122811709133054,0.2790278009833371,True,
JUBS,1858,0.07642626480086114,0.28233363905785236,0.5900944415996705,6.599578959905337,True,0.4997697536339992,4.082104527219869,True,0.4888500082661992,0.3885945367963779,3.591116182278273,True,0.20651636920834682,0.21743611457614687,False,
JVDC,2116,0.048676748582230624,0.19324111917784206,0.714766832675688,7.425349559054078,True,0.32707584220089986,3.6032558449990724,True,0.21940811364132728,0.6549843276866293,3.8133826112284437,True,0.02616699446348522,0.1338347230230578,False,
KAPCO,2459,0.011793411956079707,0.33863451688251867,0.6613654831174658,2.9213700111622614,True,0.34631964966691514,2.8525602840933564,True,0.383531734942207,0.6057171472461806,2.819716094889478,True,0.044897218059688326,0.007685132784396476,True,
KEL,2476,0.0004038772213247173,0.1867454127887458,0.7963124562753019,3.5292039763957863,True,0.18767785347716454,3.50960689776338,True,0.18846630068497267,0.7889966350542704,3.5509789747135825,True,0.0017208878962268748,0.0009324406884187453,False,
KHTC,2284,0.09369527145359019,0.3287094071659835,0.5866948463648799,6.778733912548718,True,0.5693145862253796,3.931114662977166,True,0.5131309739710381,0.38660405668083553,3.0732113745303256,True,0.18442156680505462,0.24060517905939605,False,
KML,1713,0.1039112667834209,0.22803230048059953,0.6865993717907587,11.025306665246468,True,0.5647780121378798,3.9139537482718008,True,0.361517704593767,0.5826671672003761,3.181060770757949,True,0.13348540411316745,0.3367457116572803,False,
KOHC,2468,0.033630470016207455,0.24643052789411446,0.664463959559177,5.494350172227653,True,0.36440007099989313,3.719929054543533,True,0.29911247119538814,0.5867604489373135,3.808810587706347,True,0.05268194330127368,0.11796954310577867,False,
KOHE,2241,0.01606425702811245,0.4116185898241459,0.5883814101758478,3.0430616324820887,True,0.4424194976661121,2.9325329702984675,True,0.4752405923128302,0.5247594076860296,2.8780896254711434,True,0.06362200248868433,0.030800907841966207,True,
KOHP,2167,0.044300876788186436,0.315060216548002,0.6746136243275562,4.288918076705301,True,0.4111141928861801,3.719774123414356,True,0.5226540240898674,0.38717832658262374,3.305124157837339,True,0.2075938075418654,0.09605397633817814,False,
KOHTM,1227,0.1687041564792176,0.16993149943638217,0.7777170484359279,199.99999996280934,True,0.3629162867013662,9.227021665726854,True,0.3402491558023623,0.6287814933364335,3.7287795319808303,True,0.17031765636598015,0.19298478726498405,True,
KOIL,2366,0.03761622992392223,0.2911793762959935,0.5924189451932369,4.667945942781366,True,0.43882159235746626,3.478296603801443,True,0.3983353296296497,0.4466360133824034,3.32777848383167,True,0.10715595333365618,0.14764221606147276,False,
KOSM,2473,0.005661140315406389,0.2359922240627357,0.7288040419904748,3.6038942086102623,True,0.2528335256657386,3.413116272037131,True,0.22651570965107687,0.7135672535848284,3.6909159989967972,True,-0.009476514411658837,0.016841301603002873,False,
KPUS,1076,0.258364312267658,0.3072293257909666,0.692770674209032,4.956576756247076,True,0.30721265459831815,4.694073605400455,True,0.45419327776772533,0.54580421054263,2.4214248953984594,True,0.1469639519767587,-1.6671192648476385e-05,True,
KSBP,2087,0.06660277910876856,0.21686920053436473,0.7325365131028965,6.3969880592162465,True,0.37987636043690765,3.5263765289688536,True,0.33397526564827024,0.5354995230654941,3.0582431910214796,True,0.1171060651139055,0.16300715990254291,False,
KSTM,1021,0.09598432908912831,0.20994297537349146,0.7900570246265066,4.946797823018375,True,0.33299132307633594,3.7165275057893883,True,0.36325028583145585,0.5968665262437443,3.195796078509572,True,0.1533073104579644,0.12304834770284448,True,
KTML,2358,0.02883799830364716,0.0943604272660753,0.875951285968205,7.795748048849332,True,0.13527095873994024,4.454106310676525,True,0.11244660454331504,0.8453233096268655,4.476783768429501,True,0.01808617727723974,0.04091053147386495,False,
LCI,2440,0.012704918032786885,0.2087193575122271,0.7623094629670936,3.324683791668053,True,0.2424063124471576,2.9954330241948552,True,0.1618948827115942,0.7602516507847351,3.3398657860554968,True,-0.0468244748006329,0.03368695493493051,False,
LEUL,2041,0.1464968152866242,0.11724244830242689,0.8545816090429357,199.99999999338274,True,0.2692802750228459,13.133052645509775,True,0.2628143834691096,0.6338752694142145,5.903260858700548,True,0.14557193516668274,0.15203782672041902,True,
LIVEN,1375,0.184,0.15744343815838432,0.8425565618416129,18.782916361476396,True,0.21710610246183976,9.860166382252897,True,0.19113461486170552,0.8085433002307576,3.321482762196263,True,0.033691176703321196,0.05966266430345543,True,
LMSM,936,0.24252136752136752,0.12624295717388032,0.8232239329556383,199.99999999557417,True,0.267049519324586,24.6566015923785,True,0.2549522005245455,0.6656973480448822,4.4437532826730335,True,0.12870924335066516,0.14080656215070567,True,
LOADS,2447,0.046587658357172046,0.23401013636083354,0.7067117617180254,5.049916514133836,True,0.33271412325864447,3.478628183598506,True,0.24509086467227845,0.6457545174880954,3.5195070396776353,True,0.01108072831144491,0.09870398689781093,False,
LOTCHEM,2471,0.017806556050182113,0.22961850592230793,0.7308278378604773,3.6354275856368163,True,0.2948572793068513,3.137116542117421,True,0.26316657945525845,0.6011409644438381,3.3555077971029874,True,0.03354807353295053,0.06523877338454337,False,
LPGL,1454,0.21182943603851445,0.1967596961775026,0.776602602543534,199.99999997288344,True,0.38242542035234417,18.44568324399779,True,0.36244958174463937,0.637301673949288,4.700644416762734,True,0.16568988556713676,0.18566572417484156,True,
LPL,2435,0.01971252566735113,0.3352405921310781,0.6647594078686389,3.164739808840476,True,0.38610732784582036,2.978470785099333,True,0.3415845799272309,0.5475562690297981,3.065083350192915,True,0.006343987796152806,0.05086673571474226,True,
LSECL,577,0.01386481802426343,0.3132127904319869,0.5828662778109284,3.586960463424975,True,0.394011978323378,3.1465021121245815,True,0.3419950916686457,0.4949875742269295,3.153149000148323,True,0.028782301236658814,0.08079918789139107,False,
LSEFSL,569,0.10896309314586995,0.41501337426999185,0.23616385988994126,7.696627452602164,True,0.9067515839069356,3.113735990726288,True,0.6819904636961203,0.10646403877376329,2.7452567479227024,True,0.2669770894261284,0.4917382096369437,False,
LSEVL,783,0.022988505747126436,0.3461899460992478,0.34109706270997814,3.8547936775886695,True,0.5144716246191382,3.037571867753559,True,0.4206382811203468,0.17781294236354828,3.0493078758525822,True,0.07444833502109899,0.1682816785198904,False,
LUCK,2467,0.012971220105391163,0.2040282895737483,0.7440467494491714,4.709168027868551,True,0.24425800287439847,3.9762038625740814,True,0.23109330504724088,0.68855941151989,4.178272892018762,True,0.027065015473492576,0.04022971330065017,False,
MACFL,2283,0.09899255365746824,0.1420223595997529,0.8438596434718879,10.383966678413291,True,0.4049641163578498,4.532137457820365,True,0.2827226403609826,0.6803138948256231,3.5895551595969684,True,0.1407002807612297,0.2629417567580969,False,
MACTER,1457,0.10844200411805079,0.14120649028751367,0.8587935097124846,6.9941866065658544,True,0.1830525304838616,4.923127878329032,True,0.16364737789207998,0.8363526221079132,3.3098965014117043,True,0.022440887604566306,0.04184604019634794,True,
MARI,2471,0.016187778227438283,0.25690902653159886,0.7430909734683235,3.433073982138991,True,0.2720952508947279,3.2439065562719507,True,0.2547637496872934,0.699135655800067,3.322841628667592,True,-0.002145276844305488,0.015186224363129053,True,
MCB,2474,0.004042037186742118,0.20106498491715435,0.7083561110357403,3.371259444805734,True,0.21572849985652043,3.228983165101665,True,0.1897412277046364,0.7045897337028114,3.3072698918804493,True,-0.011323757212517965,0.014663514939366074,False,
MCBAH,1126,0.06660746003552398,0.20760308710021744,0.6735287729546464,199.99999997200882,True,0.36717200153121865,6.770503924731527,True,0.269666164890016,0.6541881233898649,7.313337246088884,True,0.062063077789798554,0.1595689144310012,True,
MCBIM,1869,0.042803638309256285,0.2296054409809768,0.734694441888143,8.247822674503995,True,0.307024555060896,5.118150016001405,True,0.2463173357962279,0.7278584902312897,4.68721770313898,True,0.016711894815251094,0.0774191140799192,False,
MDTL,2473,0.005256773150020219,0.20005865580544424,0.7667294410868009,3.3010277700658737,True,0.21846307800766748,3.14347449318062,True,0.20220979810363854,0.7312251036639469,3.305508094269784,True,0.0021511422981942974,0.018404422202223242,False,
MEBL,2450,0.007755102040816327,0.2167246558156934,0.6935511820673246,3.6626524509392255,True,0.24769540680099134,3.335641846812835,True,0.2200882543495904,0.654195698777001,3.5531565410967403,True,0.0033635985338970054,0.030970750985297946,False,
MEHT,1094,0.07952468007312614,0.14687635040219144,0.8531236495978061,4.43345840203824,True,0.38203673819950434,3.4598803468582897,True,0.2313109767707977,0.7686890232254531,2.9831987733227923,True,0.08443462636860627,0.2351603877973129,True,
MERIT,2437,0.03857201477226098,0.23614020197070812,0.5755220557049401,5.6125209921590695,True,0.3776884613602207,3.4638186866052085,True,0.27064446507320084,0.5049676524800569,3.523911676880916,True,0.034504263102492716,0.1415482593895126,False,
MFFL,2109,0.07728781412991939,0.21161320455899008,0.7611627850746963,8.142241306807739,True,0.38057158449414025,4.234438177720138,True,0.32305931847504366,0.6155066023164805,3.540913651390807,True,0.11144611391605358,0.16895837993515017,False,
MFL,2104,0.03897338403041825,0.1293356638832735,0.7776323282294737,5.860303646718971,True,0.24316777333184914,3.3189993718972257,True,0.1678185025221064,0.6282931678779746,3.561333836924903,True,0.038482838638832895,0.11383210944857564,False,
MIRKS,1767,0.05319750990379174,0.33039096319394745,0.669609036805956,3.792622283666225,True,0.40691834752888134,3.152288055190035,True,0.3213424894725753,0.6081396784064304,2.87079863328474,True,-0.00904847372137213,0.07652738433493389,True,
MLCF,2470,0.039271255060728746,0.10049875759200468,0.877156888299051,8.009816499880726,True,0.14750822130825364,4.7053377294796555,True,0.11659329400223012,0.8513138896879483,4.664846983368921,True,0.016094536410225443,0.047009463716248964,False,
MQTM,1011,0.13550939663699307,0.1517543052332137,0.8148443717397312,34.46980251167642,True,0.2953633373082152,4.672295394437805,True,0.19513118017849418,0.7915016654888035,2.5034851055598053,True,0.043376874945280475,0.14360903207500147,False,
MRNS,2078,0.03609239653512993,0.17983337396591137,0.6556094488993742,6.60429577726916,True,0.2942583357756511,3.7086608111350414,True,0.2351735722799769,0.5826393847166574,3.5680839191443527,True,0.05534019831406553,0.11442496180973971,False,
MSCL,1401,0.1270521056388294,0.19033411454431076,0.7535630343703579,4.430889887785485,True,0.4890817426885743,3.1109617940533107,True,0.2451259910482173,0.049011564734808485,4.285253520972958,True,0.054791876503906545,0.29874762814426353,False,
MSOT,1678,0.12455303933253874,0.09681668690368345,0.860339125344483,199.99999984733455,True,0.3407292480226927,5.070798489369688,True,0.09953821427623802,0.9003701374448602,3.4585984297765284,True,0.002721527372554572,0.24391256111900927,True,
MTIL,972,0.07716049382716049,0.06859792865802009,0.9152730505086651,6.452558695854783,True,0.41994974278403174,3.2842329687683582,True,0.36048295180838374,0.3771844020007774,3.173835969886003,True,0.2918850231503637,0.3513518141260117,False,
MTL,2465,0.015010141987829614,0.5133090732047663,0.4866909267950047,2.996147697388661,True,0.5304189492021609,2.877387451977656,True,0.6202984598081752,0.34725411899343883,2.8221441679175485,True,0.10698938660340895,0.017109875997394663,True,
MUGHAL,2469,0.046172539489671933,0.15557720160154395,0.7847518212101214,8.977635328396847,True,0.23839151723348614,4.561641421979578,True,0.1922038892897509,0.7336876364837142,4.694206526661983,True,0.036626687688206955,0.08281431563194219,False,
MUREB,2208,0.019021739130434784,0.372009265131072,0.5286987362717712,3.6135700673619637,True,0.5024149064197271,3.029889309589442,True,0.3946957426067763,0.44127007751390845,3.305321790994129,True,0.022686477475704292,0.13040564128865506,False,
MWMP,662,0.1163141993957704,0.5222728514881656,0.0412701719930364,2.5576106418121594,True,0.9999999999999137,2.379599733606896,True,0.49475976291489043,1.5371184750719532e-06,4.43174386532189,True,-0.02751308857327517,0.47772714851174813,False,
NAGC,1289,0.11326609775019394,0.264364205919062,0.7356357940809324,7.511672119804479,True,0.3852034011506105,5.056395041079535,True,0.2907987159937251,0.7092012840062654,3.1349921799413947,True,0.026434510074663076,0.12083919523154851,True,
NATF,2394,0.018379281537176273,0.2623787959525848,0.7133871721080591,3.540381218423579,True,0.30991299785517523,3.160312935276698,True,0.26665923484515347,0.6535016681590298,3.218492123332993,True,0.004280438892568683,0.047534201902590445,False,
NBP,2471,0.014569000404694455,0.21988809198453899,0.7801119080154205,3.5034989415906983,True,0.2105948103963391,3.334832247573881,True,0.1752483911092915,0.7950623230429283,3.3976701307122656,True,-0.04463970087524749,-0.009293281588199892,True,
NCL,2466,0.0202757502027575,0.19185554795100554,0.6611172316475115,4.694990795638706,True,0.2518246148970548,3.5238044589212745,True,0.18991003376348103,0.6464784663956792,3.711280167789071,True,-0.0019455141875245052,0.05996906694604928,False,
NCML,2039,0.026483570377636097,0.29596661476165526,0.6356485103196737,4.5677232305454,True,0.40971032524065376,3.6012538106188936,True,0.3667984939174202,0.49617693350800884,3.9518213641150624,True,0.07083187915576494,0.1137437104789985,False,
NCPL,2471,0.0339943342776204,0.40078957188248804,0.5992104281175117,3.1934385223603874,True,0.42874572203050926,2.9363930578064057,True,0.39923057899037684,0.5346393699845582,2.8456863246667465,True,-0.0015589928921111995,0.02795615014802122,True,
NESTLE,1945,0.021079691516709513,0.19448451426039975,0.8055154857395993,3.366226549141703,True,0.19426076193460837,3.2147541623322304,True,0.19218993381435912,0.807810066185603,2.9656016745928295,True,-0.0022945804460406394,-0.0002237523257913876,True,
NETSOL,2471,0.08012950222581951,0.19149576139815586,0.7692207841663388,9.069362054065675,True,0.28465291367145296,4.4330651619696075,True,0.2189058899258247,0.7395864259930293,3.6341323890672363,True,0.02741012852766883,0.0931571522732971,False,
NEXT,2193,0.04970360237118103,0.10175993913699716,0.863033498542608,19.671995322857157,True,0.20713733292381437,5.896230870950877,True,0.13680493519426234,0.8130983494000616,5.92680721350173,True,0.03504499605726519,0.10537739378681721,False,
NICL,2059,0.03156872268091306,0.21627816678292258,0.6956260183356204,4.070762153698114,True,0.265608355558426,3.0762938905489063,True,0.3750198803933439,0.34749864696112104,3.0568295544211175,True,0.1587417136104213,0.04933018877550341,False,
NML,2472,0.015372168284789644,0.130944143620629,0.8353697161774294,4.77730593150774,True,0.1558320167069266,3.8841881915773206,True,0.12663924526036838,0.821020869771468,4.1546034765855735,True,-0.004304898360260628,0.024887873086297585,False,
NONS,1550,0.10774193548387097,0.2625733847118352,0.5456630036636938,13.136599506410526,True,0.614848882351469,3.768729451539239,True,0.5058720085925011,0.37472233086004125,2.8228069342254645,True,0.24329862388066592,0.35227549763963373,False,
NPL,2434,0.02218570254724733,0.2602020622082692,0.7052373578598723,3.691492683050361,True,0.3183062622951295,3.1414036679671087,True,0.2688023999078819,0.6337442095414416,3.369886857625149,True,0.008600337699612715,0.05810420008686029,False,
NRL,2472,0.05016181229773463,0.17294656528776553,0.8202447990696302,5.049729365966046,True,0.25446778499207545,3.681893762074683,True,0.1930506838004256,0.7741123495184636,3.294291502506297,True,0.020104118512660057,0.08152121970430992,False,
NRSL,2464,0.02150974025974026,0.16638565915727252,0.7923390554946502,4.385754857748406,True,0.21391773389621277,3.410288893535421,True,0.15875438215010093,0.7712720347801052,3.691761570906856,True,-0.0076312770071715885,0.04753207473894025,False,
NSRM,906,0.19757174392935983,0.6610396821132152,0.33896031773019686,4.3991634063144165,True,0.8673117705538056,3.8129274827158843,True,0.7133384190836858,0.2865183873290301,2.264942644327677,True,0.052298736970470605,0.20627208844059042,True,
OBOY,2116,0.0500945179584121,0.15474551374136528,0.8452539967066413,4.630457708421342,True,0.18047548188599338,3.955008421383762,True,0.17850624619612698,0.8016749873265263,3.6690508318989488,True,0.023760732454761707,0.025729968144628107,True,
OCTOPUS,1231,0.05117790414297319,0.3991244604042835,0.6008755395956602,3.2570878341625775,True,0.45991421508188224,2.91273302184705,True,0.42176470153633927,0.4265555704454207,2.6969062879796146,True,0.02264024113205576,0.06078975467759873,True,
OGDC,2474,0.00889248181083266,0.1630724975978809,0.8012694236452134,3.8745413606330352,True,0.18467046025201866,3.455334864791623,True,0.1484150327612498,0.7971260988586444,3.6439936906642547,True,-0.014657464836631107,0.02159796265413777,False,
OLPL,2420,0.012396694214876033,0.32951574662878347,0.6704842533712154,3.1215285535843122,True,0.32091734238010805,3.015421709605876,True,0.30812043417162016,0.6759550280697075,3.0321296841305028,True,-0.021395312457163307,-0.008598404248675418,True,
OML,1265,0.13201581027667983,0.1805096534809058,0.7299870228807488,199.99999897398257,True,0.4810288616645828,5.002736084639045,True,0.24145169702180622,0.7585483029781648,3.0276141957091474,True,0.06094204354090041,0.300519208183677,True,
OTSU,1766,0.06681766704416761,0.15016504340292436,0.7898976276753182,19.780585861669863,True,0.28554691347792044,5.680919840014016,True,0.24367641430903564,0.6897007819186263,5.4568661392476425,True,0.09351137090611128,0.13538187007499608,False,
PABC,1283,0.013250194855806703,0.17912677363490914,0.7579582299791101,3.1970398183235345,True,0.23110790104144882,2.788628541496414,True,0.14440327485585086,0.7083722462418832,3.194261333116427,True,-0.03472349877905828,0.05198112740653968,False,
PACE,2473,0.016174686615446826,0.17277562454459985,0.7887116466797979,3.8433097996134817,True,0.20956721072028758,3.3422141245042702,True,0.16328734964730252,0.7804691898923355,3.5641041007306447,True,-0.009488274897297339,0.03679158617568773,False,
PAEL,2471,0.042897612302711455,0.1795961185337775,0.7683806746606884,6.4809997230913865,True,0.26103830839249786,3.8698236227103298,True,0.19510398415139538,0.7336991249218785,4.050872004095563,True,0.015507865617617883,0.08144218985872037,False,
PAKD,2045,0.07579462102689487,0.26315985332775793,0.5521171144505592,9.719076232835926,True,0.5346248896085024,3.8909968027092496,True,0.3973092588691142,0.4219512840957199,3.5104520880364234,True,0.1341494055413563,0.2714650362807445,False,
PAKL,718,0.13649025069637882,0.35976459286183915,0.22263103090850658,8.729433957739854,True,0.6458890017481411,2.46729356076251,True,0.9971226008356234,0.0028773990901083046,2.2541580086537545,True,0.6373580079737843,0.286124408886302,True,
PAKOXY,1995,0.02155388471177945,0.31851692009398147,0.6814830799060021,3.3253915507754623,True,0.34081130673128945,3.1654927842830656,True,0.3779070197382337,0.6220929802613013,2.9948978186927917,True,0.05939009964425224,0.022294386637307984,True,
PAKRI,2392,0.020903010033444816,0.2412704883118553,0.7111025895960388,3.961390241207908,True,0.3100742755394295,3.295030516894607,True,0.23909868368836748,0.6633743677338741,3.504885530749144,True,-0.0021718046234878163,0.06880378722757421,False,
PAKT,1854,0.03290183387270766,0.15598382559058946,0.8440161744094083,4.6165829566947565,True,0.22708667128334625,3.9868248052218522,True,0.15605101243496625,0.8439489875646314,3.621328899427389,True,6.718684437678757e-05,0.0711028456927568,True,
PASL,2476,0.0008077544426494346,0.26454719615448874,0.6640822391588854,3.854691599847026,True,0.2698603147196067,3.82635581933254,True,0.27625672324592215,0.6405112685518999,3.8554640062687073,True,0.011709527091433414,0.005313118565117958,False,
PASM,660,0.02878787878787879,0.2747376009954654,0.16575878428508295,7.622985815172092,True,0.9998037948488107,2.305278762106399,True,0.5332232926885974,0.4437994378792902,3.5789996085566145,True,0.25848569169313196,0.7250661938533453,False,
PCAL,2277,0.03337725076855512,0.2172233626805356,0.6806953546225649,3.9943912832702004,True,0.3563293687714299,2.847743275737341,True,0.2179259431409015,0.6146122782796525,2.962578896121782,True,0.0007025804603658925,0.1391060060908943,False,
PECO,1416,0.12429378531073447,0.15992463974165025,0.7918249433341017,51.86806827661704,True,0.2801421200162089,7.594680519989466,True,0.30003630174196116,0.6734303167746442,3.865552906030176,True,0.14011166200031092,0.12021748027455867,False,
PGLC,1283,0.10989867498051442,0.2650122254851157,0.7349877745148761,6.808576232752414,True,0.3083467638534467,5.310442941777314,True,0.29396620532897294,0.7060337946710258,3.674488238679061,True,0.028953979843857225,0.04333453836833101,True,
PHDL,1453,0.13626978664831382,0.21942858642403615,0.7656268500143495,8.661625124326555,True,0.2989816542591507,5.27530220445569,True,0.33106535708445983,0.6137832503671017,3.6785685801884065,True,0.11163677066042368,0.07955306783511454,False,
PIAHCLA,2476,0.03836833602584814,0.3569476675540958,0.626173368894112,3.45029828886747,True,0.4409308878411582,3.14505869976242,True,0.42244336948935435,0.4924514883580905,2.874445934997804,True,0.06549570193525855,0.0839832202870624,False,
PIBTL,2475,0.01616161616161616,0.15502390849981246,0.8125320683793933,3.601813113314557,True,0.19489778518421463,3.065308823265303,True,0.14380968493534213,0.7578404072222434,3.451592485824883,True,-0.011214223564470327,0.039873876684402176,False,
PICT,2299,0.04784688995215311,0.3483965781679868,0.6516034218320089,3.4940402981460097,True,0.374573838399176,3.2876332149641607,True,0.4144980754208443,0.5855019245789893,2.867459156618095,True,0.06610149725285752,0.026177260231189214,True,
PIL,2431,0.006170300287947347,0.3200604938651483,0.6606043276651528,3.7975900425870424,True,0.3645349098989903,3.574846168479624,True,0.3600327779944247,0.5832244564654012,3.7943375075174135,True,0.03997228412927639,0.044474416033842,False,
PINL,1665,0.05285285285285285,0.16360705477364612,0.8363556258349865,4.615599865484082,True,0.3011998851104938,3.406899971322271,True,0.14186100717520966,0.8412802817146435,3.248217292817284,True,-0.021746047598436458,0.13759283033684766,True,
PIOC,2469,0.05953827460510328,0.16809682737146564,0.8074108495189241,5.661364571248205,True,0.27333917343621056,3.7328482533433585,True,0.2111154474775514,0.7272888501942794,3.489170370131645,True,0.04301862010608576,0.10524234606474492,False,
PKGI,2007,0.05082212257100149,0.1081075177614112,0.8918924822385841,7.2372287522440315,True,0.15663953185186114,4.76248231241623,True,0.12014384048429808,0.879856159515493,4.432431681267046,True,0.012036322722886877,0.04853201409044994,True,
PKGP,2378,0.03532380151387721,0.42978688167914303,0.5702131183208416,3.55363609590177,True,0.46259642163123527,3.2234601231117335,True,0.4642338367357628,0.4572360830845912,3.119229354534641,True,0.034446955056619766,0.03280953995209224,True,
PKGS,2454,0.01426242868785656,0.15903388495394788,0.8031125364253113,3.7865283331555695,True,0.20148980715503317,3.246020152286621,True,0.15626605658278064,0.788118823064891,3.356329681500948,True,-0.002767828371167236,0.042455922201085294,False,
PMPK,1177,0.0875106202209006,0.26256712231811935,0.73743287768188,5.423406767169398,True,0.2626255683583888,4.8868735217796555,True,0.26226767081034846,0.7377323291896511,3.8631691406842794,True,-0.000299451507770887,5.844604026944422e-05,True,
PMRS,773,0.12807244501940493,0.6702345883281715,0.3297654116717828,2.566714670998519,True,0.6702345883281715,2.566714670998519,True,0.7806381680484209,0.2144104657543045,2.367929583417278,True,0.11040357972024939,0.0,True,
PNSC,2455,0.04806517311608961,0.27521993071902057,0.6184208222786529,4.269205302716459,True,0.4605625020149893,2.9203599295767466,True,0.3139599796292764,0.449133940439001,2.87851792056792,True,0.03874004891025584,0.1853425712959687,False,
POL,2467,0.007296311309282529,0.3178489725819078,0.6370706362941543,3.1883695636500464,True,0.36235594342143623,2.9655138827528917,True,0.30089385938416124,0.6105746848333166,3.1299184483790614,True,-0.016955113197746563,0.044506970839528426,False,
POML,1719,0.07795229784758581,0.2629077815246583,0.7370922184753258,5.390909457613867,True,0.3270411841953056,4.086394639458176,True,0.25808902687913104,0.7419109731207514,2.927973476525584,True,-0.004818754645527279,0.06413340267064727,True,
POWER,2475,0.009696969696969697,0.15707915375356096,0.7950925569619997,3.9520598632164337,True,0.17624976780163487,3.587499723522364,True,0.15236615458203645,0.7861985925244842,3.684888526901929,True,-0.004712999171524512,0.01917061404807391,False,
PPL,2472,0.011731391585760517,0.15729013600749642,0.8176434202381316,4.726619155882592,True,0.1806762226752857,4.040529908655559,True,0.15175341286129967,0.8084852550599735,4.326440816167756,True,-0.0055367231461967426,0.023386086667789296,False,
PPP,1536,0.10611979166666667,0.32098023988566404,0.6790197601133823,5.182338129021726,True,0.45939395393441684,3.6901077111300813,True,0.44684049806327764,0.5143025619075066,2.8647043719176057,True,0.1258602581776136,0.1384137140487528,True,
PPVC,1667,0.0653869226154769,0.15084189133697296,0.8212144396418554,9.262361169269264,True,0.25552140630953635,4.27334010429572,True,0.20313285902410072,0.7351252715093037,4.358997550482012,True,0.052290967687127765,0.10467951497256339,False,
PREMA,2008,0.06673306772908366,0.16149151656165311,0.8194163595368853,5.256521951675761,True,0.22683321523567382,3.6773545890467907,True,0.1802868883041135,0.7637088320569059,3.09397833018326,True,0.018795371742460376,0.0653416986740207,False,
PRET,1560,0.07435897435897436,0.06283512462280529,0.9148846163968991,42.54985300046651,True,0.2667443398340168,3.674464507170452,True,0.13948266525210556,0.8355946723236988,3.130297354093835,True,0.07664754062930028,0.20390921521121153,False,
PRL,2473,0.05620703598867772,0.23352096021595492,0.7243128789334112,6.707734243776411,True,0.342218690710816,4.097225217596575,True,0.2701088337124116,0.666357549640784,3.8000662654033452,True,0.0365878734964567,0.10869773049486109,False,
PRWM,1250,0.0672,0.19367868975978278,0.6257244105674049,6.546164267522723,True,0.5229219466530228,2.7827267837296663,True,0.2798919959741372,0.5919462208396089,2.6030223058131603,True,0.08621330621435444,0.3292432568932401,False,
PSEL,1057,0.0510879848628193,0.22714319830669172,0.7728568016929735,4.238613111494783,True,0.25592112814912704,3.856254525585716,True,0.20051242865802688,0.799487571341952,3.4486199689571717,True,-0.026630769648664843,0.028777929842435324,True,
PSMC,1875,0.0864,0.2197377663424172,0.7776215023295542,6.317432723522122,True,0.23961944889992615,5.391802528341659,True,0.26577995496525014,0.7342200450347431,4.515422972474451,True,0.046042188622832936,0.01988168255750894,True,
PSO,2469,0.014985824220332119,0.18901145118301493,0.750204731110419,4.7622615736867555,True,0.22235151456966218,3.945544914673354,True,0.19644558971588746,0.7175956465847839,4.192485210426001,True,0.007434138532872531,0.033340063386647245,False,
PSX,2287,0.03541757761259292,0.2133394810289585,0.7071973916312297,4.183124148883316,True,0.3162038033482425,3.083900446491766,True,0.22253539582425724,0.6313187502383893,3.2527466558428237,True,0.009195914795298743,0.102864322319284,False,
PSYL,1858,0.0898815931108719,0.18485488188153648,0.5613912276245374,199.99999996597472,True,0.4610946206499291,4.613175941288732,True,0.3077839881145533,0.42081733896895124,5.195047340899428,True,0.12292910623301684,0.27623973876839264,True,
PTC,2476,0.012924071082390954,0.22677336454215044,0.7732266354578372,3.3602170109453935,True,0.23322304833493523,3.2444086601835727,True,0.21246676449841842,0.7661675989755903,3.1724923019596325,True,-0.01430660004373202,0.006449683792784794,True,
PTL,1379,0.01305293691080493,0.24776850874780243,0.6937974420151817,4.3466107834864856,True,0.29561857991432683,3.666751665813205,True,0.231213743858292,0.6971601120893887,3.8377020728298192,True,-0.016554764889510437,0.0478500711665244,False,
QTECH,2392,0.06145484949832776,0.1742114938688775,0.8028664319088841,5.492493281421015,True,0.22511247095197023,4.414864101061063,True,0.24474594658743412,0.7107713017309956,3.6060975024070996,True,0.07053445271855663,0.05090097708309274,False,
QUET,1409,0.13626685592618878,0.15457938004464047,0.8300782171715172,49.46387823205058,True,0.26572600793666634,6.747994247410251,True,0.2893262524959428,0.7087726338190299,3.497615896552455,True,0.13474687245130232,0.11114662789202587,False,
QUICE,2469,0.016200891049007696,0.26001422801416474,0.7019511368652382,3.789885046516255,True,0.3106724480898396,3.386331439986799,True,0.2694475909436631,0.6590943855451548,3.48928235510945,True,0.009433362929498368,0.05065822007567489,False,
RAVT,905,0.055248618784530384,0.20235174143909174,0.7976482585608926,5.114919713115777,True,0.20198255856005307,4.02258930628633,True,0.1996472479488039,0.773355122321714,3.9490816694918305,True,-0.0027044934902878404,-0.00036918287903867086,True,
RCML,844,0.10308056872037914,0.453140197372395,0.5468598026276044,3.385376610093162,True,0.5406559374090107,3.014040691414455,True,0.43356337248038646,0.5664366275195956,2.4883400586632964,True,-0.01957682489200857,0.08751574003661572,True,
REDCO,2014,0.03574975173783516,0.23438198926183346,0.7656180107346573,3.9540306018754943,True,0.33302769387361647,3.3338795456440113,True,0.302367284702608,0.609433318930676,3.4094676186985415,True,0.06798529544077453,0.09864570461178301,True,
REWM,1920,0.06666666666666667,0.30803239683937667,0.6472419271235397,4.439552869647755,True,0.4760798242937787,3.154272909911664,True,0.3796712073136408,0.5405949087357557,2.640321959123993,True,0.07163881047426413,0.16804742745440204,False,
RICL,1850,0.01783783783783784,0.09397395480941831,0.906026045190575,4.891027448308078,True,0.09899342276606415,4.111479459098227,True,0.0767208335030464,0.9168234323001974,4.280819861370325,True,-0.01725312130637191,0.0050194679566458456,True,
RMPL,1604,0.02119700748129676,0.16738305713051663,0.8326169428694796,4.36290772947601,True,0.16746928634790542,4.037322181318484,True,0.17221073941192028,0.8277892605880378,3.8880091151519496,True,0.00482768228140365,8.622921738879463e-05,True,
RPL,2364,0.046531302876480544,0.20594242801557064,0.6563283562472864,4.204147182116421,True,0.3787521066757681,2.768060703307387,True,0.1820050755479355,0.6157840716380596,2.9440669462447575,True,-0.023937352467635148,0.17280967866019745,False,
RUBY,1806,0.06090808416389812,0.2579141062382022,0.6908105234485951,5.7808429362768425,True,0.4304316243998987,3.639269370249873,True,0.4825502128494644,0.3136805968883469,3.2259115345141023,True,0.2246361066112622,0.17251751816169647,False,
RUPL,1777,0.11592571750140687,0.1974839825115406,0.68467572225862,49.804169450751495,True,0.5669075228465963,4.433011946829055,True,0.33345453198265895,0.5922149347304858,3.2595822949051483,True,0.13597054947111836,0.3694235403350557,False,
SAIF,2162,0.06059204440333025,0.11778971495085597,0.8528238974965648,24.992950736462532,True,0.21027839474072396,5.301296331175126,True,0.15927580158038557,0.7924103480430601,5.277972356479875,True,0.0414860866295296,0.092488679789868,False,
SANSM,1162,0.13855421686746988,0.13150945093153937,0.8684905490684605,7.03931127508073,True,0.17019765228224243,3.9096675980084648,True,0.29117412477036797,0.7088258752296075,2.4250570913862375,True,0.1596646738388286,0.038688201350703055,True,
SAPL,1366,0.09956076134699854,0.24184083380538018,0.6006142070028548,199.99999992630296,True,0.6484253942535979,5.024448688256317,True,0.5943346220912078,0.19558901412242996,3.9649383877469737,True,0.3524937882858276,0.4065845604482177,True,
SAPT,1538,0.08192457737321196,0.2331013469078222,0.7668986530921758,7.294868186897207,True,0.24652001211874464,5.3939715628750164,True,0.2615522085493508,0.738447791450644,3.4599818690256203,True,0.028450861641528602,0.013418665210922442,True,
SARC,1494,0.14390896921017404,0.19975155122212757,0.6350670989078846,199.99999996665915,True,0.49174025081992034,4.8667427499097755,True,0.38309470677243346,0.5506537105249231,3.0667847940611406,True,0.1833431555503059,0.2919886995977928,True,
SASML,1203,0.16957605985037408,0.1969980800182613,0.624469449654961,199.99999975358583,True,0.5942408500966339,4.454138575812266,True,0.6133262451187556,0.38667375488117156,2.6445316178014284,True,0.41632816510049425,0.39724277007837255,True,
SAZEW,2426,0.08244023083264633,0.24192456448980096,0.7449173959405733,5.837136645385277,True,0.4520354504878541,3.9242302069947934,True,0.2645223369749127,0.7086083358819508,3.1933174911541418,True,0.022597772485111717,0.21011088599805314,False,
SBL,1830,0.04426229508196721,0.16306904471778721,0.8369309533320881,5.635032297252023,True,0.17948845725608178,4.304401456925302,True,0.1618605306328646,0.8381394679320939,3.684056762938703,True,-0.0012085140849226184,0.01641941253829457,True,
SCBPL,2196,0.01639344262295082,0.26206737390972096,0.6752549386659874,4.341162225064816,True,0.3306484383872309,3.5532021315293556,True,0.2770624298062675,0.6449029465758562,3.796037807428514,True,0.014995055896546539,0.06858106447750995,False,
SCL,1538,0.1033810143042913,0.18750517224428212,0.8124948277556866,10.442155213841186,True,0.39016325718244366,4.903265529621301,True,0.23637050643967644,0.7636294935603007,3.5399172484724386,True,0.04886533419539432,0.20265808493816154,True,
SEARL,2468,0.03403565640194489,0.24281512117639234,0.7211112937886965,4.474369894468584,True,0.3071385371500682,3.5059594596392487,True,0.25162674930096907,0.6636279472779079,3.6902216954618687,True,0.008811628124576726,0.06432341597367588,False,
SEL,1159,0.07592752372735116,0.26167236079466905,0.7193096758235082,4.299058549496382,True,0.5200154571184731,3.0661509954603066,True,0.5412141073785804,0.2730604689304596,2.6046054069389197,True,0.2795417465839114,0.25834309632380403,False,
SEPL,2357,0.023759015697921087,0.29412849702392196,0.7058715029743797,3.061119754409387,True,0.3194788058418073,2.863871641997794,True,0.23119192642214842,0.690489723613115,2.819179663150661,True,-0.06293657060177354,0.02535030881788536,True,
SERF,1231,0.0966693744922827,0.3380529096651426,0.5127599306607387,7.082720017876467,True,0.5821109510705932,4.694467330606086,True,0.5871969721544734,0.2669109389490082,3.594494505616665,True,0.2491440624893308,0.24405804140545057,False,
SERT,1698,0.16313309776207302,0.2540764731134894,0.5275232709962385,199.99999997561324,True,0.660486233570229,6.045101959137875,True,0.6139737028234155,0.2117369968601005,3.3327160910581126,True,0.35989722970992605,0.40640976045673954,True,
SFAT,607,0.2586490939044481,0.24363203388261795,0.7526116090163265,199.99999999911086,True,0.17129980986195534,50.89655474529093,True,0.5431182807917935,0.34906580433816925,3.855969628401388,True,0.2994862469091755,-0.07233222402066261,True,
SFL,1478,0.09539918809201624,0.141179148768606,0.8588208512313816,9.736746087039437,True,0.141304969602635,6.790883466835284,True,0.1565868811828895,0.8434131188171097,3.848901186206349,True,0.015407732414283504,0.00012582083402901123,True,
SGF,1334,0.018740629685157422,0.24462765290026212,0.637704444504238,3.5887359205399063,True,0.32734854352699305,2.967795610822074,True,0.20748522629424465,0.5755339246847178,3.269209901467387,True,-0.037142426606017465,0.08272089062673094,False,
SGPL,1265,0.11462450592885376,0.5254505673618592,0.17498657862568423,3.3191163508287786,True,0.8617944577483629,3.3193820085736983,True,0.22484120680954195,0.7444061738725405,3.1708181124380026,True,-0.3006093605523173,0.3363438903865037,False,
SHCM,897,0.2084726867335563,0.20978719563450465,0.7136885309467756,199.99999829635442,True,0.41696820987486716,5.125929341635632,True,0.29116018630274226,0.6842497097316964,2.3386628073058766,True,0.08137299066823761,0.2071810142403625,True,
SHDT,1676,0.08472553699284009,0.10485385358830118,0.8673706952558331,17.80791382549888,True,0.2367923638116182,4.679151578326788,True,0.19519087396327828,0.7501070380033703,3.631067464951766,True,0.0903370203749771,0.131938510223317,False,
SHEL,2083,0.03840614498319731,0.27642507536580724,0.6293940779981184,4.67680217443602,True,0.4486110306698238,3.32303362766743,True,0.368855408630148,0.4708226498825473,3.3256392696497477,True,0.09243033326434075,0.17218595530401654,False,
SHEZ,1992,0.04066265060240964,0.21664973063535226,0.7833502693646419,5.3737250392049996,True,0.2241183962378696,4.354342363451438,True,0.19151235217411783,0.8084876478256775,3.6386712115879054,True,-0.025137378461234428,0.007468665602517355,True,
SHFA,2247,0.022251891410769914,0.26954344865646374,0.7026874431363294,3.2316144980618153,True,0.351011709686203,2.846272355131842,True,0.2544378144789702,0.6327253656304588,3.0225329521847506,True,-0.015105634177493554,0.08146826102973925,False,
SHJS,1600,0.114375,0.19910143041179557,0.7153873597856987,13.061385704171446,True,0.4608349037914296,3.9284339882087433,True,0.28377656652388894,0.7160732396724483,2.7114086181668777,True,0.08467513611209337,0.26173347337963404,True,
SHNI,2010,0.007462686567164179,0.22725701357787856,0.770617774735388,4.7537974131762395,True,0.23717095107140945,4.426153941533787,True,0.23255771381673718,0.7560495209515815,4.564626752320354,True,0.005300700238858619,0.009913937493530894,False,
SHSML,2072,0.06853281853281853,0.27472136519008195,0.6539108321013424,6.123206160611258,True,0.5816913724699546,3.512279971782174,True,0.4924979808717854,0.4350764015277848,2.8674512997395585,True,0.21777661568170348,0.30697000727987267,False,
SIBL,1442,0.08945908460471567,0.15882229244584078,0.8411777075541452,7.151034061320831,True,0.2107137313992557,4.307955524173578,True,0.1498176364103641,0.831968302349203,3.286336697906482,True,-0.009004656035476677,0.051891438953414915,True,
SIEM,2156,0.03153988868274583,0.29630128731587374,0.7036987126841215,3.2321539684764335,True,0.2938248149051509,3.041244452799823,True,0.559539935253028,0.34145068651914484,2.678720296285154,True,0.2632386479371543,-0.002476472410722852,True,
SILK,2100,0.0,0.35244551988153405,0.40504609899786637,3.7146770844102797,True,0.35244551988153405,3.7146770844102797,True,0.3524455160146439,0.4050461415963495,3.7146769119346565,True,-3.866890141424051e-09,0.0,False,
SITC,2118,0.026912181303116147,0.2062945866161075,0.7479394834105257,3.672834001498118,True,0.3439782702357266,2.8925442698920163,True,0.3416478574228522,0.37513359104485766,2.950777545600364,True,0.1353532708067447,0.13768368361961908,False,
SKRS,2426,0.09934047815333882,0.22531577489579796,0.7581741224155532,6.2423252077539555,True,0.5957639225940492,4.226537467246074,True,0.3446103471214984,0.621748968041723,3.044298807882277,True,0.11929457222570045,0.37044814769825124,False,
SLCL,695,0.04460431654676259,0.25605957169868865,0.7020776520152858,5.239463106466832,True,0.33625746160737097,3.8604695700893696,True,0.2915574715778615,0.6235475977659679,3.9246667623378197,True,0.035497899879172845,0.08019788990868232,False,
SLGL,601,0.03826955074875208,0.27738257881922646,0.6995470712232192,3.304492541032536,True,0.326036009494476,2.9316674341865037,True,0.2453446263514199,0.6224400438730843,2.757248067001999,True,-0.03203795246780655,0.04865343067524952,False,
SLL,1018,0.011787819253438114,0.12988212734955595,0.8701178726504433,5.380941097614679,True,0.2808870657833531,3.7333538966233224,True,0.2700270432285994,0.7152771977539815,3.716002264670524,True,0.14014491587904343,0.15100493843379714,True,
SLYT,1031,0.10863239573229874,0.20720315305875808,0.7927968469410349,4.982584160119528,True,0.3343940066466861,3.4627777267479756,True,0.2024736866243378,0.7609048480179095,2.4256952640160696,True,-0.004729466434420293,0.12719085358792803,True,
SMBL,1775,0.0016901408450704226,0.4082291820249006,0.3410136105624073,2.982615608663983,True,0.4219964680660909,2.9277824344705206,True,0.4108120580340443,0.2905747959756224,2.95849767615472,True,0.0025828760091436975,0.013767286041190319,False,
SMCPL,2153,0.04366000928936368,0.20136641831098534,0.774586569119581,4.427724233169021,True,0.27939173415614826,3.3446258059182306,True,0.20082062194587266,0.7277778788746602,3.3072921036171308,True,-0.0005457963651126774,0.07802531584516292,False,
SML,1747,0.12364052661705781,0.12235667370411978,0.8358926273670675,199.99999998800337,True,0.29687336081265364,6.426930982430979,True,0.1922642566461802,0.7744693935365965,3.9635904752966904,True,0.06990758294206041,0.17451668710853385,True,
SMTM,1143,0.033245844269466314,0.23607182815038122,0.760870579474881,5.426675360948879,True,0.29574720152048983,4.21842301039113,True,0.2652157944896755,0.6937069836004496,4.38725382471491,True,0.029143966339294308,0.059675373370108614,False,
SNAI,1421,0.07600281491907107,0.2429000045157016,0.5399794226936763,10.069146985077028,True,0.6069968957124596,3.247022824714737,True,0.44432096283633854,0.26115899892703054,2.989125173641219,True,0.20142095832063694,0.36409689119675803,False,
SNBL,2349,0.006811409110259685,0.4501353970553572,0.5498646029445513,2.9868877054803384,True,0.45700971037889043,2.910127550528272,True,0.445576946304715,0.4965043779169977,3.04721894522865,True,-0.004558450750642207,0.006874313323533221,True,
SNGP,2469,0.034831915755366545,0.1761607097417134,0.7625755171715067,5.958887457715899,True,0.25542274285874955,3.9217300549389558,True,0.20723071254294848,0.7076439959730296,4.1170682003608565,True,0.031070002801235064,0.07926203311703614,False,
SPCL,937,0.0,0.2909547014513453,0.7090452985486206,3.265595481926606,True,0.2909547010496129,3.2655954301133914,True,0.29095470163472814,0.7090452983652176,3.2655955055787684,True,1.8338286444929963e-10,-4.0173236959262226e-10,True,
SPEL,2374,0.04380791912384162,0.13949662844477362,0.8209502744261012,6.349051310979512,True,0.23087570330109833,3.7758841335988436,True,0.1678076054506789,0.7643438455813939,3.8125351011348103,True,0.02831097700590529,0.09137907485632471,False,
SPL,2448,0.08741830065359477,0.23262720576985133,0.7048204986035197,8.916637456239645,True,0.401517712772303,4.336104292124619,True,0.37129384415564753,0.5280674178338278,3.3566916811509566,True,0.1386666383857962,0.1688905070024517,False,
SPLC,937,0.0,0.2909547014513453,0.7090452985486206,3.265595481926606,True,0.2909547010496129,3.2655954301133914,True,0.29095470163472814,0.7090452983652176,3.2655955055787684,True,1.8338286444929963e-10,-4.0173236959262226e-10,True,
SPWL,2427,0.010300782859497322,0.5321268110524268,0.4678731889474204,2.6214284477595573,True,0.5506682179898512,2.5817342687218745,True,0.7432111784691894,0.2428336142119112,2.546166562020405,True,0.21108436741676262,0.018541406937424454,True,
SRVI,2397,0.0296203587818106,0.25276236421266546,0.6414169630332628,4.6227034294331135,True,0.3905972884542952,3.232855762140909,True,0.29081753056586346,0.5393015363809848,3.496253552949089,True,0.038055166353198,0.13783492424162974,False,
SSGC,2475,0.048484848484848485,0.22401726312859666,0.7331223311666928,5.1341666153570165,True,0.3131585662292472,3.686277906098893,True,0.2251999026161231,0.7111358362956579,3.430054280198031,True,0.001182639487526449,0.08914130310065055,False,
SSML,1985,0.04231738035264484,0.2051851190092999,0.750128242126587,5.812506244624666,True,0.3344522029303809,3.7810434867553826,True,0.3138347081556628,0.5922623888060465,3.5844537321267818,True,0.10864958914636288,0.12926708392108102,False,
SSOM,1796,0.15089086859688197,0.18915111103113974,0.7083185974173082,199.99999996716244,True,0.4929369027258613,5.462674006250097,True,0.39261364748361927,0.528748314380316,3.619139135832048,True,0.20346253645247953,0.3037857916947216,True,
STCL,2472,0.0372168284789644,0.12848585341284322,0.7943330147725153,5.367502793725814,True,0.2055287626048487,3.2976885345142133,True,0.13989891266879945,0.7431611654794621,3.4694171324357352,True,0.011413059255956232,0.07704290919200549,False,
STJT,1510,0.10132450331125828,0.16567160841565315,0.8343283915841879,6.9924076270077045,True,0.17799220369206037,5.1694404282256246,True,0.0934352389190527,0.9064710398861926,2.366542332279901,True,-0.07223636949660045,0.01232059527640722,True,
STL,749,0.16688918558077437,0.33406069946888056,0.6646892325786291,7.7674887268846,True,0.5022827498607546,5.8173760602945945,True,0.6112347341515214,0.3708106475147513,2.826148048924968,True,0.27717403468264085,0.16822205039187405,False,
STML,1086,0.13075506445672191,0.27449495053508166,0.7255050494649172,5.155191989227151,True,0.3475166757710067,3.880649710011177,True,0.0815720146258298,0.918425242664705,2.050000000000488,True,-0.19292293590925186,0.07302172523592504,True,
STPL,2475,0.05818181818181818,0.21223924935633076,0.6671413439007086,5.492845169809445,True,0.3968336263478097,3.3845292875223913,True,0.25595172846017733,0.6335088068779214,3.2963009572326802,True,0.04371247910384657,0.18459437699147896,False,
STYLERS,631,0.014263074484944533,0.6849877485338671,0.3150122514660366,2.8974708530366673,True,0.7056350372673298,2.8656751201216357,True,0.7066057824440019,0.2933942175554248,2.748228224002463,True,0.021618033910134726,0.020647288733462665,True,
SURC,1351,0.05921539600296077,0.4568302685064094,0.5431697314935787,2.694481704093176,True,0.4694642662329396,2.557249534740313,True,0.32544370284791346,0.6204940653980362,2.1961128067106097,True,-0.13138656565849594,0.012633997726530177,True,
SUTM,1426,0.07363253856942496,0.1923361455833049,0.8076638544166923,4.096102088043613,True,0.29112645947355853,3.316292808130157,True,0.261681374552089,0.7274031232253139,2.4923098310788045,True,0.06934522896878412,0.09879031389025364,True,
SYM,758,0.026385224274406333,0.5076571879308273,0.4923428120691715,3.1078945001877845,True,0.5231216950153275,2.9903261313091813,True,0.5197581749655054,0.41640139940170884,2.9601117371472787,True,0.012100987034678101,0.0154645070845002,True,
SYS,2456,0.021986970684039087,0.16234472017234736,0.8134934847480302,3.821488593673175,True,0.1921637669045509,3.2260568950277504,True,0.1407776718577109,0.8037011850242696,3.3808816017036003,True,-0.02156704831463646,0.029819046732203536,False,
SZTM,574,0.10452961672473868,0.4474804558158796,0.0007562718806345963,2.294282103203499,True,0.9996890142578412,2.130632645764771,True,0.7261825159033879,0.2586070860092234,2.185748327255957,True,0.2787020600875083,0.5522085584419616,False,
TATM,1777,0.0911648846370287,0.14664358209528164,0.7157405578326229,41.25895726326898,True,0.5154494168534413,3.55495144783582,True,0.2951220495005926,0.4695987217510801,3.893542955388951,True,0.14847846740531098,0.36880583475815965,False,
TBL,685,0.06861313868613139,0.2974017394255566,0.7025982605744217,3.2794979483275855,True,0.3934551046561623,3.1625012368059853,True,0.5989176250789686,0.34576722500846135,2.4729253900780686,True,0.30151588565341203,0.0960533652306057,True,
TCORP,2177,0.08176389526871843,0.28492005041053625,0.4638387029722032,8.778015703558152,True,0.6634557736905891,3.545341066367958,True,0.5110147478590337,0.3055999371601388,3.1333718630138034,True,0.22609469744849742,0.3785357232800528,False,
TELE,2474,0.018997574777687955,0.1819333726702972,0.799195612653868,4.312334189881866,True,0.21329703181761453,3.771543964174462,True,0.18280249025870332,0.7790363224810888,3.8326455209886934,True,0.000869117588406132,0.03136365914731734,False,
TGL,2466,0.031630170316301706,0.28115585929570647,0.5303592750546104,3.912366815503684,True,0.4755015738247473,2.829126346426033,True,0.282677898587141,0.42866241471563254,3.10278997491279,True,0.0015220392914345182,0.19434571452904081,False,
THALL,2433,0.013974517057131115,0.18355661594623962,0.8070835050710772,3.530123826001862,True,0.21049791000516477,3.183846916105995,True,0.15084611294676578,0.8088356864293198,3.459073057747535,True,-0.03271050299947384,0.026941294058925147,False,
THCCL,2458,0.045565500406834825,0.23298743839098343,0.75340255265591,3.9835907407095745,True,0.2954627068216074,3.2326703140075317,True,0.21854185472970378,0.706558921029903,3.0714829797822745,True,-0.014445583661279654,0.06247526843062398,False,
TICL,1457,0.07412491420727522,0.2528838226153769,0.7471161773846218,3.980569691310202,True,0.3442599518034184,3.3493077107320595,True,0.19162565794923686,0.8083743420507579,2.7304005309921973,True,-0.061258164666140036,0.0913761291880415,True,
TOMCL,1521,0.026298487836949377,0.2998343259817464,0.6373324248101297,3.260328478331722,True,0.3999901410438782,2.8098268522173213,True,0.2646774001478911,0.591875096234213,2.8975268471231304,True,-0.035156925833855324,0.10015581506213178,False,
TOWL,1952,0.09631147540983606,0.25689968529317586,0.7431003147066397,6.9882348509155054,True,0.33382060421025916,4.964598291855378,True,0.32428874001733665,0.6757112599782027,3.4201184719402637,True,0.06738905472416079,0.0769209189170833,True,
TPL,2476,0.027463651050080775,0.25695030795869545,0.7430496920410701,3.626264063405622,True,0.2914038898844358,3.3399122847013745,True,0.2499834599802087,0.7008099787557377,3.2267243042387257,True,-0.006966847978486734,0.03445358192574033,True,
TPLI,1577,0.0653138871274572,0.22909749022238207,0.7518358514929094,11.233586833376819,True,0.28260793253419825,6.724929458421964,True,0.2707263554220988,0.7292736445777471,4.684168757770493,True,0.0416288651997167,0.053510442311816175,True,
TPLL,797,0.12547051442910917,0.333281862618946,0.6667181373810493,3.8251296300795494,True,0.3328971719597502,3.436494011336202,True,0.2561439000140042,0.7438560999859681,2.2485206708508603,True,-0.07713796260494177,-0.0003846906591957744,True,
TPLRF1,577,0.0017331022530329288,0.27432471141140896,0.5817244944738751,2.895851192912237,True,0.2869618785922773,2.8285320661255597,True,0.2600007861744007,0.5843886603725964,2.9194338441752294,True,-0.014323925237008261,0.012637167180868325,False,
TPLT,1472,0.025815217391304348,0.14660222629686,0.8523893171188481,3.660823462483995,True,0.17628400292551571,3.2316122865196135,True,0.30295741856553815,0.5836098082237074,2.9579913076923545,True,0.15635519226867814,0.029681776628655704,False,
TREET,2472,0.050970873786407765,0.13684074958354853,0.8380675540838114,6.149778064592635,True,0.19780091270647807,3.7226757986945094,True,0.15424884219802124,0.7808978792184129,3.4020088494535257,True,0.01740809261447271,0.06096016312292954,False,
TRG,2473,0.06793368378487667,0.21844834709533112,0.7063051462996984,8.506321142727657,True,0.3558813197604619,3.956014448427049,True,0.2584812159123989,0.6581994126924848,3.8918025318807006,True,0.0400328688170678,0.13743297266513077,False,
TRIBL,692,0.01300578034682081,0.3230076123979818,0.6358995473965879,2.778113418546986,True,0.37637165524243177,2.6417556997412137,True,0.3004547580849506,0.4878406162782783,2.810654616189206,True,-0.022552854313031223,0.053364042844449955,False,
TRIPF,2328,0.03264604810996564,0.20951369169383843,0.7428155454370702,3.8523986918443063,True,0.2946913705141398,3.0349385485776095,True,0.20470050200130263,0.7003605600116918,3.0735807836273263,True,-0.004813189692535802,0.08517767882030136,False,
TRPOL,1123,0.12733748886910062,0.19345622778180377,0.7485152824252199,8.756867097700141,True,0.44957091544160804,4.275219632948696,True,0.27442369858776583,0.6511875438977854,3.29169080266495,True,0.08096747080596206,0.2561146876598043,False,
TSBL,1272,0.17452830188679244,0.18049239280272478,0.7823813221967197,9.445832005799165,True,0.4886889117940849,3.6051881617278783,True,0.2854388024355246,0.6540029094954138,2.545469433214835,True,0.10494640963279983,0.30819651899136014,False,
TSPL,2401,0.03581840899625156,0.27966460514048225,0.5792002417965239,3.787720907398475,True,0.48672864868196725,2.8125666200565953,True,0.3059704895193621,0.4587552859714435,3.014809315842994,True,0.026305884378879874,0.207064043541485,False,
UBDL,1994,0.13590772316950853,0.14433757863508268,0.8121730510504154,199.9999997662772,True,0.3864504451362888,5.694522515720897,True,0.3508494894314158,0.5903852066815285,3.6425272101327444,True,0.20651191079633313,0.24211286650120611,True,
UBL,2469,0.008910490076954233,0.19953027444497917,0.7623338130740542,3.5213455229160835,True,0.23046706484947668,3.182823841576483,True,0.18614435938825266,0.7392590069645111,3.479836444980884,True,-0.01338591505672651,0.03093679040449751,False,
UDLI,545,0.05504587155963303,0.41596726275105517,0.5302471104947579,3.109640348356775,True,0.529211827230288,2.677443217191233,True,0.35580718415879553,0.4542072516502751,2.4375498205780755,True,-0.060160078592259636,0.11324456447923287,False,
UDPL,1581,0.11701454775458571,0.24557083822764636,0.7532062946381587,9.780539677573138,True,0.40905711231056585,4.749780020081815,True,0.3497700948240451,0.6330168194660557,3.3706238286959858,True,0.10419925659639873,0.1634862740829195,False,
UNIC,2294,0.007846556233653008,0.18394258184736562,0.81605741815237,4.070865651623722,True,0.1959070456448685,3.827164219560257,True,0.19012222604165027,0.790445196026498,4.133672810726229,True,0.006179644194284656,0.011964463797502878,True,
UNITY,2217,0.06585475868290483,0.23320719887994512,0.7410261030047915,5.52497789400862,True,0.33672415521318316,3.997842829832933,True,0.2736167858079793,0.6857348650351911,3.447157290860985,True,0.0404095869280342,0.10351695633323804,False,
UPFL,1401,0.030692362598144184,0.2732558343339936,0.7267441656660061,3.7254150336199565,True,0.25559217494108166,3.444928124272784,True,0.24760164979185334,0.7523983502080951,3.171311964255576,True,-0.025654184542140246,-0.017663659392911923,True,
UVIC,1390,0.10071942446043165,0.10237533916620825,0.8922780031294073,20.123070439582,True,0.18063102264123565,5.25420849238432,True,0.1684378882159271,0.8002479974725829,3.9755059734377287,True,0.06606254904971884,0.0782556834750274,False,
WAFI,2471,0.0339943342776204,0.2940525284579624,0.5856967123070893,4.493589899447018,True,0.47593982618324343,3.2288499147675678,True,0.3694071095383603,0.44667814717438514,3.3330349041349385,True,0.07535458108039789,0.181887297725281,False,
WAHN,1895,0.07282321899736148,0.2405345778719457,0.7408796149805678,6.7478888625631015,True,0.3758906667123817,4.520762729315079,True,0.3547350220713624,0.6176292280941429,3.344542666305607,True,0.11420044419941672,0.13535608884043598,False,
WAVES,2471,0.046944556859571024,0.19488780217721885,0.671945050179265,6.403192453453592,True,0.3430582612398514,3.625398685713991,True,0.2500108431887318,0.5867566009002931,3.783872086888506,True,0.05512304101151294,0.14817045906263254,False,
WAVESAPP,2168,0.03044280442804428,0.19470284869540483,0.8052971513045944,4.52889828499467,True,0.2181929831878623,3.988336317176703,True,0.2174299255139887,0.7825700744857511,3.836225849244933,True,0.02272707681858388,0.02349013449245746,True,
WHALE,1490,0.028859060402684565,0.21752373413191944,0.7824762658680631,4.6190162682297835,True,0.2557455439565457,4.0099271456861985,True,0.24268083541927227,0.7449334118372011,3.975455586576019,True,0.025157101287352823,0.03822180982462625,True,
WTL,2476,0.0,0.25507372836293096,0.6869888631300617,3.1207971740030667,True,0.25507372836293096,3.1207971740030667,True,0.25507377951818055,0.6869888009164307,3.120797203956555,True,5.115524959187212e-08,0.0,False,
WYETH,1262,0.10618066561014262,0.14834787795378193,0.8516521220462159,6.9350298758430675,True,0.31941878354027764,6.6227505475356505,True,0.2561978384491316,0.7438021615508627,5.267659789387832,True,0.10784996049534964,0.1710709055864957,True,
YOUW,2476,0.010904684975767368,0.19160246045461016,0.793047270441841,3.4514144108548974,True,0.21550449096642513,3.2053790080051163,True,0.18340952115001952,0.7553243858807895,3.4301481894473773,True,-0.00819293930459064,0.02390203051181497,False,
ZAHID,1549,0.09038089089735313,0.20540337796057762,0.7317516222120868,17.624060002044516,True,0.3998975788935024,4.447597912462033,True,0.33037073480840595,0.6084361729260416,3.3030737934209764,True,0.12496735684782834,0.1944942009329248,False,
ZIL,1835,0.09318801089918256,0.16446375197480462,0.7435224427963636,9.225051576413456,True,0.4792078671937288,3.0533243316687257,True,0.22445681449185434,0.6781686758982644,2.3811742354985626,True,0.05999306251704972,0.3147441152189242,False,
ZTL,1713,0.06363105662580268,0.17785557835912003,0.7446381409724057,8.045675188587355,True,0.3731629245568095,3.255697852924756,True,0.19604622165451513,0.6985137053093998,3.3122471742292854,True,0.018190643295395104,0.19530734619768947,False,
